sample_id,canny_f1,canny_f1_strict
00000,0.4278566338289847,0.09476770826808902
00001,0.42262845812556454,0.10683433423347172
00002,0.43099492907351306,0.10688423749279718
00003,0.6372189952575544,0.1664644927019163
00004,0.4896297812289983,0.1112290564140304
00005,0.4326561940562534,0.11449543882837486
00006,0.7556644100547485,0.22668554000041596
00007,0.33424251943705063,0.08199049344989175
00008,0.6298174572405871,0.1504106714036227
00009,0.30169183410082023,0.06482481460391017
00010,0.5527026238723824,0.1619871766130117
00011,0.4361315388931969,0.09692129362961936
00012,0.1854609471700325,0.04433214935247232
00013,0.17570704650658905,0.03723097193075393
00014,0.24588219260871477,0.06010401826327263
00015,0.5903058984373166,0.1482241449324871
00016,0.6914183511962884,0.1915488753102239
00017,0.31362908953167745,0.0696229017071663
00018,0.42185555110479567,0.10992265602977917
00019,0.5685107466390334,0.14897608707266996
00020,0.5520517647353156,0.13395597064709808
00021,0.7294933120623538,0.19251388038821368
00022,0.6761702251671332,0.19467171849723947
00023,0.6464099195792222,0.17922245523471528
00024,0.41179133754447655,0.09850953336208028
00025,0.761823621569458,0.24150561872244505
00026,0.5317531801334592,0.1274463630811489
00027,0.3191049971897581,0.07522770437941026
00028,0.15672399295244024,0.03613245651127863
00029,0.6188964427732644,0.16560896927389074
00030,0.3098905562819545,0.0741178920269554
00031,0.6582954774469832,0.18946281341527418
00032,0.18397544595354684,0.04449936088623775
00033,0.5394430384078976,0.1467472828545623
00034,0.6084043639481058,0.15926450875543777
00035,0.5496712340008709,0.12481590785364316
00036,0.7069831419599936,0.19737729608490603
00037,0.5983825642092518,0.13858384875040722
00038,0.5233659769095618,0.1319612910834877
00039,0.5170110087501233,0.14092563964408547
00040,0.6751668683207261,0.19149177330895795
00041,0.6026171504416048,0.16651395233039046
00042,0.42691428740269854,0.09915437506376697
00043,0.4400396108413123,0.10747127218948332
00044,0.6459017631755983,0.166334775937301
00045,0.32131550303083606,0.06807154106591762
00046,0.6967592177869546,0.1996897102892167
00047,0.2635042974373782,0.06275519991230714
00048,0.5140056191655105,0.11968084472748151
00049,0.5558996007639867,0.15099806079273145
00050,0.7373082995789205,0.2095116705170079
00051,0.5871191773919516,0.14100434124999578
00052,0.5648964036093991,0.14375479652854636
00053,0.25716496779444864,0.05448502918739963
00054,0.44614259803031325,0.10315232049356934
00055,0.7681137434643556,0.2274234924509538
00056,0.4301540993915651,0.10780082458838841
00057,0.34904164952911626,0.0830097491875677
00058,0.7741924903304432,0.21902537797282154
00059,0.3708022415779631,0.08846606134212404
00060,0.5495581625220604,0.14423744404243577
00061,0.7196725610673372,0.22377513555571765
00062,0.6328496181880159,0.16229586002785965
00063,0.18434322990860683,0.03987696112292057
00064,0.5623329858755866,0.15599069406746802
00065,0.5502490328668254,0.1433599398549121
00066,0.5001780729280829,0.11148590209306349
00067,0.5889073730562946,0.15907351373777692
00068,0.7469000921747078,0.2441645648926087
00069,0.8638825420052657,0.2464443282077008
00070,0.7134742074100976,0.22199833873690417
00071,0.6570451382675502,0.17501184980464976
00072,0.7624735246558003,0.20772180273714017
00073,0.5120784614968086,0.1372242998910451
00074,0.35201078431550764,0.08268246883093498
00075,0.3662099426554047,0.07703442041291954
00076,0.44646851974962765,0.10333155733851505
00077,0.47180346450022215,0.10947374155589452
00078,0.7230291757272116,0.1917911662168196
00079,0.5097406113120772,0.1308330590538223
00080,0.5725439768378708,0.15176238832584654
00081,0.7468127925976372,0.214489700612915
00082,0.5493090547538854,0.13100098558505527
00083,0.6484448634809865,0.16812832791615476
00084,0.4523397421037061,0.1106853913759655
00085,0.7511968452052195,0.2226847173165501
00086,0.776074918097769,0.19466528672907749
00087,0.6917376319742432,0.1953364345134598
00088,0.7714336295814803,0.21425605252499705
00089,0.45821992057433225,0.11661058750990927
00090,0.8454551323428078,0.26118505685055
00091,0.42209086146595653,0.09080336236295818
00092,0.42984762880018706,0.10248663722983965
00093,0.702985837234973,0.1941354810483051
00094,0.5342118709595594,0.13634672417467697
00095,0.7703371287118989,0.20794131351409664
00096,0.5077686081778418,0.13291834677419354
00097,0.47624894388059896,0.11277756162345795
00098,0.4150598492245058,0.10155660437691058
00099,0.24076780430253752,0.05504080611487827
00100,0.48635333751311793,0.11581018365982923
00101,0.303443927648038,0.06170388165646351
00102,0.6730955972641492,0.1805890030198282
00103,0.8569130708840338,0.26825110910672234
00104,0.4705638031305366,0.10750365199419083
00105,0.8140821065790037,0.25143831826422575
00106,0.49047385890641676,0.12746104698079755
00107,0.24867116067286188,0.053366504391371465
00108,0.8221068315471021,0.2687328364064339
00109,0.24730917692995122,0.058727979782656155
00110,0.5012652735793576,0.12432178174498994
00111,0.26144717370169784,0.05692625405651859
00112,0.5603474560928793,0.1375588099517734
00113,0.6499951346228496,0.17783810498051258
00114,0.6331918732255067,0.15850945553165074
00115,0.4455833619949602,0.12081965607823603
00116,0.6461948374271971,0.18566935817641647
00117,0.596005626813476,0.15524451427136324
00118,0.5270002251433692,0.1376040505443714
00119,0.12754080376322074,0.029013680213651145
00120,0.7130868291590438,0.21375758145433285
00121,0.5632745387245882,0.140459271838875
00122,0.7870944589482728,0.2288763058200164
00123,0.4349129361061257,0.1113870496059311
00124,0.49296639683429433,0.13192105881431593
00125,0.5579615384595915,0.13181627062496018
00126,0.4960623368204964,0.1274016192048979
00127,0.3721634096202923,0.08931615972033181
00128,0.7273788260974324,0.21303477703831789
00129,0.5927834752406685,0.16629126297298172
00130,0.2977923976895718,0.06969135335501929
00131,0.6153569494394275,0.17346272828167
00132,0.6074955258361036,0.16274955085616766
00133,0.5426444831440006,0.1262046486775314
00134,0.7012519024158669,0.1914119510846289
00135,0.7455013164369279,0.21013270161762376
00136,0.7927071222500415,0.22619015902764827
00137,0.5207055782442499,0.12685037130048363
00138,0.3299496166094038,0.08136399496037773
00139,0.3819277849115677,0.0928057639517321
00140,0.5445363835984133,0.1318888205118226
00141,0.7304871717327661,0.19489524835657196
00142,0.3705741220622833,0.08322701901316963
00143,0.5884603018359417,0.14490749687284388
00144,0.3329374171406782,0.08123717337556356
00145,0.4060872746776594,0.10309213545300822
00146,0.4256500102781658,0.09674300023376
00147,0.3106206936105191,0.061162814504248285
00148,0.2401381470529987,0.05599265029271773
00149,0.6814869597136636,0.20120511417628933
00150,0.6122583186145044,0.1622097429973871
00151,0.7546400990017081,0.2184681951195079
00152,0.7188597053968226,0.19925773247624337
00153,0.32561778137133207,0.07221492882911752
00154,0.44164727243074725,0.10132975710795022
00155,0.5130873493376068,0.1237085830896332
00156,0.7568412547251424,0.21383085326216758
00157,0.35378363816731895,0.08636210825146613
00158,0.5798294872063126,0.14868013497315966
00159,0.3089551817848681,0.07391226309649102
00160,0.5230239782065887,0.14330663758647771
00161,0.5140925529976648,0.13355969872823806
00162,0.5917077921506305,0.14972462969369246
00163,0.7104443037248996,0.20284349017793443
00164,0.34022413139758884,0.08512613984934166
00165,0.6830426048968038,0.20420397479866675
00166,0.5680808807890234,0.15678410132283505
00167,0.6969376169176893,0.18511801302379627
00168,0.4782833373167599,0.12367912835442309
00169,0.3800470344798734,0.09756757780989968
00170,0.7304717586452387,0.2123078408962864
00171,0.7118328509993502,0.20894405422453147
00172,0.5320728463129131,0.1301461822342882
00173,0.5228432988490056,0.12394972104590979
00174,0.355599368692984,0.08817993228233406
00175,0.5829178861113113,0.16317313611656328
00176,0.7246956400811728,0.2073876297035404
00177,0.7107832691916358,0.19606075873960527
00178,0.34065645138230133,0.07617889495193603
00179,0.798525459999981,0.2524660741942621
00180,0.5439267002503556,0.13918681706323544
00181,0.6220274577943978,0.1511579618010428
00182,0.6523648234854571,0.18353406940274053
00183,0.8796542790191111,0.2702883339086468
00184,0.6334175670473163,0.1621759678190139
00185,0.6882949581343483,0.18992811340382257
00186,0.40679384691141285,0.09827404181513112
00187,0.29168452761195035,0.06158675837538147
00188,0.34226694575995187,0.07925822870129534
00189,0.5069869198612802,0.12922943048523317
00190,0.7107488534414291,0.21184367584554997
00191,0.47349443748033054,0.11973788751030683
00192,0.5964080373255961,0.15375850994666265
00193,0.7703479495334803,0.2284977466043336
00194,0.2712115250316483,0.05088687040479219
00195,0.689911644849653,0.19283540451432918
00196,0.45994212846841676,0.10520217100267133
00197,0.36064656939530454,0.0890667755768838
00198,0.7514219887184755,0.2192990788520871
00199,0.8065224798811644,0.23254780369516745
00200,0.424614034094092,0.09395497390356002
00201,0.6707471155566679,0.17400493761761293
00202,0.15598341032471252,0.034833351233308274
00203,0.4370219951753437,0.0974210436641316
00204,0.6063279949201682,0.17180365296803654
00205,0.5833060401811095,0.18096452585207512
00206,0.5262093780474499,0.1291764934830253
00207,0.5180374617463814,0.13474179645151907
00208,0.7292701936868687,0.19672925878576764
00209,0.621767621041226,0.16450440628690832
00210,0.6071787954552882,0.16656511073419922
00211,0.6557465965386282,0.17988977342314758
00212,0.3411098265756407,0.08357972907928213
00213,0.7511554636086651,0.1977948225656369
00214,0.44281914753573803,0.11442702596237316
00215,0.7667079441480409,0.2208592446360278
00216,0.35797087049721876,0.08843825515059416
00217,0.623989351395277,0.15678407386853385
00218,0.4994375089946192,0.12528583911208613
00219,0.41694166735500104,0.10547255919179312
00220,0.24931004234231816,0.05869071157193897
00221,0.3968293781262427,0.10168817394378646
00222,0.6145081190190279,0.16992875482192893
00223,0.446715033782978,0.10890857003403392
00224,0.6736255265632141,0.1845471098628097
00225,0.7109250561711814,0.19958101295739228
00226,0.5910783312339275,0.1674482590883871
00227,0.4722761807633281,0.11619060347537268
00228,0.6513019073461883,0.17525466787324306
00229,0.5251567163521303,0.12496782896141849
00230,0.8655287738367327,0.26151605597432837
00231,0.5859052833567151,0.1465802951354078
00232,0.5828642894325019,0.1470174933059897
00233,0.6454016895540944,0.16417181275468856
00234,0.4020184047633503,0.09072113597042436
00235,0.7210118547472826,0.19566862930544726
00236,0.7351744928307461,0.20353392956028563
00237,0.45562073729740926,0.11084407641538517
00238,0.74984391479855,0.21300364352756151
00239,0.47027876129499147,0.12037402446783664
00240,0.5235245266720187,0.13994821806949614
00241,0.6250911277234534,0.16852807808758763
00242,0.7790377592563525,0.24202633867309356
00243,0.5583582702955863,0.1444384474808018
00244,0.5459727439473205,0.14039317612482113
00245,0.6174270072713086,0.1578195306708564
00246,0.5731442012250981,0.16234206975508034
00247,0.6598462954497261,0.17925887265135698
00248,0.4822045114667735,0.12629172271923844
00249,0.7499138602824853,0.21720982501204045
00250,0.43981754218234403,0.10826940158966247
00251,0.5134317539237341,0.10812477453450046
00252,0.683323198606304,0.18564947067719711
00253,0.3553245616730199,0.0900558119566384
00254,0.6583782493229587,0.17898594281974456
00255,0.8902345794831378,0.2694909099252271
00256,0.7646950562771667,0.2249180575729922
00257,0.6178959418280291,0.16363539469977845
00258,0.636893529560642,0.1738670453287313
00259,0.7363908862836382,0.22088011303642568
00260,0.5978217875723041,0.145250984342769
00261,0.43961896414062857,0.10318410709899288
00262,0.5980714428208781,0.16329630521259644
00263,0.3992670536871958,0.10122092583726029
00264,0.5039522986863159,0.12992388403611826
00265,0.7481140047075413,0.22653664494987777
00266,0.7620144709502744,0.2101467672844541
00267,0.881638295531112,0.2892399411589614
00268,0.7340925529401219,0.20965567205328933
00269,0.337406068371856,0.06883066093077826
00270,0.2397318193098418,0.05994900132323961
00271,0.5698924900938839,0.14877840857562621
00272,0.41998008658265057,0.10600053576212162
00273,0.6593644789813595,0.1899591506586581
00274,0.5745292993601463,0.15842582296738336
00275,0.9053840625856159,0.2910924674941932
00276,0.8945058221840205,0.2697383343145402
00277,0.4716471248326351,0.11162160062708765
00278,0.49688920638383505,0.12403531792807419
00279,0.6836709497651356,0.18267622040215803
00280,0.6449689602131655,0.16943314873852078
00281,0.43943747313579334,0.11304165245006692
00282,0.3930788419533112,0.09553857584864649
00283,0.6547680469314392,0.1859821859060573
00284,0.5247642519920959,0.1416986917534677
00285,0.6866475300925009,0.18649211979376165
00286,0.35053273775238436,0.08004803544032094
00287,0.9506785866537729,0.3387863465750241
00288,0.7177704879395593,0.20243261771302787
00289,0.9362340971613474,0.3015686763334588
00290,0.8238992371572161,0.238011832964485
00291,0.20136085944293206,0.047384999315245674
00292,0.4125527163487236,0.09558843470209247
00293,0.7293114579376782,0.2143398815542395
00294,0.20228091236494597,0.04979825219489446
00295,0.34434451011432854,0.0789760828665303
00296,0.762728652456472,0.2170644245697013
00297,0.6360117572778001,0.16861297413064308
00298,0.2655514270361467,0.061745571558484966
00299,0.19354938384207102,0.03812280080784526
00300,0.7254547244177534,0.20258835449821846
00301,0.47375912298728734,0.11598819853814898
00302,0.5400987084483766,0.14685852891409265
00303,0.5650750366039042,0.14512946763745568
00304,0.6040559097303817,0.17095337175462083
00305,0.6087804374410136,0.17713431414843134
00306,0.7685829774579827,0.2333369977627173
00307,0.39010251239683136,0.09491883067124607
00308,0.36385526051501665,0.09373015178503377
00309,0.32625599882557266,0.07543078805947395
00310,0.6272733629009299,0.17443010845191853
00311,0.6993663367494691,0.18721970939233218
00312,0.1774259366355336,0.03459345407048303
00313,0.5190396345309712,0.13886142979610086
00314,0.6508819897303453,0.17200739646205349
00315,0.5447799283154575,0.12963702999492904
00316,0.7679068327123321,0.2225913671251386
00317,0.24687562375734545,0.0548983702618568
00318,0.6268951755886488,0.1827768847414067
00319,0.7958007580711215,0.24033342626884413
00320,0.5265771053881106,0.12719909485498015
00321,0.5658231040978846,0.14180449069340972
00322,0.3730443224415391,0.09121930501768943
00323,0.5728088050040174,0.14209666832103232
00324,0.240281833329896,0.05597675497598515
00325,0.3085064772469169,0.08131124747657054
00326,0.3643076859868339,0.08645253865430007
00327,0.4325880317637519,0.1004487115807324
00328,0.7282102042199791,0.1874403267236803
00329,0.7261246887476354,0.2170457729437836
00330,0.5878222538568476,0.14985918173734344
00331,0.40126774259249376,0.09057441394618591
00332,0.4799247511628053,0.10711200284917363
00333,0.40579348609992844,0.10051232458050656
00334,0.3285483841385135,0.0798767116985877
00335,0.46603413467728444,0.12168070185733987
00336,0.30149111727002376,0.07177241059786582
00337,0.5149734296450251,0.14522851155032387
00338,0.7644736383168932,0.23169661106680695
00339,0.7427594666956072,0.20371392916054273
00340,0.5136651461803775,0.14051017858835083
00341,0.4155260905447999,0.09919482433516115
00342,0.5239076882393184,0.1423512880562061
00343,0.6658232728925022,0.1693030390183108
00344,0.6484293086706364,0.16631575908424462
00345,0.4982764457487604,0.11113986476744658
00346,0.6345361501887377,0.18889982724211768
00347,0.6201655270997865,0.17714860007636346
00348,0.6676517236725086,0.17801615461488388
00349,0.41767162243969624,0.10607943373967754
00350,0.4203405504810013,0.09122029896039985
00351,0.24790020135234703,0.05290185565574627
00352,0.13717264342778687,0.02665807554814847
00353,0.44367567707647004,0.10224455373110064
00354,0.9601004924155744,0.31567817014446226
00355,0.2831450015337851,0.06404357863795782
00356,0.7798392372459738,0.224013468283855
00357,0.2158409062236072,0.04679662019111561
00358,0.2111482561332877,0.039756122305383834
00359,0.5238750963201383,0.13363066272471857
00360,0.7083219741705731,0.20042929764059403
00361,0.7002331619061066,0.1967725470179434
00362,0.6835763579641636,0.19108963407307988
00363,0.90084312074588,0.2908868958478559
00364,0.8452512567633292,0.25075621614893867
00365,0.6939097129916506,0.18966935613749236
00366,0.5713032509992254,0.15140227227633088
00367,0.6450629365825586,0.1663707019604579
00368,0.5658733914596956,0.1424101467414335
00369,0.399133649372223,0.08668865033655745
00370,0.3082297584496891,0.06593339095412128
00371,0.42498271239077606,0.10820219110422195
00372,0.6892562233416663,0.19319644725996313
00373,0.8621230198961608,0.2680880437283609
00374,0.6367766497295694,0.17005303207272401
00375,0.5195605070074857,0.14745338441890166
00376,0.7003547957697825,0.20841554653112748
00377,0.46091738734767285,0.11639607235959709
00378,0.6245159809877715,0.170591395521139
00379,0.6679201032061771,0.16899193229007548
00380,0.6499599902790204,0.1919027415675886
00381,0.5343486608740928,0.14107282552443765
00382,0.6824497926923823,0.1980082506520975
00383,0.625560089600186,0.15522830506769275
00384,0.6067464347157222,0.16724740928455525
00385,0.7061798765114732,0.1988889762477328
00386,0.7901143667050777,0.2289980922307743
00387,0.687867125073513,0.18591185290404041
00388,0.6287545573212288,0.166279103097881
00389,0.12029904562865704,0.025259484698581386
00390,0.6042075657730119,0.1743284535048114
00391,0.4786976836362345,0.10526572479798985
00392,0.5495274053892534,0.14344314080010212
00393,0.7187127784249476,0.21207422729075634
00394,0.5706146455928275,0.14223656225879416
00395,0.6817693781185817,0.1853102870229209
00396,0.509772168268692,0.1347605217069695
00397,0.5890845960890918,0.1576028924149042
00398,0.2860871600662671,0.06756831233535046
00399,0.7075807653586469,0.2094599532731212
00400,0.8711475065885927,0.27060230633040633
00401,0.29670314418116206,0.06398130120528668
00402,0.5169171068048088,0.12096877832926375
00403,0.6352733484008759,0.1727979456873505
00404,0.5117550623441945,0.13159869120313444
00405,0.4841567971977749,0.1158885980053922
00406,0.3779519462826264,0.092629520333863
00407,0.23238464047774574,0.05400905417312308
00408,0.7380289999784075,0.20561290621420492
00409,0.6529289757878242,0.17682207603343297
00410,0.7486250209139087,0.22175521859791658
00411,0.21377915934181804,0.047430151831574195
00412,0.46123442577993257,0.11040475570964105
00413,0.5325673500531595,0.14096232652500384
00414,0.6965082869163436,0.18132074379932314
00415,0.7209669647648673,0.19517238872153944
00416,0.21840744792552852,0.04729933210397561
00417,0.4345413577097594,0.09692105924803447
00418,0.7229154536542723,0.21869596856894527
00419,0.570317574622697,0.14498638513352125
00420,0.36481216226878704,0.09066491178500792
00421,0.7186293771947738,0.20664731448706994
00422,0.7191599994585057,0.20033302569962252
00423,0.6086969541464569,0.16109052728522652
00424,0.7961483447804132,0.2267643867848952
00425,0.6398180500477962,0.17006080822896166
00426,0.3897673622093716,0.08816128774758704
00427,0.3844771669597972,0.0827299527051388
00428,0.5497037172296662,0.15301579881216731
00429,0.2426181421067665,0.05070857303213133
00430,0.5143346497445653,0.1320125375035618
00431,0.727985790063272,0.20096477328017234
00432,0.40146977381992993,0.10087546500006221
00433,0.7862836809653292,0.21518178624422074
00434,0.7631493381775927,0.23461352907942318
00435,0.4554544793582686,0.12058438426021639
00436,0.6912618095708488,0.18250334487783215
00437,0.7807267565328598,0.21242683603767576
00438,0.465933875473195,0.10137227768442555
00439,0.05682435714320065,0.012161458589152923
00440,0.5298429761650566,0.12325200473167121
00441,0.6605778687912218,0.17944473602756134
00442,0.5616006262081499,0.13916228450059626
00443,0.09933021610008846,0.019941945323646623
00444,0.5345170129637474,0.13087396055802752
00445,0.6904865299364491,0.18831836953304487
00446,0.820486486250963,0.24895851592552767
00447,0.5683642967665654,0.143471713338056
00448,0.5657078470760407,0.14193936016639663
00449,0.4774035878620449,0.1285622238119156
00450,0.721042778891417,0.19806262486183673
00451,0.5884351363525696,0.15285630883164453
00452,0.5604712010788411,0.14649083510658156
00453,0.6181739583332413,0.15414078976563428
00454,0.6016492650125816,0.1495869808225542
00455,0.6365599846673137,0.16442496943787027
00456,0.2930832495121473,0.06658512730861042
00457,0.6251417926443561,0.17738328501239842
00458,0.5741582298494496,0.15604052938619753
00459,0.5650022568969848,0.1568850521525643
00460,0.05696224141985791,0.011835793432058688
00461,0.2760500354417553,0.0634180603276448
00462,0.6472432870153824,0.17689205669124816
00463,0.3494135968419794,0.07117785034381095
00464,0.46703108820579714,0.11617112618209896
00465,0.6363360601255046,0.17579977222788204
00466,0.45247989793206317,0.10857740852763634
00467,0.3733502101574614,0.07506317318608521
00468,0.4719403702745737,0.12229774905281926
00469,0.8248508967085011,0.2522629000548846
00470,0.671406952452361,0.18073669806048145
00471,0.6377633366115216,0.1664929845464407
00472,0.5002812834836632,0.1259206416842616
00473,0.7338894935023742,0.22308989935366477
00474,0.07448318826862829,0.01512769774194145
00475,0.5310252120329805,0.14271364657625468
00476,0.7411863943888325,0.21509135719790326
00477,0.34669223696907026,0.08915480842343837
00478,0.6955029913792269,0.18503551849958577
00479,0.5420891184645139,0.14580551551179058
00480,0.24933592489359496,0.06029860385278847
00481,0.5049661749343171,0.13511565183887045
00482,0.6727161735792653,0.1793752528586334
00483,0.8113708528841369,0.24184912456963623
00484,0.6028287570568206,0.15607764155911347
00485,0.8980990304217402,0.27326708938937155
00486,0.250343229858471,0.05861488900860884
00487,0.3358949867800957,0.07156762201877381
00488,0.6416920097336467,0.18742538954511184
00489,0.2868744719394844,0.06590936331790231
00490,0.1577316479412082,0.0326018458443667
00491,0.9144349422782416,0.2972819893140726
00492,0.6081938903419177,0.16059738602718662
00493,0.7908668974695092,0.24070153077268172
00494,0.8638553388961822,0.25956212412495605
00495,0.43277275856316955,0.1010712476066203
00496,0.622439488040335,0.17670242847256912
00497,0.7768060784127518,0.22255694846638702
00498,0.5895694783654108,0.15099314860986124
00499,0.1458784499838732,0.03812661802777124
00500,0.4701338860255169,0.12040767624193714
00501,0.6595694412978149,0.18891538301132396
00502,0.536450289048236,0.13652757112880812
00503,0.3893161277969346,0.0974757201702501
00504,0.7281077069355231,0.20499463711119056
00505,0.9442997479615426,0.3551588828191121
00506,0.6817515379675574,0.18430537098888167
00507,0.3883452230975161,0.08278585308977847
00508,0.9076630321543633,0.2955498739843686
00509,0.7176280015726716,0.21471216691804926
00510,0.4969959429227274,0.1276169342814697
00511,0.668471273554325,0.1762295006133857
00512,0.4425844835094129,0.10474608183983078
00513,0.24741449749037003,0.06187265146445668
00514,0.21316263749922318,0.04631820948001893
00515,0.606250185777859,0.16523012386718905
00516,0.48703169096743965,0.1168645452185994
00517,0.5639239861922235,0.14939782823297137
00518,0.500989585352641,0.11682719485444272
00519,0.7165157185483362,0.20317942168213804
00520,0.5985508889962365,0.15444698986510008
00521,0.7762549403234089,0.21926698163309788
00522,0.7520918051602776,0.22215879559498372
00523,0.7202712035394594,0.2048286625354117
00524,0.46300220712949075,0.1252394135801561
00525,0.5242286042052107,0.15034513721308715
00526,0.24080230526697127,0.05025451556700449
00527,0.19674451267563664,0.03924389968543783
00528,0.5053107730647907,0.12806326002045662
00529,0.18606512012523616,0.03546881729311332
00530,0.42951818505653466,0.0937936227377294
00531,0.5833649238881723,0.15374995845008485
00532,0.19057571948402888,0.044220680382077555
00533,0.13689092553244608,0.032101842443298376
00534,0.7321100809984947,0.19931138405071178
00535,0.4708517382816078,0.12397141037435426
00536,0.5124033539601259,0.13492065820393292
00537,0.6762495913338531,0.19056583626970242
00538,0.6762624789527962,0.18512500392107656
00539,0.6495537566261465,0.1594441805135015
00540,0.4085674593083536,0.10313171361271699
00541,0.5625303915285775,0.14760854139734417
00542,0.3455757892769301,0.0832242692707809
00543,0.6632657928715165,0.22371610407288445
00544,0.5982132018354532,0.15693290838991547
00545,0.525982739217426,0.12387574062584364
00546,0.8174992424962244,0.2274984382971523
00547,0.46984515569495566,0.13753028858852306
00548,0.7751007881651872,0.21988257151014362
00549,0.5688687407793983,0.15258454324584395
00550,0.15930800838221898,0.035731717710133025
00551,0.5293710097551021,0.1292596262146732
00552,0.634484842807633,0.16255545274839192
00553,0.26540622387475077,0.06599209239413173
00554,0.7601042589590549,0.22190397072539256
00555,0.7014557794643542,0.1842393317034974
00556,0.7073066160740286,0.21455382286612187
00557,0.529163421779567,0.14018169699953764
00558,0.44683881541915094,0.11156410575208348
00559,0.8763549464798445,0.2865437446979639
00560,0.4171902484923073,0.0994683385507224
00561,0.745562203785451,0.21275200064300595
00562,0.20309953016656282,0.048600725666508915
00563,0.6423556499570114,0.1724884863600006
00564,0.6334833745727125,0.1611295275457798
00565,0.4372754092870597,0.09925326258626814
00566,0.41822081667981365,0.09861306229434005
00567,0.4102648819333734,0.10672986257204507
00568,0.25727589714657517,0.051477106986587355
00569,0.2524443022280831,0.05172736459931879
00570,0.7537786213954957,0.21945093163527613
00571,0.3069880287954432,0.06965615816901784
00572,0.7547423617675937,0.22994448677479046
00573,0.37661275319268983,0.08727299859477788
00574,0.6290500433357209,0.16173599965297358
00575,0.5624743255323879,0.15772700376825735
00576,0.45125873216145546,0.1167006642606831
00577,0.41076759549567926,0.09669413072438927
00578,0.6037787551185565,0.15567532334284903
00579,0.7184475196514714,0.1938123162593912
00580,0.16841029909759928,0.033182807838077574
00581,0.7812074307848772,0.21467598602460441
00582,0.6066492005395834,0.1620698569609115
00583,0.6141285050071581,0.1820652412136514
00584,0.6814804980788809,0.18485791425845424
00585,0.701966729832518,0.20209713239743707
00586,0.3101433104943149,0.075750057131664
00587,0.6728634959890192,0.19297465378151873
00588,0.6307047316181362,0.16442428069465193
00589,0.6143841919214392,0.16269579411662557
00590,0.4121716459487638,0.10160174648261056
00591,0.7329799864118639,0.20855078651189152
00592,0.22523094994427276,0.05088350152727835
00593,0.6549583202401786,0.18393845531887065
00594,0.6980666992261819,0.19930884621284686
00595,0.4881181754799541,0.12431094315835092
00596,0.9218067810098074,0.29389477423964183
00597,0.7580559915370537,0.23271149475949787
00598,0.9018280697770423,0.2703299996520265
00599,0.6598460152576927,0.18669192658093506
00600,0.49370097509521355,0.12590587255310287
00601,0.7023280962769061,0.18954737021349055
00602,0.8671624423556685,0.26037750214413513
00603,0.6928389849928096,0.19264614095888835
00604,0.7745651833452155,0.22625832645723248
00605,0.5858042042687425,0.15838428226319629
00606,0.5705529620311194,0.14458306468272103
00607,0.48796154891863697,0.12877689994234334
00608,0.6715599176421634,0.17111894469464903
00609,0.3819933697289516,0.08959268752606772
00610,0.5563311938347434,0.14154754562606517
00611,0.6778843343819336,0.17368121323701496
00612,0.45751427060948463,0.11731617944029549
00613,0.2780649040344862,0.0587870529777009
00614,0.6206897451101313,0.14518109146428007
00615,0.8123567846827875,0.23994765029016205
00616,0.6267158071302774,0.18026440232166407
00617,0.33786312786841344,0.07267557817744402
00618,0.6752297502049438,0.16235748388948315
00619,0.7393598796318133,0.20900547328109967
00620,0.6176594626022521,0.16982049166895807
00621,0.6711839470494284,0.18599262047159304
00622,0.7630267603052013,0.22672925946468292
00623,0.42942547373836526,0.09255221268475637
00624,0.6672245430929657,0.18056890848952592
00625,0.6336646703504591,0.17933009898910182
00626,0.5672351590678698,0.1467780894498987
00627,0.5474053876036604,0.13853374072569574
00628,0.5908867741953956,0.15292553405285303
00629,0.7286341380525997,0.19602864386828045
00630,0.7526844582296895,0.22069161762935452
00631,0.7679362439200064,0.23765131805940057
00632,0.6561771229050174,0.17730167785191092
00633,0.7118525816679898,0.19008261567490722
00634,0.7193263348769628,0.2088148428031467
00635,0.5445109019039711,0.12905808537665037
00636,0.6623311858900054,0.19038642789820923
00637,0.6398463806198257,0.17385473459923545
00638,0.06415647733658002,0.012994659587435052
00639,0.4772344662686161,0.11179048909424633
00640,0.8636508152410742,0.2651470213573939
00641,0.058828507522356424,0.009884109890584199
00642,0.6047037500069407,0.15407080180730576
00643,0.503222130487962,0.12530768397327022
00644,0.31659034529219304,0.07791650927504569
00645,0.23700117417120264,0.05584524704897552
00646,0.575412185961576,0.16711997307450902
00647,0.46044747769179034,0.10728506374303999
00648,0.45631834076437383,0.11544728919822134
00649,0.6341702863127203,0.16300958095749493
00650,0.4400211317033155,0.1129047377992763
00651,0.6156570207955755,0.17396684240099478
00652,0.3077648126524521,0.06949309649812996
00653,0.6100154485338919,0.16897718589673616
00654,0.4275825001362878,0.0983056306630841
00655,0.4845464157830813,0.1364866289489405
00656,0.9963664321921001,0.3061558644149875
00657,0.3963129055278645,0.0946486794210499
00658,0.718391083396493,0.22849745535770943
00659,0.26714209172576664,0.05856557861587902
00660,0.703476490047052,0.18756419832526577
00661,0.44914217910627163,0.10982477402734198
00662,0.5973169405552763,0.15606517405558576
00663,0.3654570168575793,0.09976972995603936
00664,0.8370857325520975,0.25961898588639437
00665,0.7889880738044853,0.21678253206697345
00666,0.4952423903227391,0.12963286637436797
00667,0.7466415777368893,0.21909434893269925
00668,0.8006922364635176,0.23833769598186577
00669,0.4725672905978866,0.10951667543073465
00670,0.8033678700953124,0.23376347397965458
00671,0.8290140362532049,0.25327861049396705
00672,0.7095326367557376,0.18705145908640047
00673,0.6623865314860651,0.1710209813891642
00674,0.5823255777317468,0.1642236222984289
00675,0.6173215807386888,0.16788061156575457
00676,0.37667832852759264,0.0948634762388783
00677,0.7120115268822484,0.21244188136925554
00678,0.6536059679827727,0.19141199419796928
00679,0.8646334805540055,0.27210738255033556
00680,0.35277081084176276,0.08831862017383815
00681,0.751746215825338,0.20860272380565523
00682,0.7328040084896436,0.22888810327488043
00683,0.5619181054412886,0.1329038260414142
00684,0.5282367792853012,0.1300049374293995
00685,0.4957262365447474,0.11711397211438723
00686,0.8194319511306146,0.2492149844946195
00687,0.6290185610117747,0.16189855155850771
00688,0.17305102050713694,0.028429355724901132
00689,0.6836657569048212,0.18664849588220955
00690,0.8041224571560701,0.25498607688406894
00691,0.556031729140979,0.1474701973352501
00692,0.20468746129391213,0.04756676127535271
00693,0.594691320526796,0.17330272693403198
00694,0.7996069594195009,0.21987077230466798
00695,0.45407280438159797,0.11626658205294053
00696,0.41513206044728895,0.0944867597376225
00697,0.3970093857637324,0.09348705613462725
00698,0.4545086027290056,0.10320750214334326
00699,0.3577949008825997,0.08050870622966952
00700,0.5275235085122797,0.1331825881563548
00701,0.7209035061588257,0.2059752704462534
00702,0.35935406086863564,0.08461754860489185
00703,0.2909847712012865,0.05821500969063402
00704,0.7465359629385648,0.2324651797991388
00705,0.3550391146529329,0.08364566219070796
00706,0.1597965440570027,0.034657523841453354
00707,0.61265965023623,0.1651385840060836
00708,0.34538092880413623,0.07615058267547392
00709,0.3122294917983871,0.07600683897358286
00710,0.7614576031604686,0.22069722969033034
00711,0.813633838350645,0.23547217194130832
00712,0.8632376055246742,0.2461162770020326
00713,0.32411590399242196,0.07372626305198236
00714,0.48335107837148306,0.12025096659180885
00715,0.8003138884928552,0.15487124310520278
00716,0.660582767305491,0.1599349527390995
00717,0.40975838601066567,0.09858412875048315
00718,0.1109815705246822,0.01863655506325804
00719,0.11090431246714251,0.023009162270627728
00720,0.3530547650830083,0.0882976811073162
00721,0.5516326433616026,0.14452061732926552
00722,0.7260453968294727,0.19759582562272113
00723,0.7999765576927147,0.25644427494856936
00724,0.04418798982930916,0.00770309320657285
00725,0.24466359209842684,0.05677347126610008
00726,0.6228726325728573,0.17939369199701888
00727,0.629835066932203,0.17936686094470514
00728,0.09916779088712194,0.02009581612929913
00729,0.6796216413003757,0.19563176284073944
00730,0.4107826314211864,0.09340044418414506
00731,0.5514724309070562,0.13429083915585804
00732,0.6520753610168212,0.18120138448553696
00733,0.5496355319782497,0.1452251073118437
00734,0.279561657999568,0.05712341706594395
00735,0.4751219800005435,0.12687996535700605
00736,0.7784142739870337,0.2335956483467829
00737,0.25898318936361125,0.05849268144624285
00738,0.3120796200357454,0.06823362150014906
00739,0.7328519604436323,0.20154764040257317
00740,0.5629680970795896,0.13814240255065563
00741,0.7043842298782518,0.2078952665562145
00742,0.6197826584465745,0.17113522955114827
00743,0.37692153646898957,0.08841049322829757
00744,0.8211054057552005,0.26381924497887693
00745,0.5673884372828983,0.14486138193396048
00746,0.6859802765499187,0.17890610356722697
00747,0.5954351201999734,0.16439281203496442
00748,0.8310313298911649,0.2589554818490617
00749,0.5697093732300479,0.14412363688030597
00750,0.7959779789583975,0.22899825389639786
00751,0.35941785539858867,0.07474088484889142
00752,0.2745614357502993,0.06486318560485288
00753,0.6881483443748457,0.19446614941794876
00754,0.6965350314293046,0.19454990036352593
00755,0.7093911498782622,0.2041000435512972
00756,0.5126132190451729,0.14125232193578188
00757,0.3275604882991479,0.07421591341332688
00758,0.685680956227422,0.20731062791918084
00759,0.5381249249199467,0.14055481143546145
00760,0.46760075325957795,0.10293964167681335
00761,0.7932240156590863,0.23709791534636368
00762,0.5207257495402032,0.13336574318641
00763,0.5381982666398701,0.14838937184735446
00764,0.596057400665343,0.1541613075395263
00765,0.7525190958023265,0.2199103202028654
00766,0.6382254451050663,0.17059359876557642
00767,0.6852712794458582,0.20411197137766335
00768,0.4028318136243032,0.09479578834417544
00769,0.8370343423214406,0.2547887188372317
00770,0.3847082357582753,0.09014173093279396
00771,0.5947785231513614,0.16212479449747008
00772,0.7999998734216768,0.2272556259126764
00773,0.08661569600182582,0.013222621889042033
00774,0.17220661176190477,0.039099456568619
00775,0.39063385141316237,0.0875735503618258
00776,0.8267562662121595,0.23803241010310677
00777,0.33707306643089113,0.0837187972275783
00778,0.13093851728676584,0.030750181897090924
00779,0.5010336757174486,0.11587583206175193
00780,0.8448150561737401,0.27953616241364726
00781,0.5429924845541986,0.1501661460342746
00782,0.72034152266911,0.19401868045002743
00783,0.33386779413928225,0.08019348898569446
00784,0.5767340158312058,0.15461229415781366
00785,0.19458856788506468,0.03906358556109349
00786,0.511097691304905,0.13724298542875063
00787,0.7146454919511263,0.195598147787974
00788,0.45672158630887305,0.12258324267370242
00789,0.4253449141963428,0.11111011678374871
00790,0.855043456868852,0.2628514043820922
00791,0.5256560298177708,0.128703841683307
00792,0.6963121332722527,0.1979615476051978
00793,0.6228023915065884,0.16700006320583408
00794,0.5085261721805711,0.13285732206170942
00795,0.46002442606303273,0.1133855433322505
00796,0.7285201145000688,0.21252310496682256
00797,0.4287678418344579,0.11546372955139857
00798,0.36393235959778497,0.08471867508578412
00799,0.3530401657334881,0.08240418834000546
00800,0.4760996330765728,0.12992975308419413
00801,0.6904453671863419,0.1899093856908144
00802,0.6001030058571667,0.15987581590380215
00803,0.608164910395446,0.14786378474117248
00804,0.8588617477656255,0.2685487036501247
00805,0.4946037881340457,0.12383509981831954
00806,0.44892090779202054,0.10694269208244594
00807,0.5060274566263657,0.13987641622055874
00808,0.5040591663520838,0.12144443960447794
00809,0.5601199407789265,0.1469342083024938
00810,0.7032837518677613,0.191399302597294
00811,0.4081480879313539,0.0929524976389208
00812,0.4045924777476993,0.11051631146605052
00813,0.6621596311407532,0.1733958651701182
00814,0.3994502492915369,0.10008403716414477
00815,0.48560288052282147,0.1276376158507301
00816,0.6408777925452187,0.18107107018895385
00817,0.55607583040864,0.1444019870913177
00818,0.5859814691153903,0.1585097793796671
00819,0.4854527396975135,0.11263020833333333
00820,0.561289382068027,0.12799063537025074
00821,0.2864990444033434,0.06067669172932331
00822,0.5738052035862855,0.13423444962126294
00823,0.7206330371744466,0.20726692469340016
00824,0.6205713044364297,0.17143799693591133
00825,0.3292857870914397,0.08702971917600019
00826,0.41352984726350345,0.10794009607233682
00827,0.4513089941103879,0.12243044761920777
00828,0.7012279142601209,0.18996937300042127
00829,0.5534672087398633,0.14287048986003165
00830,0.7680132127364331,0.2206789574618842
00831,0.16376484664423963,0.0348308934881373
00832,0.6523847625938786,0.18964242524974065
00833,0.39202510646382216,0.08163339938790949
00834,0.3101982401949123,0.0725090991810737
00835,0.27152131040394994,0.05640796958345051
00836,0.43959629332660083,0.11467718414045622
00837,0.5117230116754315,0.12312122318840127
00838,0.8779122345282022,0.27707363425204373
00839,0.5074415406532965,0.12147386786355151
00840,0.42119979110926126,0.09903621412684849
00841,0.6445184685236651,0.1705204256193314
00842,0.5749831488012257,0.1455182789694911
00843,0.7058195880604797,0.19532287671437312
00844,0.6730692436192621,0.18377180162390439
00845,0.6568067119125661,0.16776703944095026
00846,0.22672572167989868,0.04855922066603691
00847,0.37434821395693885,0.08076311084807615
00848,0.5411892323616415,0.14265692672138264
00849,0.8371518940292941,0.23733586871763598
00850,0.8230680332535776,0.24851443927179137
00851,0.6451378407132263,0.17832427151691227
00852,0.3543843349601459,0.07672196129902852
00853,0.09541599505897594,0.020822368935276614
00854,0.6652844284872359,0.16539414583424364
00855,0.434760758618197,0.11120426372836696
00856,0.3283377016053747,0.0712759028449655
00857,0.3899237556298476,0.08831271274361019
00858,0.7737399151243098,0.2264161204246186
00859,0.7277039689553243,0.19689369848818958
00860,0.39008174895938,0.09348305318269495
00861,0.7585861944266018,0.22887639000486068
00862,0.3128809880442503,0.0648255417975446
00863,0.5233070446305178,0.12088589820026853
00864,0.3249579684017422,0.08350883172848673
00865,0.6182138423023451,0.17248564943566067
00866,0.730716333446532,0.19616345142279737
00867,0.5239537581809268,0.13175634254593946
00868,0.3602296065738114,0.0848321019084346
00869,0.556315649532691,0.13953137399042886
00870,0.5053667982397895,0.14020400372377118
00871,0.4365395990231067,0.1020566297232504
00872,0.28173560322549296,0.06129615834840907
00873,0.6484655812241739,0.1706492900121157
00874,0.6681385447677884,0.19896632111502405
00875,0.29833208337421574,0.06945072697899839
00876,0.6526971894877234,0.1703949831523774
00877,0.47306231051321646,0.11741326884861254
00878,0.7083059882559315,0.20418886525618335
00879,0.5117539435280571,0.11742913990752607
00880,0.5645440216145231,0.1396656468119593
00881,0.2211184790604734,0.05294761069206754
00882,0.5793958902763566,0.15876658494071352
00883,0.8189903420665785,0.2672094225696483
00884,0.6574129072609489,0.177305937639351
00885,0.7885610769483897,0.24297135185838575
00886,0.5214936691140731,0.1310761333338862
00887,0.7730886393983069,0.22149178912358689
00888,0.8692524063131233,0.25611356205461366
00889,0.3248886689224051,0.0729819818286584
00890,0.6220591083140496,0.16290220715330408
00891,0.6269053396745787,0.17750494107520062
00892,0.7463576217351434,0.2314285250056868
00893,0.8725511638437246,0.2601184210840844
00894,0.8019638387500755,0.23155664599834974
00895,0.5137284490934008,0.13908330672374064
00896,0.6949909166930319,0.1992069842925347
00897,0.4985599794652893,0.12247550024876779
00898,0.6397205431853378,0.1725453704101733
00899,0.5568520799158863,0.13991679589034545
00900,0.6948204125570377,0.1832233808322705
00901,0.781505751705546,0.23573442607899373
00902,0.49621609646684783,0.11278018221316582
00903,0.6452742520152305,0.1641650050512069
00904,0.8761798614886678,0.2627391318795791
00905,0.8156224891217466,0.2476436014099178
00906,0.8345847069371417,0.2650217991983208
00907,0.6025177457060718,0.14600578977860582
00908,0.5670398658467933,0.13324842201997567
00909,0.3895218320098994,0.10079964690915699
00910,0.9022843181023096,0.2762626757625971
00911,0.7178254451659289,0.21818181818181817
00912,0.3888366357169226,0.09578380810515084
00913,0.32031339932767483,0.07178701843743412
00914,0.796698676026484,0.2325460419120707
00915,0.6988061277762628,0.19494905858499223
00916,0.45786331326567054,0.11830911679538231
00917,0.3897539815813133,0.09095338331638325
00918,0.7172398033501409,0.2095001624532078
00919,0.3406086685653515,0.08259905802866759
00920,0.42593698576580974,0.11305459420696536
00921,0.7396676781152113,0.22003311662091224
00922,0.7238676529378828,0.20014049822833277
00923,0.7275329218425121,0.21316233696772358
00924,0.6497807530624324,0.18183143318236245
00925,0.2548142771045694,0.052750494487023465
00926,0.8463858596152668,0.24904572838900557
00927,0.8074017902260304,0.24377886443901114
00928,0.13538318117020148,0.027847222503602796
00929,0.08010332507913664,0.01676669335149891
00930,0.7429586785173162,0.2231503274364508
00931,0.4819253892607471,0.12300026670818887
00932,0.7461943601111957,0.21426243015835783
00933,0.6138955526275173,0.1631870883247949
00934,0.43942904031117674,0.11255840395611365
00935,0.6411709360274098,0.18928825985133896
00936,0.40134490665982964,0.09604511559080553
00937,0.34428172990380934,0.0714663287870809
00938,0.42105241650285535,0.10578620919486488
00939,0.6326579466763019,0.17503856373714957
00940,0.11343867212175365,0.02411057077041208
00941,0.34466231671292774,0.07976151378116868
00942,0.5047759681187666,0.13239359017263344
00943,0.6611355614141973,0.17634849924456006
00944,0.6733395905580014,0.18437201461084574
00945,0.7217780707918859,0.20097189060674128
00946,0.2892820359518849,0.07247136409202164
00947,0.677092156057518,0.17741297224855473
00948,0.26347024752583054,0.060991559246943904
00949,0.653840022128366,0.1653605634756478
00950,0.5818514892225836,0.14740587483362544
00951,0.5706536932885173,0.1445339125149971
00952,0.4106098353321356,0.09881072562972447
00953,0.7988931557117884,0.22733635511057762
00954,0.4144536708669309,0.09935738117631071
00955,0.8834442703071526,0.2843614178753369
00956,0.0730186999109528,0.015973605984385717
00957,0.45409149645822144,0.11097222086798818
00958,0.6464538027333175,0.1787769921894941
00959,0.36149165914473613,0.08955600403632694
00960,0.37413744096583007,0.09532789439619008
00961,0.8474328137741046,0.27637422156964414
00962,0.48523424483851196,0.12770414901853622
00963,0.5722123320701196,0.15492934751553047
00964,0.17877405153105516,0.0364225540333393
00965,0.5459533616036912,0.13633805274984184
00966,0.6178579695447434,0.14684187834584844
00967,0.5708805580446902,0.14897614716140326
00968,0.7057562754451969,0.205425208335689
00969,0.39898599000684665,0.09695313478173297
00970,0.3933381991323477,0.09468787046858426
00971,0.6246377857407118,0.16839970744999622
00972,0.751251795682992,0.22891163781573845
00973,0.3166989461872219,0.06761042146253307
00974,0.6740957772658196,0.19429086746904373
00975,0.6811402254004052,0.19353037939641582
00976,0.8643892072739383,0.2682197048255915
00977,0.17878896107030126,0.03726810896938469
00978,0.5219764525481217,0.13613745094393565
00979,0.41694980104306795,0.1076329896215496
00980,0.7247724850157847,0.20415866671891122
00981,0.7072838459432058,0.20254182534072165
00982,0.4450979564196064,0.10122942760075135
00983,0.7690209219064379,0.22754142581888245
00984,0.6998263452180625,0.1845952563310525
00985,0.7303344663974729,0.21537040592358903
00986,0.5183506126588606,0.12914973621648246
00987,0.6760500598449608,0.20787355459850157
00988,0.5400565821259369,0.12618356588622537
00989,0.6790240546532326,0.1933213601110336
00990,0.24652633654305783,0.0573441973133671
00991,0.4327828830210038,0.1049700844721097
00992,0.6469206910783585,0.1958285960716666
00993,0.7384364122324617,0.20149741339519606
00994,0.3813992458163732,0.09647149667629087
00995,0.7368056635549781,0.2064658475582541
00996,0.7171091801383251,0.20659840188000153
00997,0.6458523101222873,0.18062526243127322
00998,0.43757586594512343,0.09769166611663477
00999,0.4463209159416526,0.11071870554695323
