sample_id,canny_edge_density,canny_f1,canny_f1_strict,canny_precision,canny_recall,canny_tol_px
00022,0.21650457382202148,0.7577906508637853,0.4778266578670042,0.6823153313672934,0.8520403548493154,1
00027,0.03813958168029785,0.43302248613944777,0.2093445233310105,0.40362820296432433,0.46703432981718973,1
00057,0.003618955612182617,0.45501772788946715,0.1888514614799522,0.4169576388431385,0.5007240547063556,1
00064,0.04012489318847656,0.6134583299818517,0.27717520531157974,0.5050743927366069,0.7810676793345326,1
00072,0.07966256141662598,0.5632044450317335,0.2652034377236714,0.4848277162413319,0.6718082457473855,1
00078,0.1784055233001709,0.8369424059349039,0.4843092750180947,0.805983533056167,0.8703746241384267,1
00080,0.11837530136108398,0.36451085245652026,0.177391609234444,0.2398056805410653,0.7594386339530931,1
00101,0.10806465148925781,0.599957727100831,0.3780763035079074,0.6376970189032247,0.566435721586343,1
00106,0.08625316619873047,0.5501728520100478,0.2612862540971185,0.6009807281934478,0.5072860725286553,1
00115,0.05585479736328125,0.5896046962186322,0.3235033743200576,0.5109616172654009,0.6968597051223591,1
00155,0.16617083549499512,0.6384636450711472,0.34534896481088595,0.514418820869161,0.8413411709523918,1
00160,0.06615853309631348,0.33702395485322273,0.16270174977858862,0.22180699054737305,0.7013251783893986,1
00166,0.045989990234375,0.4352033788183448,0.17850895659823846,0.3375912408759124,0.6122235098503552,1
00169,0.05127358436584473,0.5489353808799221,0.21432307984157004,0.4524335408752098,0.697765266414265,1
00174,0.029900789260864258,0.2924199699595844,0.14308192829104674,0.20915694545222585,0.4858190709046455,1
00176,0.037712812423706055,0.3179360117610472,0.13598901098901098,0.20663299173720912,0.6891439083681917,1
00181,0.223006010055542,0.6678231994637562,0.34721636342719014,0.5544504492946528,0.8394776560369162,1
00199,0.05603289604187012,0.48855185478313146,0.2313285773612555,0.4044949557269838,0.6167081492253482,1
00206,0.22150182723999023,0.7331867420076696,0.4531508936748218,0.5962858674382108,0.9516830093253518,1
00210,0.12836217880249023,0.6846129886264873,0.37395150484807443,0.6661769349356415,0.7040984992391769,1
00214,0.06357336044311523,0.5187537132786765,0.26680611540252774,0.4902604951883771,0.5507632631551667,1
00228,0.18444037437438965,0.8235027696791152,0.5060392474448241,0.7572786417769413,0.9024194855851302,1
00230,0.07973766326904297,0.5291814880496192,0.23842305206018047,0.45239561780148546,0.6373620167599949,1
00237,0.07883548736572266,0.5153693572037095,0.23133769228801263,0.4340168148551382,0.6342546844841758,1
00243,0.10709333419799805,0.3830264625284935,0.19898499385078006,0.2563415274877444,0.7572741703274392,1
00245,0.055797576904296875,0.46861655266912045,0.25347618894573376,0.34663635742120735,0.723058443058443,1
00260,0.07471466064453125,0.4580209259344717,0.24715500341465893,0.33594787092821404,0.7194449437394399,1
00264,0.0649259090423584,0.10788186912127576,0.04567230375975488,0.058967607842273215,0.6327779224160375,1
00294,0.08331966400146484,0.5041029578294647,0.20047530234059005,0.36049080316366594,0.83790857884708,1
00315,0.12801575660705566,0.7004260981396169,0.38124641873995746,0.6618150732767532,0.7438214668935543,1
00324,0.015614509582519531,0.24510636998269747,0.09837870066732406,0.1642948757100104,0.48236810606758124,1
00330,0.08143115043640137,0.5572335469628431,0.2792962838637252,0.45348078009761467,0.7225463617790351,1
00391,0.06655502319335938,0.4977872700144264,0.2738678815619028,0.6257307846621195,0.4132830578755095,1
00395,0.04899239540100098,0.542877116251392,0.2691545056418596,0.46920273104643073,0.643997903679594,1
00399,0.05162501335144043,0.6536252846746243,0.3243876621618295,0.6182301841306788,0.6933194165493756,1
00405,0.13844823837280273,0.7495820024297031,0.3960143843030329,0.7705572986805443,0.7297183800521246,1
00423,0.22279572486877441,0.48630415997297,0.2788984326573984,0.3456964513688464,0.8197116044610155,1
00432,0.03916668891906738,0.5193252011389768,0.24355587882500063,0.4996986796690955,0.5405564828034615,1
00434,0.07490253448486328,0.5214264398928343,0.2482488956834268,0.45485478921837,0.6108256832881285,1
00443,0.052376508712768555,0.5330380959823274,0.3098148986676546,0.6723642703349827,0.44154242890444173,1
00464,0.04394984245300293,0.39414721294885297,0.20739365982696017,0.2822896945301862,0.6528326920525408,1
00471,0.05775284767150879,0.4979663061180229,0.30093829647290965,0.4022532024951183,0.6534497186749488,1
00476,0.03893470764160156,0.4478539030784055,0.18793332592693174,0.33644001371674914,0.6695932471246347,1
00500,0.12322044372558594,0.6195315342228648,0.3494537232823926,0.6407964800396266,0.5996326185142757,1
00510,0.09400391578674316,0.3361188331729053,0.18338347475014363,0.21686310017474847,0.7467855582777809,1
00511,0.28301072120666504,0.7819726079168199,0.4212248548165,0.7122775862170639,0.866785985818407,1
00536,0.021740198135375977,0.43491439796012676,0.20981777087159204,0.3448374184350496,0.5886893541025895,1
00548,0.017037630081176758,0.43566795107182793,0.2331049473137079,0.6317152012986105,0.3324843581676405,1
00564,0.031511783599853516,0.2774226930127493,0.15408058368130417,0.23322236513580993,0.3422943564943656,1
00569,0.03930020332336426,0.1729097505931314,0.07771466648037788,0.09835777161680934,0.71440669991531,1
00577,0.09769415855407715,0.5201551800929758,0.22938035788479966,0.454889337391003,0.6072863891379016,1
00587,0.10096383094787598,0.5677133821393225,0.22865986745505773,0.5499618629759159,0.5866490813408376,1
00606,0.07160258293151855,0.47238413421553926,0.24986065889108874,0.42173593098097717,0.5368578579353407,1
00635,0.0340275764465332,0.3785607559257873,0.18514158675838296,0.42289205588486706,0.34264198128882906,1
00641,0.06754565238952637,0.638152928847015,0.3297284510032831,0.5950964854380584,0.687925759394175,1
00645,0.035567522048950195,0.443538028467331,0.2652353905730815,0.7668469845355642,0.3119973821989529,1
00651,0.33072972297668457,0.8949081557128533,0.5389475192656883,0.864073253598485,0.9280252167958031,1
00656,0.032659053802490234,0.36427236221929266,0.182921946521518,0.24828809624622214,0.6836120401337793,1
00658,0.24336838722229004,0.7846893245351624,0.4459247052138088,0.6923971429159226,0.9053693627374697,1
00666,0.10443902015686035,0.5798493154176175,0.3185037184026798,0.5799762127067977,0.579722473645885,1
00687,0.14441680908203125,0.6500917990673334,0.3145591015871197,0.6023776348460035,0.7060150543426533,1
00690,0.04311227798461914,0.44479058946499117,0.23963179597022108,0.5444515722296572,0.37596990443588646,1
00694,0.07810759544372559,0.5243979096347051,0.27477394768101987,0.43162386640090106,0.6679733551977256,1
00699,0.10175967216491699,0.5377621635204367,0.32557111681997736,0.43881483841794144,0.6943235456384479,1
00708,0.012882471084594727,0.5359089493919242,0.2455924449557238,0.5575296578017138,0.5159025196199918,1
00711,0.09132027626037598,0.5515943806971629,0.31208818500800345,0.48240193198877357,0.6439595548728156,1
00728,0.04454779624938965,0.4910212943666751,0.2061295074201691,0.4141195737689125,0.6029975199189236,1
00732,0.04979205131530762,0.6356671285078652,0.34911504708835406,0.7050032799758671,0.578748017178009,1
00734,0.04897880554199219,0.6644806091137204,0.3924859792547905,0.6481414774718641,0.6816648380382063,1
00737,0.06723523139953613,0.6428189541156852,0.3413344933579018,0.5627205191397315,0.7495044827871686,1
00741,0.197432279586792,0.7085345543397308,0.3919744965525863,0.6036667467705844,0.8574973115972855,1
00780,0.04145026206970215,0.667749518515011,0.30784121531309244,0.6394984326018809,0.6986120639611589,1
00784,0.019974231719970703,0.3334793584745077,0.15121016055595496,0.26924729642626943,0.43795972506933556,1
00786,0.03330206871032715,0.48493450942879524,0.21877854202468194,0.4105341533086577,0.5922706371797679,1
00791,0.04599261283874512,0.4311411695545555,0.25973306212091063,0.7356135339826964,0.3049298907581025,1
00867,0.09144973754882812,0.3201202048376928,0.15358812726850887,0.21708536687106328,0.609321261177675,1
00872,0.1024634838104248,0.1634779333363722,0.08276583059728439,0.091431789148903,0.7710385680252398,1
00880,0.06671667098999023,0.592668717792476,0.322015819464328,0.5001679591180359,0.7271468067306041,1
00884,0.04002261161804199,0.32282083879154144,0.14046947610914723,0.2452655971691875,0.47210469232327806,1
00885,0.03570818901062012,0.4966885240984612,0.24753017858708679,0.46752709135947546,0.5297297733452753,1
00886,0.13636445999145508,0.5065576357133355,0.28874014612574506,0.3747801396615812,0.7812579264121504,1
00896,0.0009264945983886719,0.16338898679517913,0.060167910447761194,0.17601646937725168,0.15245202558635396,1
00921,0.036345720291137695,0.6184060551798063,0.3483998264268786,0.5541014792220145,0.6995955010155144,1
00929,0.061565399169921875,0.6279709736821395,0.32214449658068106,0.7727748001734928,0.5288703655465833,1
00931,0.037827253341674805,0.4881183471681152,0.3049461068673061,0.6360181269263011,0.39602631122084836,1
00933,0.09815502166748047,0.5007845522028285,0.24665856447356121,0.4277396694616364,0.6039147651740346,1
00948,0.024246931076049805,0.5537059978208965,0.2402025820278614,0.4371429414251861,0.7550338616845507,1
00952,0.1846179962158203,0.7905348068740053,0.4346007045252197,0.678380668023514,0.9471183400153874,1
00997,0.14226579666137695,0.7029710155961066,0.4109850716865107,0.6638243959336759,0.7470240298485364,1
01001,0.0479578971862793,0.6654534083880072,0.3358004306836092,0.575714640815312,0.788333929898951,1
01014,0.03391385078430176,0.3617159370858054,0.1729510827962565,0.2602270730078386,0.5929780876494024,1
01018,0.051149606704711914,0.32431596079057856,0.16182514546659793,0.20741410572535274,0.7431889549672824,1
01027,0.20587873458862305,0.5079104792725141,0.2947873442453268,0.35758027047496405,0.8763267189663129,1
01029,0.029210805892944336,0.5135462933060202,0.31772720785075487,0.601237359103486,0.4481789486463518,1
01071,0.14124846458435059,0.7765723620955688,0.4711784379303561,0.6941271590830448,0.8812422242869966,1
01080,0.011732339859008789,0.22544165413470318,0.11821820450775389,0.1532240037391534,0.42642424242424243,1
01091,0.07125616073608398,0.4661067070259988,0.25657616331228733,0.3728209589453609,0.6216545992425725,1
01093,0.09665346145629883,0.7122030040841348,0.3968625399625486,0.642333137638939,0.7991282817066789,1
01118,0.1910085678100586,0.7434930906172857,0.4537621590968272,0.6518221352359365,0.865168674615898,1
01119,0.03684806823730469,0.5268038712578486,0.30436404697829667,0.6732038407785083,0.4327046617051708,1
01136,0.11165165901184082,0.5645471848842567,0.3507921534192826,0.6085039322999524,0.5265132331356022,1
01168,0.14366602897644043,0.38734700940884265,0.24277377880678555,0.26216977358985294,0.7412862000357922,1
01175,0.02588200569152832,0.47277729756634895,0.23511061980404924,0.4321692751273524,0.5218080711079349,1
01207,0.06483983993530273,0.6049164648884193,0.37431480359624614,0.5360864545260665,0.6940247202515907,1
01209,0.1399834156036377,0.5289618341910701,0.30827367343614437,0.4021831510066714,0.7724621859603258,1
01217,0.1778733730316162,0.6773549526201573,0.31583466498256896,0.7116700511356401,0.6461968230783276,1
01227,0.008562803268432617,0.26941954237207705,0.11223572628863965,0.1916191006543227,0.453580554281596,1
01236,0.08893299102783203,0.5876126276179435,0.28559256357829443,0.5678021082431665,0.608855492619444,1
01248,0.021630525588989258,0.39487845881542954,0.19089745631262645,0.37158445852852023,0.4212883093160138,1
01250,0.15259504318237305,0.7208489066178688,0.4515595713831029,0.7536115494586191,0.6908162383272036,1
01262,0.21533465385437012,0.7841062627568514,0.46305809523907393,0.8409827952155664,0.7344356251300287,1
01273,0.13030362129211426,0.7105564951719741,0.4368736504907071,0.7483372458753634,0.6764072225162157,1
01274,0.03984999656677246,0.6111693224228806,0.35371888152868336,0.6650532777322412,0.5653625135077814,1
01311,0.031040191650390625,0.47755451059771326,0.25201565617337535,0.5994070296177952,0.3968745110113925,1
01318,0.1745443344116211,0.7753310935143073,0.4708151071814276,0.6987687339842533,0.870735416539034,1
01324,0.19942665100097656,0.48381687994021366,0.2747591366481036,0.34492669070459175,0.8099601483959958,1
01327,0.11547970771789551,0.5320419676025533,0.29866443327380193,0.9161878531744148,0.37486560070836333,1
01329,0.10556530952453613,0.6572699133152579,0.3576549937323356,0.6065997700853485,0.7171767055414154,1
01340,0.14691376686096191,0.7206177136226688,0.36712364814215304,0.683819078514965,0.7616021192406797,1
01381,0.16526007652282715,0.5272687586625658,0.293022149977398,0.3836523354939977,0.8427401080704201,1
01384,0.1350572109222412,0.6426259174290859,0.3498671092619798,0.6138955039181176,0.6741775404552595,1
01386,0.15551447868347168,0.7337557768579349,0.4070846848910505,0.6927093633820092,0.7799729862475442,1
01387,0.18825864791870117,0.6130389183563743,0.3420068293191534,0.48585004825142414,0.83043553696745,1
01391,0.04987812042236328,0.7836963099094078,0.3887273384998539,0.8207921454656699,0.7498085878739292,1
01401,0.07797765731811523,0.6149738475160663,0.3504685038610182,0.6504179635665409,0.583193107528899,1
01408,0.28830623626708984,0.8615644237968704,0.5209714695712684,0.807076983636057,0.9239416390974464,1
01410,0.0605008602142334,0.49521591518330316,0.21412505623031938,0.37411086897410534,0.7322584687356418,1
01454,0.1739194393157959,0.8315120960931167,0.521779996653093,0.8237914872558333,0.8393787897923765,1
01455,0.014043092727661133,0.665792886399847,0.27702902296728454,0.6277991884687866,0.7086814898739555,1
01463,0.015468358993530273,0.34657118498402345,0.14217505479957462,0.24969558716996254,0.5662694775435381,1
01465,0.05017662048339844,0.3933525249897204,0.21495454220058702,0.2659985935302391,0.7546718124310835,1
01466,0.08572268486022949,0.5806893223226642,0.31334873356076715,0.4803906026194072,0.7339217332004406,1
01474,0.23278141021728516,0.7176888260053785,0.42125682193658603,0.5878839275837912,0.9210588107181019,1
01475,0.10504484176635742,0.5799830102105308,0.29837906430726185,0.4711432397467033,0.7542160028704701,1
01476,0.10810375213623047,0.5651514832750429,0.3433976804112636,0.4427749106788408,0.781011846143159,1
01483,0.045701026916503906,0.515526653566578,0.289456165572263,0.5203720706996933,0.5107706396530347,1
01490,0.3306412696838379,0.8760625570120159,0.5607181093423422,0.8084380701033307,0.9560331221606339,1
01515,0.12129831314086914,0.3705095160076562,0.21014215410022813,0.24485908931877773,0.7610405206477105,1
01518,0.1380307674407959,0.6725494038450834,0.37405477117579866,0.551401433301724,0.8619214889495727,1
01525,0.04921245574951172,0.6552592349392732,0.34301234459187996,0.5826599228727012,0.7485253462092161,1
01532,0.11193418502807617,0.6699668671340748,0.38283159886951185,0.7037462245945566,0.6392817616377447,1
01535,0.07153201103210449,0.5052531446724605,0.19556090599008907,0.4507994280514754,0.5746695929104297,1
01537,0.16294503211975098,0.4732568032419354,0.25430814378489475,0.3328568230469053,0.8185043133731845,1
01539,0.07831525802612305,0.708072665166735,0.36709728314824197,0.6887736773847868,0.728484319148592,1
01546,0.01192331314086914,0.601932297122622,0.29399315342377574,0.6151969606078784,0.5892275764902994,1
01548,0.049285173416137695,0.3551612632598935,0.20803241148493923,0.26541600352172295,0.5366031990865476,1
01552,0.2713623046875,0.7790323614811935,0.389136903079391,0.7630638846716149,0.795683461283591,1
01554,0.06794238090515137,0.4813894379329198,0.2374885517319721,0.47969442504675913,0.48309647204174794,1
01561,0.08904123306274414,0.7697827865060425,0.4908325519222712,0.7694649579881435,0.7701008776914152,1
01578,0.2795529365539551,0.7749535195318605,0.4353338726964163,0.6973621144021901,0.8719728390818927,1
01582,0.29685473442077637,0.8213055294571041,0.48075837500499363,0.7701821300956792,0.8796984378323447,1
01588,0.08662700653076172,0.7027972811770127,0.35419922806984605,0.6260252105465954,0.8010310436960959,1
01594,0.06474065780639648,0.7116672996692064,0.31916539378668607,0.7340521908213095,0.6906072598863258,1
01596,0.21599221229553223,0.6352178159705675,0.36648855693905097,0.49750148189112486,0.878362563577562,1
01628,0.226043701171875,0.7537250364449934,0.37132611867816223,0.772109575401647,0.7361956367398775,1
01650,0.09406495094299316,0.5174896087415032,0.23305258022627648,0.37570367291280665,0.8311586334664531,1
01666,0.12314486503601074,0.5784232339536153,0.33512019867631654,0.45567436646550774,0.7916865529685241,1
01667,0.19462871551513672,0.8469080888358372,0.5197490788574292,0.7748587584463185,0.9337298619455139,1
01669,0.16995024681091309,0.6605578841337819,0.41323784179037987,0.5956878495783666,0.7412831566413703,1
01677,0.10643267631530762,0.760177428631861,0.4835943771881255,0.6974021697494014,0.8353717421124829,1
01738,0.042879581451416016,0.44875008529149435,0.22169865849026482,0.45635807617458995,0.4413916019883143,1
01746,0.07848143577575684,0.5797479915069988,0.3152391412880679,0.8355434039644566,0.4438627152047001,1
01751,0.18194007873535156,0.5379021812276865,0.2788339421962021,0.40648030695363196,0.7949098000975134,1
01755,0.16691875457763672,0.6963762703834881,0.36196392485592394,0.6061064864278083,0.8182399050921411,1
01758,0.130157470703125,0.6121154861321431,0.30511694259164934,0.6031286635404455,0.6213741730320863,1
01768,0.28926992416381836,0.9132909353071516,0.520367275445046,0.8902542351926915,0.9375515256929623,1
01771,0.11299872398376465,0.5367528067301842,0.32662018263140924,0.4046177769431861,0.7970402885827285,1
01776,0.012160062789916992,0.21286486441177593,0.08538732394366197,0.16730388408524988,0.2925272644387558,1
01791,0.10802245140075684,0.6946403288144251,0.3525738686350664,0.6572010620664387,0.7366029421294796,1
01792,0.11873412132263184,0.525920458859339,0.23838134494616645,0.41662868192615765,0.7129425201232309,1
01802,0.038687705993652344,0.4824462755709179,0.2525261563436723,0.46576650972465306,0.500365065247116,1
01810,0.13735342025756836,0.6722072579814654,0.3361186518815727,0.7253021166390674,0.6263556546430309,1
01832,0.012648820877075195,0.49032734462688365,0.24318343909441692,0.5071155259834506,0.47461509775717864,1
01835,0.17104029655456543,0.578566033841621,0.3134559877476487,0.4426975376187456,0.8347637412883328,1
01843,0.1102135181427002,0.6674135142161411,0.32096366627337636,0.6007108415230094,0.7507797767347107,1
01848,0.0915074348449707,0.4971133072999512,0.2847031971689521,0.3665381308459915,0.7722016489659027,1
01851,0.05259370803833008,0.4129097117304879,0.2143460181451613,0.29933271077182516,0.6653759577060487,1
01853,0.033025503158569336,0.43981943407827423,0.19648011263639564,0.495347208686173,0.39548597341241787,1
01873,0.016971111297607422,0.5379058808522902,0.2552279388931387,0.5002669214127167,0.5816693782970961,1
01909,0.019054412841796875,0.31590901493373164,0.15999676152694003,0.24638388388388388,0.4400963413235463,1
01915,0.09459567070007324,0.6337513461998908,0.38456822381885225,0.5542023827826688,0.7399641334623697,1
01940,0.1214911937713623,0.5915677073491293,0.31587625560091176,0.5456118970663558,0.6459770782093046,1
01944,0.05870223045349121,0.4882122992731041,0.21664654637997977,0.4282557927015007,0.5676897922579305,1
01946,0.08487391471862793,0.6077862688397098,0.30756179139179096,0.5132434611376259,0.7450246988908484,1
01956,0.03342080116271973,0.59586849627507,0.23999806511687904,0.5305506609500845,0.6795273401297498,1
01958,0.021575212478637695,0.33009926635741293,0.14795776758851154,0.3317825688174776,0.3284329581832175,1
01960,0.028350114822387695,0.5923419503058746,0.29125422664121275,0.5162855629094517,0.6946781682339909,1
01967,0.015404701232910156,0.43352779926719776,0.18682251098759664,0.35270537980560884,0.5624022443456889,1
01998,0.07208037376403809,0.4419476786259795,0.20683094540481375,0.33308966781002025,0.6565005469626265,1
01999,0.026938199996948242,0.5130209180127352,0.31560817427686305,0.58985547009833,0.4538963906695395,1
02042,0.04936361312866211,0.4637273476235083,0.19615538446155384,0.36369212638737286,0.6396721717734941,1
02043,0.05102181434631348,0.5152887471912663,0.21115179824308478,0.5027967159031967,0.5284173248987304,1
02049,0.05663013458251953,0.3198507429065625,0.15393420874150976,0.20617284990148363,0.7129528076002163,1
02051,0.04113507270812988,0.5301290478422351,0.24705201196564702,0.47902720059350967,0.5934358218232544,1
02061,0.10613369941711426,0.5452650180345455,0.2699334154163106,0.4819805147397435,0.6276800038168622,1
02087,0.13483572006225586,0.7272311221715823,0.42843255113510603,0.6080096615282331,0.9046117472636704,1
02104,0.12711215019226074,0.6519768930668651,0.3566655175290392,0.613877598485971,0.6951182541435507,1
02108,0.16481900215148926,0.7652588797747769,0.4435630669751092,0.7769466556536154,0.7539175359043113,1
02110,0.0510406494140625,0.6119102872164989,0.3092974491959486,0.7316423766816144,0.5258549729371962,1
02111,0.00552058219909668,0.195822353120327,0.07411890683923833,0.1825091772835241,0.21123062162298642,1
02130,0.03496861457824707,0.39461157200645974,0.17870987556964862,0.32601299524780286,0.4997719292662487,1
02147,0.20221281051635742,0.8628552646303296,0.5238531080785833,0.7975126806596066,0.939860857782334,1
02157,0.031499624252319336,0.6530619960027215,0.32764141230721044,0.7315223397088988,0.589802040306165,1
02176,0.006563425064086914,0.32484934525268433,0.14177243880326382,0.3143957281412329,0.3360220342317529,1
02185,0.032193660736083984,0.3333701627479963,0.14506440783432106,0.24795230689476414,0.5085684934705123,1
02186,0.06565976142883301,0.5482281153466891,0.29191250968472493,0.4290823792561284,0.7589777759269285,1
02191,0.21835660934448242,0.840208482009719,0.5373048890945399,0.7788785112037508,0.9120223855597375,1
02207,0.03385424613952637,0.5730509795328105,0.26941874258600235,0.5156449170745449,0.6448401785311754,1
02208,0.003561735153198242,0.4047198430028934,0.18644178597110544,0.6177120289175982,0.30094985784440426,1
02215,0.028562068939208984,0.17053949364924906,0.08971851851851852,0.0966710629559759,0.7229969740823576,1
02223,0.05592465400695801,0.6385522958400017,0.3070687023206215,0.6789589239656385,0.6026849331594146,1
02232,0.04175543785095215,0.377801562059017,0.2019319450512111,0.31837725183429927,0.4644991569487725,1
02236,0.049733638763427734,0.3680806377988256,0.18144844067746294,0.24054401288602958,0.7834850027924701,1
02237,0.13510847091674805,0.5901431654884813,0.3179033180409069,0.4883198102652968,0.745617701899225,1
02238,0.09380245208740234,0.6497191330643548,0.30225284276141756,0.6043778403603127,0.7024153396204251,1
02241,0.15345001220703125,0.5957529327223803,0.30243844728797015,0.5248424526425695,0.6888178169379521,1
02245,0.1534872055053711,0.7912112926220171,0.4913174562367074,0.8162035627520302,0.7677040835011902,1
02252,0.029584884643554688,0.4308519698694906,0.1958623344131892,0.540785571529882,0.3580631067443868,1
02266,0.11699724197387695,0.6131380924685927,0.30535924790238433,0.538508564930857,0.7117806317250954,1
02269,0.07386136054992676,0.47550344843988984,0.23827103622337423,0.3620790388544757,0.6924054946783411,1
02271,0.13448786735534668,0.6430806748196294,0.3364958831221734,0.5368961659897569,0.8016210914964809,1
02279,0.025786161422729492,0.4788774988662585,0.22588631578947369,0.4003698395820813,0.5956838645133629,1
02298,0.05506157875061035,0.48496693858906736,0.21085737275167218,0.5676589664205763,0.4233034677285548,1
02303,0.15947818756103516,0.676941453845104,0.32610865425956637,0.6683375691433697,0.6857697528331071,1
02304,0.09345245361328125,0.6472953401074049,0.35838442686574973,0.5690872724304025,0.75042400654085,1
02309,0.01619887351989746,0.37908955143155415,0.14359413905901627,0.5159471910277733,0.2996151070483522,1
02313,0.016527414321899414,0.49852534967250567,0.24617262665097753,0.5650668628554117,0.4460044642857143,1
02315,0.02413487434387207,0.5347570120186318,0.2358720709026208,0.4792697744717423,0.6047745015807472,1
02318,0.037088632583618164,0.6545157326144055,0.25958306055759506,0.7263838622791059,0.5955884489823596,1
02325,0.136244535446167,0.614673112886738,0.33237414337298204,0.9451396532686092,0.4554320413926201,1
02331,0.08418893814086914,0.5653571403778043,0.25971526181944155,0.708063118426344,0.4705254827651421,1
02338,0.08204889297485352,0.4998138928773203,0.22838872778645253,0.3957424056628446,0.6781531508291112,1
02343,0.06379199028015137,0.5968471530615589,0.22878829309599627,0.5126755194103818,0.7140866964655511,1
02344,0.012051582336425781,0.6076456900487124,0.23763440860215054,0.6606196090844346,0.5625368538295223,1
02350,0.22223711013793945,0.8059564236392622,0.48589444461685605,0.777384055872035,0.83670926004178,1
02353,0.031232357025146484,0.4566857502197459,0.23072576748908852,0.6288111268874333,0.358541632144936,1
02356,0.06097602844238281,0.531221816831888,0.23152121813378515,0.5586544777753448,0.5063572070764635,1
02364,0.03557014465332031,0.4360994776185611,0.1813528105662937,0.3795913990026275,0.5123743640352978,1
02372,0.03288412094116211,0.4119225484924552,0.2298957759347434,0.3198381740933544,0.5784691888985956,1
02374,0.2600369453430176,0.75481300854784,0.483900801607472,0.6612131581022377,0.879282226872107,1
02380,0.15557432174682617,0.6585641860596435,0.28550206380983717,0.679750691926452,0.6386584455231884,1
02385,0.049304962158203125,0.4996037041951397,0.22079498519197313,0.45968568665377174,0.5471137696319651,1
02393,0.02324962615966797,0.46160668115536185,0.22127466142269173,0.47872144058410926,0.445673420738975,1
02396,0.02573394775390625,0.5022356923059479,0.2094833322157863,0.46049510821227396,0.5522975064288291,1
02437,0.15141654014587402,0.7513066751986638,0.4646347389885676,0.7409630491570446,0.761943177658029,1
02439,0.08208942413330078,0.5832297255902313,0.28572112777241704,0.6023444125608467,0.5652908883521569,1
02447,0.06576991081237793,0.6010482827110448,0.3451105515142388,0.6260988403495988,0.5779251796318944,1
02456,0.043734073638916016,0.4437859349236648,0.21971765836127988,0.4133094191916439,0.47911479225313197,1
02459,0.13923883438110352,0.36443744409384143,0.18429932723529785,0.23970993647369052,0.7597619692278715,1
02482,0.10915684700012207,0.7220652085380506,0.4449864617475856,0.7248671470414143,0.7192848481380655,1
02492,0.05528855323791504,0.3810919852611451,0.19110788804971376,0.28357417301646853,0.580833915676683,1
02493,0.12785029411315918,0.6301012469639661,0.34556641963292706,0.5185335752634533,0.802840359611734,1
02498,0.03511857986450195,0.4966536500221222,0.23123183678310896,0.43335279501418894,0.5816109149095317,1
02512,0.023497343063354492,0.2074454313924947,0.10388825731979744,0.13289026431941556,0.47257105089226703,1
02519,0.18636059761047363,0.5024619918812357,0.25554991614440814,0.3567721226682428,0.8492633959945216,1
02521,0.03918123245239258,0.5900030878618948,0.29493635171692695,0.5434713821514197,0.6452489282610442,1
02529,0.09382033348083496,0.5582028456021203,0.2781814740681689,0.6138405279649107,0.5118128180575128,1
02551,0.023406505584716797,0.5220087392968996,0.22553531801306054,0.5028826369507201,0.5426472048455963,1
02559,0.03937220573425293,0.4199337809788143,0.24753899692027173,0.5775195441416019,0.3299118688856404,1
02578,0.22447896003723145,0.7887529063720186,0.47401244466834663,0.77586552993894,0.8020756411979022,1
02597,0.0063664913177490234,0.3599033154838702,0.16498537054019827,0.46515372804553795,0.2934943087107682,1
02607,0.05571699142456055,0.5139252233369931,0.2631506822497602,0.5075911234349192,0.5204194040745902,1
02625,0.1148991584777832,0.42052500603268467,0.23338549754385116,0.29247056577620445,0.7480481981231606,1
02627,0.1144256591796875,0.5184456571175944,0.29233809904164604,0.39142719029203893,0.7675001196031784,1
02647,0.03195691108703613,0.3960255812252623,0.1886586594916461,0.3218887322157315,0.5145315975640885,1
02660,0.03772306442260742,0.4869741490261565,0.2279974478678191,0.44842057362440113,0.5327807025047241,1
02672,0.07429313659667969,0.4573405621184226,0.22109018206218461,0.4311506764909758,0.4869179861182444,1
02679,0.11399149894714355,0.689347204357332,0.3969041427984907,0.6024492015519279,0.8055391469690157,1
02680,0.23239469528198242,0.815266221360288,0.42262183794740077,0.8243141205703299,0.8064147901393601,1
02720,0.038564443588256836,0.42617189062186545,0.20716756896265662,0.43145328313271636,0.421018232904743,1
02730,0.15473580360412598,0.6585358281493716,0.3630693762673404,0.7538924729857367,0.5845931348229413,1
02744,0.08063316345214844,0.32305241665997364,0.18188215112502706,0.2325103489059728,0.529083183250788,1
02756,0.02726125717163086,0.2712054858166088,0.12782251169153674,0.16155918210281436,0.8440244083941063,1
02759,0.10134410858154297,0.48417879277230264,0.29553257124376503,0.37158760480676034,0.6946614941579999,1
02762,0.027724027633666992,0.4314014534772705,0.18548353523999833,0.35712872904895815,0.5446794491665019,1
02765,0.051110029220581055,0.42175671239571855,0.25609961896810524,0.33420565281684556,0.5714609873901909,1
02771,0.03956913948059082,0.4755834474751081,0.26368726085977945,0.4125628897659145,0.5613285242467501,1
02794,0.25524115562438965,0.7278784392748052,0.41144668484469166,0.6312804805713651,0.8593799725071934,1
02821,0.04840087890625,0.33032055989873027,0.16653496425827266,0.22621768600252207,0.6119188279493303,1
02825,0.04551410675048828,0.31720002846861406,0.15412112163384517,0.23247249869041384,0.4991052063951077,1
02830,0.07899737358093262,0.6135066357367401,0.23745968376666657,0.5557450224694346,0.6846679081315953,1
02851,0.0787503719329834,0.6402774306835406,0.31288449301675797,0.734564929776599,0.5674415969909138,1
02852,0.08453941345214844,0.6693757851128166,0.3068925879117739,0.6076529115808949,0.7450554401057939,1
02859,0.04950547218322754,0.5355528394232302,0.26335485272736936,0.5527569218025342,0.5193873559948798,1
02870,0.12425947189331055,0.4714840386648696,0.25355378621784835,0.33520152269264863,0.7945051118612592,1
02881,0.09101152420043945,0.5870785858401669,0.2582470869056789,0.688696198884028,0.51159271723727,1
02903,0.03698396682739258,0.4661999296980489,0.18735724226781278,0.5102564433155838,0.42914659494492663,1
02907,0.19064068794250488,0.6609765185427218,0.3802363652834356,0.5833230157390211,0.7624798534736585,1
02910,0.16252708435058594,0.7923099814419028,0.4867767812026276,0.7415474527936534,0.8505331080988661,1
02915,0.0423436164855957,0.5954722328171557,0.3290188681476576,0.568918142813707,0.6246264940239044,1
02949,0.04446554183959961,0.4281510015240002,0.1664350371427166,0.3791165778383074,0.4917537663086571,1
02960,0.12487673759460449,0.49692353405569634,0.24011344941264814,0.3828848867157594,0.7077075412512567,1
02962,0.0022766590118408203,0.2443988740431277,0.1174909111893358,0.22054665409990576,0.27403598971722365,1
02969,0.04388833045959473,0.3861454267019175,0.19165809525808686,0.25352969616636156,0.8096610858557859,1
02974,0.0016937255859375,0.009804066543438078,0.0014602092966658554,0.005489864864864865,0.04578096947935368,1
02976,0.22077536582946777,0.743634416256136,0.4427523745580716,0.6933398416196994,0.8017963817831923,1
02982,0.05062460899353027,0.3779330001447143,0.1943247830879618,0.2670355805684414,0.6463606172143825,1
02994,0.0550084114074707,0.48534648766982963,0.2974052337589393,0.4743154098872236,0.4969028786072886,1
03013,0.01432180404663086,0.28413393634478085,0.13575240128068303,0.20273014816047943,0.47477328936521024,1
03045,0.06531405448913574,0.5450750802843084,0.28907061785628646,0.40804973224747854,0.8206558284877972,1
03046,0.0527338981628418,0.6960605294824446,0.3616679324685719,0.7261395592769755,0.6683743211457704,1
03063,0.05793642997741699,0.5335042567585447,0.3187527067994803,0.5321127722703012,0.534903037841538,1
03079,0.1457207202911377,0.6228485142244404,0.34101864831219664,0.5044772798295803,0.8137995452727664,1
03088,0.023804664611816406,0.4209070360966553,0.2302023871302543,0.4470073314370418,0.3976865312238018,1
03108,0.19385671615600586,0.5812679752864868,0.29103864029592974,0.46804551503270225,0.7667480035492458,1
03114,0.008793115615844727,0.4766323031682696,0.19968632799181726,0.4764784035140045,0.47678630227197893,1
03119,0.031856536865234375,0.22461621103266036,0.1249023818820773,0.13996826727338044,0.56831088219757,1
03125,0.0690159797668457,0.5061115146914319,0.31827343871539404,0.5165196183422346,0.4961145817461527,1
03141,0.1203770637512207,0.3670557646392843,0.17429630852836533,0.2470459379914359,0.7138099136647812,1
03165,0.01633620262145996,0.47826918283062575,0.23474816245220087,0.4579459711904727,0.5004800153604916,1
03178,0.15421485900878906,0.6204462975931342,0.3628051466693858,0.4944915463866523,0.8324961120821348,1
03192,0.07926797866821289,0.5583341858785671,0.2563486265084054,0.4805669014719948,0.6661300515833704,1
03194,0.1306743621826172,0.7802901625568921,0.43915712266726015,0.7533735458539504,0.809201403374934,1
03196,0.2147960662841797,0.6901131182807886,0.3802322737297466,0.5722006393464458,0.8692349964467977,1
03235,0.028052091598510742,0.3123147497954844,0.17224994588996345,0.6316983826141647,0.20743607713217804,1
03239,0.08670926094055176,0.587707284803047,0.3289420281176604,0.49278084056257476,0.7279318577028501,1
03242,0.07945966720581055,0.37103496858002283,0.20939612042482225,0.25912301442039376,0.6531010600937587,1
03247,0.11426162719726562,0.5977100823909963,0.3198177712466581,0.4824162020498781,0.7854194932410834,1
03254,0.024179935455322266,0.44308369806456444,0.2512891222635665,0.4692559506202055,0.41967667687623467,1
03256,0.04689192771911621,0.2976034426633824,0.13956255898887931,0.18813396448019362,0.7117483142243305,1
03259,0.07753658294677734,0.42279966464625035,0.1998533982530641,0.3208030453980788,0.6198877354675033,1
03260,0.015443563461303711,0.34569940978925984,0.13587918902248958,0.4030412967966036,0.3026416761621282,1
03261,0.09145283699035645,0.5845396731591613,0.288377589882096,0.7296972477781746,0.48755173978768346,1
03265,0.28983283042907715,0.8724336439326812,0.5721995553909179,0.8315177020960854,0.9175846238896733,1
03268,0.16275501251220703,0.7919706125429513,0.4412900304435541,0.7269557778285607,0.8697567640248272,1
03273,0.21266388893127441,0.7811940625013896,0.443840872685235,0.7214446112399759,0.8517339717923156,1
03279,0.2719454765319824,0.8156505886226464,0.4778496305323299,0.7958017643005307,0.836514876142778,1
03284,0.1180422306060791,0.4359197431803839,0.27109224888598177,0.35069328728249566,0.5758690339200478,1
03288,0.005418062210083008,0.5125862263241112,0.1886329494241362,0.44932893289328935,0.5965727563171652,1
03294,0.04835391044616699,0.4954554605103162,0.2500245952477704,0.5717490668652094,0.4371258389705355,1
03297,0.1398928165435791,0.7207543914938443,0.3787276551951011,0.6269605779604024,0.8475483094752867,1
03305,0.02789902687072754,0.46367263134717795,0.21015263169902582,0.4353726381636856,0.4959074976991913,1
03316,0.15521955490112305,0.6986844435398077,0.36278595062272495,0.6477624961983786,0.7582956286550759,1
03331,0.11657190322875977,0.5323860404503349,0.22221791397381907,0.40474865933922094,0.7776029092031854,1
03341,0.14280986785888672,0.5709431480660988,0.33370805949498444,0.46124129364862065,0.749112409093512,1
03353,0.13764739036560059,0.5193452128240886,0.31458920962611775,0.3717997349892177,0.8610423496353783,1
03373,0.14826273918151855,0.6178420614368543,0.30028911630019023,0.5546353755433305,0.69730781085591,1
03391,0.08051466941833496,0.6083734706297664,0.33275509110493917,0.5044077192088906,0.7663239606044658,1
03399,0.1546313762664795,0.7560470162873435,0.4601070378001529,0.7253022413891463,0.7895136428080316,1
03412,0.27022409439086914,0.29678961158024536,0.15201426757132652,0.1774074864875834,0.9074083769633507,1
03449,0.08107423782348633,0.5175329591912111,0.23866299648523848,0.4925775621232172,0.5451519247953442,1
03463,0.15351057052612305,0.6578934610700501,0.3851815832793301,0.5662633761473589,0.7849027434412629,1
03469,0.006489753723144531,0.31372227420345405,0.136920404436328,0.2641440117560617,0.386211966972062,1
03477,0.1392064094543457,0.6832519692313171,0.3685853412428133,0.5959042533149276,0.8006047009708783,1
03478,0.05721235275268555,0.5426872377238656,0.25748727678217537,0.43299050698849,0.7268263092521448,1
03485,0.11382770538330078,0.5009182663703083,0.29926843898253036,0.3755791449181866,0.7518160026978008,1
03493,0.018998384475708008,0.4244193098485002,0.2120546666988425,0.3342912718830395,0.5810853199498118,1
03502,0.12238311767578125,0.567554425541459,0.33372915605026204,0.4769457951499283,0.7006643975088809,1
03512,0.14255833625793457,0.7462187005748081,0.46700106157112525,0.7159497803265583,0.7791600230624621,1
03513,0.02810502052307129,0.3114627758435919,0.15084715090370304,0.4639763829624791,0.23440992471636093,1
03516,0.1440117359161377,0.6701084378449065,0.3823330716957912,0.6071446900728277,0.7476424626161929,1
03529,0.026614904403686523,0.42192847967536035,0.16680025101430906,0.30667108598865905,0.6759875091248276,1
03532,0.03613686561584473,0.5018243663197252,0.23184306008240577,0.4824865242892676,0.5227770337776078,1
03539,0.17092561721801758,0.743003073313003,0.4783249948651075,0.8059390666105,0.6891844766012982,1
03550,0.05274200439453125,0.3485710652908288,0.1867320009896363,0.23355905540286417,0.6867478510028653,1
03565,0.1272902488708496,0.5297060297108044,0.2894585606467094,0.3711766755198597,0.9246038082312084,1
03567,0.2549777030944824,0.8276525835635995,0.5269493626790405,0.8179772108010256,0.8375595847443937,1
03652,0.0716090202331543,0.567896964799561,0.27205296051555217,0.5542633594140169,0.5822181949206054,1
03655,0.21294665336608887,0.6927440346734147,0.31353350154912013,0.6663274228780189,0.7213416922228836,1
03658,0.042716026306152344,0.5127020147514066,0.2776811792402145,0.5780290683396218,0.4606417158735672,1
03669,0.11794185638427734,0.6607423128458262,0.4045894383965122,0.6145802168657163,0.7144021962010354,1
03703,0.11823225021362305,0.648981348499366,0.3999410840534171,0.5406794084315046,0.8115382443902164,1
03705,0.022217988967895508,0.3880385235465396,0.19656879677605066,0.3637661097339815,0.4157816944268485,1
03726,0.12422943115234375,0.34978577573084074,0.16542506004449323,0.22479349628446846,0.7878618113912231,1
03744,0.08572149276733398,0.5838164300492943,0.2637487142484302,0.5353421853357883,0.6419431994188357,1
03749,0.06058955192565918,0.6819026937365289,0.3722328308368438,0.5696589554206295,0.849232735787022,1
03753,0.05872178077697754,0.31428657688459277,0.13932400531156247,0.20993353552824434,0.6249193354506459,1
03772,0.07949185371398926,0.5477969207466529,0.23913492810794673,0.4709984313749014,0.6545193514554426,1
03782,0.13648128509521484,0.5083543094266537,0.2876400508469566,0.38677320401646276,0.741416603533274,1
03785,0.0521702766418457,0.5160955742169008,0.29141088705039625,0.44093721723075796,0.6221402356826347,1
03786,0.016962289810180664,0.5851454906762903,0.24783485014205034,0.6012650221378875,0.5698677013445423,1
03820,0.1379551887512207,0.6792497338604578,0.3472497825241629,0.5934506918112908,0.7940508509349071,1
03835,0.10996508598327637,0.5698525673098458,0.2834332334710509,0.5493021874261481,0.5920003624925176,1
03846,0.12861919403076172,0.6965259796865659,0.3425963841401801,0.6639077758087597,0.7325148941590673,1
03856,0.0289151668548584,0.6930706192642995,0.3835055893359399,0.6043173179198378,0.8123813227791631,1
03859,0.03492927551269531,0.5095619853138935,0.25309465940267745,0.40340195489542946,0.691552180526776,1
03860,0.21848535537719727,0.798785645226421,0.49277837819031073,0.804162838255161,0.7934798858606278,1
03868,0.04257512092590332,0.3558892483010134,0.1916704283927686,0.274173587272432,0.5069961720087683,1
03870,0.164628267288208,0.6742290277620653,0.4029156866484436,0.5876906767694761,0.7906540451725237,1
03879,0.15306615829467773,0.3355385138606234,0.16143075461567055,0.22400413703298724,0.6682864362958238,1
03885,0.1832122802734375,0.6831511754279241,0.40104043920516647,0.5719202860831182,0.8480942223870908,1
03917,0.04615926742553711,0.5717801406286681,0.2222126372153638,0.48783095565220086,0.6906279824393968,1
03930,0.0982210636138916,0.45781558667819305,0.22896269605920538,0.3094723146644529,0.8793029919869517,1
03937,0.07226300239562988,0.5671496599586608,0.328615478828538,0.4825317641779916,0.6877561897378749,1
03944,0.09086465835571289,0.28826926586263096,0.14449421642254479,0.18569771774324742,0.6439722293043597,1
03948,0.1756725311279297,0.6486020317924747,0.30978806520508934,0.5865064113003919,0.7254031699889258,1
03951,0.19747090339660645,0.6105279215431473,0.3227348576406569,0.48637916192274583,0.8197767413314389,1
03964,0.22089242935180664,0.8424279248875751,0.5235953339564311,0.8136515234918887,0.8733144231737682,1
03970,0.1101067066192627,0.8092630051180478,0.44313601676698194,0.7915556027118732,0.8277807786017809,1
03978,0.05912351608276367,0.5165916542533737,0.24250561085335293,0.518428756925906,0.5147675255101015,1
03997,0.10707926750183105,0.49819905882318266,0.2943162857218529,0.4210249753408309,0.6100151298784054,1
04006,0.21128606796264648,0.8630715881782389,0.5495593970083231,0.8466572932911155,0.8801349197381423,1
04009,0.1653914451599121,0.5098248162506405,0.2977157498773374,0.3755330098514924,0.7936291355029984,1
04015,0.1592540740966797,0.808438343663902,0.4855611984296091,0.7738068147793281,0.8463149561322196,1
04016,0.04662966728210449,0.2635516814655541,0.10404543740882194,0.16566195757213198,0.6442238229891226,1
04025,0.06359529495239258,0.06024839858896375,0.031099021850737665,0.03145033703484318,0.7144176595548166,1
04037,0.11417460441589355,0.5265412636925151,0.3290448086491084,0.43791489779340675,0.6601426689373735,1
04054,0.03399038314819336,0.5898262056224998,0.22922385633444262,0.5431379150709146,0.6452960376114052,1
04057,0.09303450584411621,0.5348828435051014,0.24894711801089006,0.4701536332534628,0.6202811127580621,1
04062,0.02608036994934082,0.5090161573159959,0.2549411405051682,0.5222737203923612,0.49641500025791363,1
04068,0.031685829162597656,0.473085437681156,0.24516727500050414,0.4481489841986456,0.5009604937198487,1
04070,0.011380910873413086,0.47602210721237853,0.23487712011076498,0.3634021158479103,0.6897917517354022,1
04078,0.008113384246826172,0.35848122206392813,0.13153629316420015,0.30164560681751396,0.4417069951605807,1
04090,0.0217897891998291,0.3965225488923059,0.14931819090654616,0.32574704846104185,0.5065900526863203,1
04094,0.0298001766204834,0.3346619190068511,0.16352863491156996,0.3014937075469434,0.37603009854651454,1
04101,0.05818510055541992,0.6331335501042622,0.3738238045452044,0.5720970636683248,0.7087493363039156,1
04102,0.08596491813659668,0.6194647402391116,0.3179600621262308,0.5894448404301051,0.6527064999228037,1
04116,0.18586468696594238,0.697801196216439,0.4407582371941399,0.6111730395998836,0.8130424906682215,1
04121,0.21488595008850098,0.8597699236112882,0.5481151806489496,0.8380289738010889,0.8826689668511539,1
04130,0.018952608108520508,0.39053608895360203,0.23481100246931447,0.278691205514951,0.6523306721607005,1
04132,0.0066375732421875,0.4559081220195881,0.23703775851433395,0.5020833333333333,0.417510810970914,1
04140,0.09312605857849121,0.3083131226965003,0.15034378484474328,0.20054070798952378,0.666492070946068,1
04142,0.04759693145751953,0.5442355468958963,0.2579443089142054,0.5202017672163337,0.570597661253209,1
04163,0.05025005340576172,0.3094914141963645,0.1590842628566654,0.213684500199275,0.5610355648535564,1
04175,0.05629444122314453,0.5973447895229328,0.3364702738810955,0.4783623303799827,0.7951119927027379,1
04223,0.10574626922607422,0.5103595082727611,0.23327015126818942,0.3969972854269816,0.7143381270717525,1
04224,0.10919499397277832,0.5892020197159634,0.29551564073067366,0.4415007085199248,0.8854106289373913,1
04230,0.03829193115234375,0.5200642344189805,0.2764262345886556,0.5631039549711098,0.4831366540079039,1
04235,0.07029891014099121,0.5174821271159159,0.25121809610069906,0.38645096742466634,0.7829520757358087,1
04256,0.04140520095825195,0.513556420843406,0.22536398413906952,0.6326281482846383,0.43220739825734805,1
04259,0.14405369758605957,0.6149773482116687,0.27386537091482754,0.6402826855123674,0.5915962044780229,1
04260,0.015996932983398438,0.4346044774658957,0.2108266443489177,0.5171098128055324,0.3748041400922473,1
04262,0.11026453971862793,0.6100897703608856,0.31966528639326264,0.6181589377339275,0.6022285510552112,1
04267,0.11762428283691406,0.32666150171331854,0.14055595519473846,0.2084090061457134,0.7551223808640831,1
04268,0.10740971565246582,0.4474926670350781,0.24835245337201295,0.3455891003287393,0.634623590106068,1
04270,0.04271507263183594,0.5143755742816197,0.21949095565871618,0.4575128376869837,0.5873789323522787,1
04272,0.033835411071777344,0.4258499152950759,0.18828599916374514,0.42100961131937203,0.4308028106712689,1
04278,0.011463403701782227,0.7033548845220039,0.3448448050842649,0.6498408934922318,0.7664734975271019,1
04291,0.01892542839050293,0.4709227854663749,0.22287393525389984,0.4952947253051815,0.44883689355539463,1
04297,0.03543448448181152,0.4531670148135522,0.2064594586197867,0.3465479770964117,0.6545442691354805,1
04302,0.10639691352844238,0.6768486532082967,0.3677488898401679,0.7408377608619171,0.6230346678287595,1
04317,0.04074835777282715,0.3933030071192764,0.1700601704155393,0.29132121396516314,0.6051434455610736,1
04337,0.04333758354187012,0.5570834422603155,0.21761305898420055,0.47903681005220855,0.6655112515425184,1
04344,0.17032241821289062,0.8179873049505337,0.49739251414377317,0.7630756007973303,0.8814148209583035,1
04360,0.09833097457885742,0.5397209720211398,0.3067888102117931,0.420578037485149,0.7530469576415398,1
04366,0.022270917892456055,0.5017892768058072,0.2403685666598075,0.4744516170472428,0.5324699216306708,1
04368,0.16840648651123047,0.7286693859922676,0.4684672262534687,0.6391877658038247,0.8472827901908209,1
04376,0.21685385704040527,0.896000708105043,0.5895656466903891,0.8686186920799384,0.9251652778940069,1
04380,0.04706406593322754,0.4371497429320851,0.1596457260842513,0.3210318083495018,0.6848680858604878,1
04388,0.03843808174133301,0.4307071072532104,0.22056630644215464,0.32549109607309223,0.6364375185438409,1
04403,0.06902861595153809,0.6228789070363273,0.2773534557175164,0.6611991282332909,0.5887571096678976,1
04407,0.1662609577178955,0.7449616344799769,0.4205698002700739,0.7221147517240292,0.7693014502729721,1
04420,0.007877588272094727,0.5034231783976408,0.24350539029438112,0.4907539118065434,0.5167639173631919,1
04433,0.15684175491333008,0.4876225249769713,0.29137718373662846,0.33818758911714364,0.8736718836813717,1
04443,0.06935667991638184,0.44979416705767844,0.21046978092649113,0.44885064781043854,0.45074166136364435,1
04451,0.02058887481689453,0.22155100563148963,0.1298008513678445,0.2163601834267451,0.2269970223872367,1
04453,0.060029029846191406,0.6365087349317095,0.3794742292212106,0.520954801811105,0.8179367817549913,1
04463,0.14092040061950684,0.6855581471403056,0.3739374030265393,0.6126825736004453,0.7781105652493082,1
04497,0.13616943359375,0.5846541850795587,0.2842173921256413,0.4703258068130883,0.7724155548729864,1
04509,0.10782766342163086,0.32868059423099305,0.1677401348584878,0.2603225563943024,0.4457228511305938,1
04524,0.08572506904602051,0.48976962173965377,0.23192038059416634,0.371721312615246,0.7176869598530687,1
04525,0.05466294288635254,0.38505597887532445,0.17739026413069953,0.27543147252402156,0.6396385973031533,1
04526,0.030225276947021484,0.5652161093118732,0.26561441914147843,0.5273557669553693,0.6089331173339505,1
04528,0.06332612037658691,0.5194773384412074,0.27087581219585133,0.5675410095290446,0.47891886200564227,1
04535,0.1378011703491211,0.7757231055981999,0.4494197468571858,0.7482248520710059,0.8053196692157212,1
04537,0.03928494453430176,0.5581218721320391,0.2955648301615512,0.5165834208274414,0.6069246585942855,1
04548,0.2385098934173584,0.7246586954941756,0.3738715137602422,0.6405186813450449,0.8342473560362245,1
04568,0.05692625045776367,0.6891376072161914,0.38183502830898897,0.6559309114363017,0.7258857893134419,1
04579,0.146132230758667,0.6687859285571041,0.3493229013691953,0.5350982097261809,0.8915216746399081,1
04581,0.14997196197509766,0.6307861916184038,0.2896936378878421,0.571370431840872,0.7039931430876273,1
04583,0.02862095832824707,0.6441413414695282,0.3309578736981642,0.5344579116164772,0.8104687332403733,1
04592,0.05456089973449707,0.6462954596961703,0.3004250303079673,0.5997727719635562,0.7006423142407061,1
04608,0.09452247619628906,0.5928120732085715,0.28681092121235474,0.7712003349678148,0.48144730360828275,1
04641,0.06417179107666016,0.49796760500332155,0.23448174322732626,0.5050862696726062,0.49104681186270077,1
04653,0.019475221633911133,0.2535491559666491,0.09553914327917282,0.15867050254024606,0.6306569343065693,1
04659,0.19739603996276855,0.8542854170929771,0.5257327081631185,0.824722594297406,0.8860464408613958,1
04675,0.10497784614562988,0.5465810312183965,0.2581105829123242,0.46146683351918766,0.670193307371055,1
04678,0.021820545196533203,0.4265132848350563,0.2013196885365319,0.33145036166167696,0.5980350877192983,1
04694,0.04147458076477051,0.4749250188810508,0.23657374596424915,0.5443701604419483,0.4211934891205666,1
04697,0.05368399620056152,0.3563887600042496,0.19183815386200326,0.24817579840740428,0.6319324977471942,1
04701,0.18777132034301758,0.6660937295080811,0.4362212175221392,0.5890181190243406,0.7663776090155303,1
04704,0.051543235778808594,0.536917111357487,0.23078634362373052,0.48624808037448886,0.5993743617433357,1
04712,0.07246947288513184,0.2731808994207825,0.11945767878520913,0.16876289236377273,0.7164951573849879,1
04719,0.025177478790283203,0.3896599670837409,0.1884299961380313,0.32698244351432737,0.4820643074041491,1
04720,0.14270901679992676,0.6619902078919538,0.4228051751037152,0.828970955535322,0.5510012718887443,1
04756,0.09024381637573242,0.627555329123905,0.34259870514908636,0.6332461493751816,0.6219658817362185,1
04765,0.2061769962310791,0.7853297648529243,0.43642559128882513,0.7117588627714453,0.8758633110658617,1
04774,0.03851127624511719,0.47171862437413475,0.24313303846430034,0.7316378584517854,0.3480658922508474,1
04775,0.0530703067779541,0.5249408433534193,0.2763713159306343,0.6213537712326982,0.4544289573412411,1
04780,0.060407161712646484,0.6493606113887512,0.40370839796703367,0.7925254375093738,0.5500055121293093,1
04783,0.0844881534576416,0.6005267607179813,0.26869130287291604,0.5533328253882253,0.6565217092702224,1
04795,0.07896876335144043,0.5003630133025918,0.2409881427659578,0.44614892261615424,0.5695753505826585,1
04830,0.0028443336486816406,0.4816477171223492,0.18971310416128198,0.4702430846605197,0.4936192839418646,1
04839,0.07834458351135254,0.6752203390640101,0.340817384188753,0.5774328136554666,0.8128806636424427,1
04856,0.03542494773864746,0.5212585276435334,0.2937220238679338,0.47154788905864065,0.5826852846401719,1
04864,0.058261871337890625,0.5754267804293803,0.28874888880299926,0.6065483205657042,0.547343019934674,1
04870,0.10209918022155762,0.5869040875107776,0.2626522976697354,0.635032166917697,0.5455571755967281,1
04873,0.11039376258850098,0.5583279054375007,0.3527343589953702,0.47496571459424436,0.6771813747841975,1
04878,0.0576779842376709,0.6419543956414171,0.3494928977069535,0.561650800474539,0.7490522354849795,1
04890,0.10748529434204102,0.5836108887816525,0.3335108263399622,0.45145355414284005,0.8251685860427648,1
04897,0.050295114517211914,0.4415608858109655,0.2144414334113907,0.46360089688224393,0.4215213737918327,1
04911,0.072784423828125,0.6677525124950053,0.3557763427401001,0.6238698899371069,0.7182755724240916,1
04916,0.10218071937561035,0.300894837006906,0.1520021109822332,0.18742023020367402,0.7626385041551247,1
04953,0.08587360382080078,0.11848021097970109,0.043875442776769,0.06500638569604086,0.6678456489182041,1
04958,0.19922113418579102,0.40555966654781983,0.20362453384410573,0.26526997561016474,0.860798190174633,1
04960,0.05883979797363281,0.36773430118375644,0.21148798771392066,0.23965930824337903,0.7898148409097314,1
04969,0.10710859298706055,0.6876090100092052,0.4251274230445078,0.7541725468896774,0.631842377345945,1
04972,0.0430755615234375,0.6949241398046246,0.3668330490843014,0.6497520368402409,0.7468464465779358,1
04976,0.09617781639099121,0.6892473561702447,0.36862716113550287,0.716040446307502,0.6643870535119668,1
04994,0.0983591079711914,0.5234488976833604,0.28326643678678054,0.40028554253080856,0.7560889583710666,1
