sample_id,canny_f1,canny_f1_strict,canny_tol_px
00000,1.0,1.0,1
00001,1.0,1.0,1
00002,1.0,1.0,1
00003,1.0,1.0,1
00004,1.0,1.0,1
00005,1.0,1.0,1
00006,1.0,1.0,1
00007,1.0,1.0,1
00008,1.0,1.0,1
00009,1.0,1.0,1
00010,1.0,1.0,1
00011,1.0,1.0,1
00012,1.0,1.0,1
00013,1.0,1.0,1
00014,1.0,1.0,1
00015,1.0,1.0,1
00016,1.0,1.0,1
00017,1.0,1.0,1
00018,1.0,1.0,1
00019,1.0,1.0,1
00020,1.0,1.0,1
00021,1.0,1.0,1
00022,1.0,1.0,1
00023,1.0,1.0,1
00024,1.0,1.0,1
00025,1.0,1.0,1
00026,1.0,1.0,1
00027,1.0,1.0,1
00028,1.0,1.0,1
00029,1.0,1.0,1
00030,1.0,1.0,1
00031,1.0,1.0,1
00032,1.0,1.0,1
00033,1.0,1.0,1
00034,1.0,1.0,1
00035,1.0,1.0,1
00036,1.0,1.0,1
00037,1.0,1.0,1
00038,1.0,1.0,1
00039,1.0,1.0,1
00040,1.0,1.0,1
00041,1.0,1.0,1
00042,1.0,1.0,1
00043,1.0,1.0,1
00044,1.0,1.0,1
00045,1.0,1.0,1
00046,1.0,1.0,1
00047,1.0,1.0,1
00048,1.0,1.0,1
00049,1.0,1.0,1
00050,1.0,1.0,1
00051,1.0,1.0,1
00052,1.0,1.0,1
00053,1.0,1.0,1
00054,1.0,1.0,1
00055,1.0,1.0,1
00056,1.0,1.0,1
00057,1.0,1.0,1
00058,1.0,1.0,1
00059,1.0,1.0,1
00060,1.0,1.0,1
00061,1.0,1.0,1
00062,1.0,1.0,1
00063,1.0,1.0,1
00064,1.0,1.0,1
00065,1.0,1.0,1
00066,1.0,1.0,1
00067,1.0,1.0,1
00068,1.0,1.0,1
00069,1.0,1.0,1
00070,1.0,1.0,1
00071,1.0,1.0,1
00072,1.0,1.0,1
00073,1.0,1.0,1
00074,1.0,1.0,1
00075,1.0,1.0,1
00076,1.0,1.0,1
00077,1.0,1.0,1
00078,1.0,1.0,1
00079,1.0,1.0,1
00080,1.0,1.0,1
00081,1.0,1.0,1
00082,1.0,1.0,1
00083,1.0,1.0,1
00084,1.0,1.0,1
00085,1.0,1.0,1
00086,1.0,1.0,1
00087,1.0,1.0,1
00088,1.0,1.0,1
00089,1.0,1.0,1
00090,1.0,1.0,1
00091,1.0,1.0,1
00092,1.0,1.0,1
00093,1.0,1.0,1
00094,1.0,1.0,1
00095,1.0,1.0,1
00096,1.0,1.0,1
00097,1.0,1.0,1
00098,1.0,1.0,1
00099,1.0,1.0,1
00100,1.0,1.0,1
00101,1.0,1.0,1
00102,1.0,1.0,1
00103,1.0,1.0,1
00104,1.0,1.0,1
00105,1.0,1.0,1
00106,1.0,1.0,1
00107,1.0,1.0,1
00108,1.0,1.0,1
00109,1.0,1.0,1
00110,1.0,1.0,1
00111,1.0,1.0,1
00112,1.0,1.0,1
00113,1.0,1.0,1
00114,1.0,1.0,1
00115,1.0,1.0,1
00116,1.0,1.0,1
00117,1.0,1.0,1
00118,1.0,1.0,1
00119,1.0,1.0,1
00120,1.0,1.0,1
00121,1.0,1.0,1
00122,1.0,1.0,1
00123,1.0,1.0,1
00124,1.0,1.0,1
00125,1.0,1.0,1
00126,1.0,1.0,1
00127,1.0,1.0,1
00128,1.0,1.0,1
00129,1.0,1.0,1
00130,1.0,1.0,1
00131,1.0,1.0,1
00132,1.0,1.0,1
00133,1.0,1.0,1
00134,1.0,1.0,1
00135,1.0,1.0,1
00136,1.0,1.0,1
00137,1.0,1.0,1
00138,1.0,1.0,1
00139,1.0,1.0,1
00140,1.0,1.0,1
00141,1.0,1.0,1
00142,1.0,1.0,1
00143,1.0,1.0,1
00144,1.0,1.0,1
00145,1.0,1.0,1
00146,1.0,1.0,1
00147,1.0,1.0,1
00148,1.0,1.0,1
00149,1.0,1.0,1
00150,1.0,1.0,1
00151,1.0,1.0,1
00152,1.0,1.0,1
00153,1.0,1.0,1
00154,1.0,1.0,1
00155,1.0,1.0,1
00156,1.0,1.0,1
00157,1.0,1.0,1
00158,1.0,1.0,1
00159,1.0,1.0,1
00160,1.0,1.0,1
00161,1.0,1.0,1
00162,1.0,1.0,1
00163,1.0,1.0,1
00164,1.0,1.0,1
00165,1.0,1.0,1
00166,1.0,1.0,1
00167,1.0,1.0,1
00168,1.0,1.0,1
00169,1.0,1.0,1
00170,1.0,1.0,1
00171,1.0,1.0,1
00172,1.0,1.0,1
00173,1.0,1.0,1
00174,1.0,1.0,1
00175,1.0,1.0,1
00176,1.0,1.0,1
00177,1.0,1.0,1
00178,1.0,1.0,1
00179,1.0,1.0,1
00180,1.0,1.0,1
00181,1.0,1.0,1
00182,1.0,1.0,1
00183,1.0,1.0,1
00184,1.0,1.0,1
00185,1.0,1.0,1
00186,1.0,1.0,1
00187,1.0,1.0,1
00188,1.0,1.0,1
00189,1.0,1.0,1
00190,1.0,1.0,1
00191,1.0,1.0,1
00192,1.0,1.0,1
00193,1.0,1.0,1
00194,1.0,1.0,1
00195,1.0,1.0,1
00196,1.0,1.0,1
00197,1.0,1.0,1
00198,1.0,1.0,1
00199,1.0,1.0,1
00200,1.0,1.0,1
00201,1.0,1.0,1
00202,1.0,1.0,1
00203,1.0,1.0,1
00204,1.0,1.0,1
00205,1.0,1.0,1
00206,1.0,1.0,1
00207,1.0,1.0,1
00208,1.0,1.0,1
00209,1.0,1.0,1
00210,1.0,1.0,1
00211,1.0,1.0,1
00212,1.0,1.0,1
00213,1.0,1.0,1
00214,1.0,1.0,1
00215,1.0,1.0,1
00216,1.0,1.0,1
00217,1.0,1.0,1
00218,1.0,1.0,1
00219,1.0,1.0,1
00220,1.0,1.0,1
00221,1.0,1.0,1
00222,1.0,1.0,1
00223,1.0,1.0,1
00224,1.0,1.0,1
00225,1.0,1.0,1
00226,1.0,1.0,1
00227,1.0,1.0,1
00228,1.0,1.0,1
00229,1.0,1.0,1
00230,1.0,1.0,1
00231,1.0,1.0,1
00232,1.0,1.0,1
00233,1.0,1.0,1
00234,1.0,1.0,1
00235,1.0,1.0,1
00236,1.0,1.0,1
00237,1.0,1.0,1
00238,1.0,1.0,1
00239,1.0,1.0,1
00240,1.0,1.0,1
00241,1.0,1.0,1
00242,1.0,1.0,1
00243,1.0,1.0,1
00244,1.0,1.0,1
00245,1.0,1.0,1
00246,1.0,1.0,1
00247,1.0,1.0,1
00248,1.0,1.0,1
00249,1.0,1.0,1
00250,1.0,1.0,1
00251,1.0,1.0,1
00252,1.0,1.0,1
00253,1.0,1.0,1
00254,1.0,1.0,1
00255,1.0,1.0,1
00256,1.0,1.0,1
00257,1.0,1.0,1
00258,1.0,1.0,1
00259,1.0,1.0,1
00260,1.0,1.0,1
00261,1.0,1.0,1
00262,1.0,1.0,1
00263,1.0,1.0,1
00264,1.0,1.0,1
00265,1.0,1.0,1
00266,1.0,1.0,1
00267,1.0,1.0,1
00268,1.0,1.0,1
00269,1.0,1.0,1
00270,1.0,1.0,1
00271,1.0,1.0,1
00272,1.0,1.0,1
00273,1.0,1.0,1
00274,1.0,1.0,1
00275,1.0,1.0,1
00276,1.0,1.0,1
00277,1.0,1.0,1
00278,1.0,1.0,1
00279,1.0,1.0,1
00280,1.0,1.0,1
00281,1.0,1.0,1
00282,1.0,1.0,1
00283,1.0,1.0,1
00284,1.0,1.0,1
00285,1.0,1.0,1
00286,1.0,1.0,1
00287,1.0,1.0,1
00288,1.0,1.0,1
00289,1.0,1.0,1
00290,1.0,1.0,1
00291,1.0,1.0,1
00292,1.0,1.0,1
00293,1.0,1.0,1
00294,1.0,1.0,1
00295,1.0,1.0,1
00296,1.0,1.0,1
00297,1.0,1.0,1
00298,1.0,1.0,1
00299,1.0,1.0,1
00300,1.0,1.0,1
00301,1.0,1.0,1
00302,1.0,1.0,1
00303,1.0,1.0,1
00304,1.0,1.0,1
00305,1.0,1.0,1
00306,1.0,1.0,1
00307,1.0,1.0,1
00308,1.0,1.0,1
00309,1.0,1.0,1
00310,1.0,1.0,1
00311,1.0,1.0,1
00312,1.0,1.0,1
00313,1.0,1.0,1
00314,1.0,1.0,1
00315,1.0,1.0,1
00316,1.0,1.0,1
00317,1.0,1.0,1
00318,1.0,1.0,1
00319,1.0,1.0,1
00320,1.0,1.0,1
00321,1.0,1.0,1
00322,1.0,1.0,1
00323,1.0,1.0,1
00324,1.0,1.0,1
00325,1.0,1.0,1
00326,1.0,1.0,1
00327,1.0,1.0,1
00328,1.0,1.0,1
00329,1.0,1.0,1
00330,1.0,1.0,1
00331,1.0,1.0,1
00332,1.0,1.0,1
00333,1.0,1.0,1
00334,1.0,1.0,1
00335,1.0,1.0,1
00336,1.0,1.0,1
00337,1.0,1.0,1
00338,1.0,1.0,1
00339,1.0,1.0,1
00340,1.0,1.0,1
00341,1.0,1.0,1
00342,1.0,1.0,1
00343,1.0,1.0,1
00344,1.0,1.0,1
00345,1.0,1.0,1
00346,1.0,1.0,1
00347,1.0,1.0,1
00348,1.0,1.0,1
00349,1.0,1.0,1
00350,1.0,1.0,1
00351,1.0,1.0,1
00352,1.0,1.0,1
00353,1.0,1.0,1
00354,1.0,1.0,1
00355,1.0,1.0,1
00356,1.0,1.0,1
00357,1.0,1.0,1
00358,1.0,1.0,1
00359,1.0,1.0,1
00360,1.0,1.0,1
00361,1.0,1.0,1
00362,1.0,1.0,1
00363,1.0,1.0,1
00364,1.0,1.0,1
00365,1.0,1.0,1
00366,1.0,1.0,1
00367,1.0,1.0,1
00368,1.0,1.0,1
00369,1.0,1.0,1
00370,1.0,1.0,1
00371,1.0,1.0,1
00372,1.0,1.0,1
00373,1.0,1.0,1
00374,1.0,1.0,1
00375,1.0,1.0,1
00376,1.0,1.0,1
00377,1.0,1.0,1
00378,1.0,1.0,1
00379,1.0,1.0,1
00380,1.0,1.0,1
00381,1.0,1.0,1
00382,1.0,1.0,1
00383,1.0,1.0,1
00384,1.0,1.0,1
00385,1.0,1.0,1
00386,1.0,1.0,1
00387,1.0,1.0,1
00388,1.0,1.0,1
00389,1.0,1.0,1
00390,1.0,1.0,1
00391,1.0,1.0,1
00392,1.0,1.0,1
00393,1.0,1.0,1
00394,1.0,1.0,1
00395,1.0,1.0,1
00396,1.0,1.0,1
00397,1.0,1.0,1
00398,1.0,1.0,1
00399,1.0,1.0,1
00400,1.0,1.0,1
00401,1.0,1.0,1
00402,1.0,1.0,1
00403,1.0,1.0,1
00404,1.0,1.0,1
00405,1.0,1.0,1
00406,1.0,1.0,1
00407,1.0,1.0,1
00408,1.0,1.0,1
00409,1.0,1.0,1
00410,1.0,1.0,1
00411,1.0,1.0,1
00412,1.0,1.0,1
00413,1.0,1.0,1
00414,1.0,1.0,1
00415,1.0,1.0,1
00416,1.0,1.0,1
00417,1.0,1.0,1
00418,1.0,1.0,1
00419,1.0,1.0,1
00420,1.0,1.0,1
00421,1.0,1.0,1
00422,1.0,1.0,1
00423,1.0,1.0,1
00424,1.0,1.0,1
00425,1.0,1.0,1
00426,1.0,1.0,1
00427,1.0,1.0,1
00428,1.0,1.0,1
00429,1.0,1.0,1
00430,1.0,1.0,1
00431,1.0,1.0,1
00432,1.0,1.0,1
00433,1.0,1.0,1
00434,1.0,1.0,1
00435,1.0,1.0,1
00436,1.0,1.0,1
00437,1.0,1.0,1
00438,1.0,1.0,1
00439,1.0,1.0,1
00440,1.0,1.0,1
00441,1.0,1.0,1
00442,1.0,1.0,1
00443,1.0,1.0,1
00444,1.0,1.0,1
00445,1.0,1.0,1
00446,1.0,1.0,1
00447,1.0,1.0,1
00448,1.0,1.0,1
00449,1.0,1.0,1
00450,1.0,1.0,1
00451,1.0,1.0,1
00452,1.0,1.0,1
00453,1.0,1.0,1
00454,1.0,1.0,1
00455,1.0,1.0,1
00456,1.0,1.0,1
00457,1.0,1.0,1
00458,1.0,1.0,1
00459,1.0,1.0,1
00460,1.0,1.0,1
00461,1.0,1.0,1
00462,1.0,1.0,1
00463,1.0,1.0,1
00464,1.0,1.0,1
00465,1.0,1.0,1
00466,1.0,1.0,1
00467,1.0,1.0,1
00468,1.0,1.0,1
00469,1.0,1.0,1
00470,1.0,1.0,1
00471,1.0,1.0,1
00472,1.0,1.0,1
00473,1.0,1.0,1
00474,1.0,1.0,1
00475,1.0,1.0,1
00476,1.0,1.0,1
00477,1.0,1.0,1
00478,1.0,1.0,1
00479,1.0,1.0,1
00480,1.0,1.0,1
00481,1.0,1.0,1
00482,1.0,1.0,1
00483,1.0,1.0,1
00484,1.0,1.0,1
00485,1.0,1.0,1
00486,1.0,1.0,1
00487,1.0,1.0,1
00488,1.0,1.0,1
00489,1.0,1.0,1
00490,1.0,1.0,1
00491,1.0,1.0,1
00492,1.0,1.0,1
00493,1.0,1.0,1
00494,1.0,1.0,1
00495,1.0,1.0,1
00496,1.0,1.0,1
00497,1.0,1.0,1
00498,1.0,1.0,1
00499,1.0,1.0,1
00500,1.0,1.0,1
00501,1.0,1.0,1
00502,1.0,1.0,1
00503,1.0,1.0,1
00504,1.0,1.0,1
00505,1.0,1.0,1
00506,1.0,1.0,1
00507,1.0,1.0,1
00508,1.0,1.0,1
00509,1.0,1.0,1
00510,1.0,1.0,1
00511,1.0,1.0,1
00512,1.0,1.0,1
00513,1.0,1.0,1
00514,1.0,1.0,1
00515,1.0,1.0,1
00516,1.0,1.0,1
00517,1.0,1.0,1
00518,1.0,1.0,1
00519,1.0,1.0,1
00520,1.0,1.0,1
00521,1.0,1.0,1
00522,1.0,1.0,1
00523,1.0,1.0,1
00524,1.0,1.0,1
00525,1.0,1.0,1
00526,1.0,1.0,1
00527,1.0,1.0,1
00528,1.0,1.0,1
00529,1.0,1.0,1
00530,1.0,1.0,1
00531,1.0,1.0,1
00532,1.0,1.0,1
00533,1.0,1.0,1
00534,1.0,1.0,1
00535,1.0,1.0,1
00536,1.0,1.0,1
00537,1.0,1.0,1
00538,1.0,1.0,1
00539,1.0,1.0,1
00540,1.0,1.0,1
00541,1.0,1.0,1
00542,1.0,1.0,1
00543,1.0,1.0,1
00544,1.0,1.0,1
00545,1.0,1.0,1
00546,1.0,1.0,1
00547,1.0,1.0,1
00548,1.0,1.0,1
00549,1.0,1.0,1
00550,1.0,1.0,1
00551,1.0,1.0,1
00552,1.0,1.0,1
00553,1.0,1.0,1
00554,1.0,1.0,1
00555,1.0,1.0,1
00556,1.0,1.0,1
00557,1.0,1.0,1
00558,1.0,1.0,1
00559,1.0,1.0,1
00560,1.0,1.0,1
00561,1.0,1.0,1
00562,1.0,1.0,1
00563,1.0,1.0,1
00564,1.0,1.0,1
00565,1.0,1.0,1
00566,1.0,1.0,1
00567,1.0,1.0,1
00568,1.0,1.0,1
00569,1.0,1.0,1
00570,1.0,1.0,1
00571,1.0,1.0,1
00572,1.0,1.0,1
00573,1.0,1.0,1
00574,1.0,1.0,1
00575,1.0,1.0,1
00576,1.0,1.0,1
00577,1.0,1.0,1
00578,1.0,1.0,1
00579,1.0,1.0,1
00580,1.0,1.0,1
00581,1.0,1.0,1
00582,1.0,1.0,1
00583,1.0,1.0,1
00584,1.0,1.0,1
00585,1.0,1.0,1
00586,1.0,1.0,1
00587,1.0,1.0,1
00588,1.0,1.0,1
00589,1.0,1.0,1
00590,1.0,1.0,1
00591,1.0,1.0,1
00592,1.0,1.0,1
00593,1.0,1.0,1
00594,1.0,1.0,1
00595,1.0,1.0,1
00596,1.0,1.0,1
00597,1.0,1.0,1
00598,1.0,1.0,1
00599,1.0,1.0,1
00600,1.0,1.0,1
00601,1.0,1.0,1
00602,1.0,1.0,1
00603,1.0,1.0,1
00604,1.0,1.0,1
00605,1.0,1.0,1
00606,1.0,1.0,1
00607,1.0,1.0,1
00608,1.0,1.0,1
00609,1.0,1.0,1
00610,1.0,1.0,1
00611,1.0,1.0,1
00612,1.0,1.0,1
00613,1.0,1.0,1
00614,1.0,1.0,1
00615,1.0,1.0,1
00616,1.0,1.0,1
00617,1.0,1.0,1
00618,1.0,1.0,1
00619,1.0,1.0,1
00620,1.0,1.0,1
00621,1.0,1.0,1
00622,1.0,1.0,1
00623,1.0,1.0,1
00624,1.0,1.0,1
00625,1.0,1.0,1
00626,1.0,1.0,1
00627,1.0,1.0,1
00628,1.0,1.0,1
00629,1.0,1.0,1
00630,1.0,1.0,1
00631,1.0,1.0,1
00632,1.0,1.0,1
00633,1.0,1.0,1
00634,1.0,1.0,1
00635,1.0,1.0,1
00636,1.0,1.0,1
00637,1.0,1.0,1
00638,1.0,1.0,1
00639,1.0,1.0,1
00640,1.0,1.0,1
00641,1.0,1.0,1
00642,1.0,1.0,1
00643,1.0,1.0,1
00644,1.0,1.0,1
00645,1.0,1.0,1
00646,1.0,1.0,1
00647,1.0,1.0,1
00648,1.0,1.0,1
00649,1.0,1.0,1
00650,1.0,1.0,1
00651,1.0,1.0,1
00652,1.0,1.0,1
00653,1.0,1.0,1
00654,1.0,1.0,1
00655,1.0,1.0,1
00656,1.0,1.0,1
00657,1.0,1.0,1
00658,1.0,1.0,1
00659,1.0,1.0,1
00660,1.0,1.0,1
00661,1.0,1.0,1
00662,1.0,1.0,1
00663,1.0,1.0,1
00664,1.0,1.0,1
00665,1.0,1.0,1
00666,1.0,1.0,1
00667,1.0,1.0,1
00668,1.0,1.0,1
00669,1.0,1.0,1
00670,1.0,1.0,1
00671,1.0,1.0,1
00672,1.0,1.0,1
00673,1.0,1.0,1
00674,1.0,1.0,1
00675,1.0,1.0,1
00676,1.0,1.0,1
00677,1.0,1.0,1
00678,1.0,1.0,1
00679,1.0,1.0,1
00680,1.0,1.0,1
00681,1.0,1.0,1
00682,1.0,1.0,1
00683,1.0,1.0,1
00684,1.0,1.0,1
00685,1.0,1.0,1
00686,1.0,1.0,1
00687,1.0,1.0,1
00688,1.0,1.0,1
00689,1.0,1.0,1
00690,1.0,1.0,1
00691,1.0,1.0,1
00692,1.0,1.0,1
00693,1.0,1.0,1
00694,1.0,1.0,1
00695,1.0,1.0,1
00696,1.0,1.0,1
00697,1.0,1.0,1
00698,1.0,1.0,1
00699,1.0,1.0,1
00700,1.0,1.0,1
00701,1.0,1.0,1
00702,1.0,1.0,1
00703,1.0,1.0,1
00704,1.0,1.0,1
00705,1.0,1.0,1
00706,1.0,1.0,1
00707,1.0,1.0,1
00708,1.0,1.0,1
00709,1.0,1.0,1
00710,1.0,1.0,1
00711,1.0,1.0,1
00712,1.0,1.0,1
00713,1.0,1.0,1
00714,1.0,1.0,1
00715,1.0,1.0,1
00716,1.0,1.0,1
00717,1.0,1.0,1
00718,1.0,1.0,1
00719,1.0,1.0,1
00720,1.0,1.0,1
00721,1.0,1.0,1
00722,1.0,1.0,1
00723,1.0,1.0,1
00724,1.0,1.0,1
00725,1.0,1.0,1
00726,1.0,1.0,1
00727,1.0,1.0,1
00728,1.0,1.0,1
00729,1.0,1.0,1
00730,1.0,1.0,1
00731,1.0,1.0,1
00732,1.0,1.0,1
00733,1.0,1.0,1
00734,1.0,1.0,1
00735,1.0,1.0,1
00736,1.0,1.0,1
00737,1.0,1.0,1
00738,1.0,1.0,1
00739,1.0,1.0,1
00740,1.0,1.0,1
00741,1.0,1.0,1
00742,1.0,1.0,1
00743,1.0,1.0,1
00744,1.0,1.0,1
00745,1.0,1.0,1
00746,1.0,1.0,1
00747,1.0,1.0,1
00748,1.0,1.0,1
00749,1.0,1.0,1
00750,1.0,1.0,1
00751,1.0,1.0,1
00752,1.0,1.0,1
00753,1.0,1.0,1
00754,1.0,1.0,1
00755,1.0,1.0,1
00756,1.0,1.0,1
00757,1.0,1.0,1
00758,1.0,1.0,1
00759,1.0,1.0,1
00760,1.0,1.0,1
00761,1.0,1.0,1
00762,1.0,1.0,1
00763,1.0,1.0,1
00764,1.0,1.0,1
00765,1.0,1.0,1
00766,1.0,1.0,1
00767,1.0,1.0,1
00768,1.0,1.0,1
00769,1.0,1.0,1
00770,1.0,1.0,1
00771,1.0,1.0,1
00772,1.0,1.0,1
00773,1.0,1.0,1
00774,1.0,1.0,1
00775,1.0,1.0,1
00776,1.0,1.0,1
00777,1.0,1.0,1
00778,1.0,1.0,1
00779,1.0,1.0,1
00780,1.0,1.0,1
00781,1.0,1.0,1
00782,1.0,1.0,1
00783,1.0,1.0,1
00784,1.0,1.0,1
00785,1.0,1.0,1
00786,1.0,1.0,1
00787,1.0,1.0,1
00788,1.0,1.0,1
00789,1.0,1.0,1
00790,1.0,1.0,1
00791,1.0,1.0,1
00792,1.0,1.0,1
00793,1.0,1.0,1
00794,1.0,1.0,1
00795,1.0,1.0,1
00796,1.0,1.0,1
00797,1.0,1.0,1
00798,1.0,1.0,1
00799,1.0,1.0,1
00800,1.0,1.0,1
00801,1.0,1.0,1
00802,1.0,1.0,1
00803,1.0,1.0,1
00804,1.0,1.0,1
00805,1.0,1.0,1
00806,1.0,1.0,1
00807,1.0,1.0,1
00808,1.0,1.0,1
00809,1.0,1.0,1
00810,1.0,1.0,1
00811,1.0,1.0,1
00812,1.0,1.0,1
00813,1.0,1.0,1
00814,1.0,1.0,1
00815,1.0,1.0,1
00816,1.0,1.0,1
00817,1.0,1.0,1
00818,1.0,1.0,1
00819,1.0,1.0,1
00820,1.0,1.0,1
00821,1.0,1.0,1
00822,1.0,1.0,1
00823,1.0,1.0,1
00824,1.0,1.0,1
00825,1.0,1.0,1
00826,1.0,1.0,1
00827,1.0,1.0,1
00828,1.0,1.0,1
00829,1.0,1.0,1
00830,1.0,1.0,1
00831,1.0,1.0,1
00832,1.0,1.0,1
00833,1.0,1.0,1
00834,1.0,1.0,1
00835,1.0,1.0,1
00836,1.0,1.0,1
00837,1.0,1.0,1
00838,1.0,1.0,1
00839,1.0,1.0,1
00840,1.0,1.0,1
00841,1.0,1.0,1
00842,1.0,1.0,1
00843,1.0,1.0,1
00844,1.0,1.0,1
00845,1.0,1.0,1
00846,1.0,1.0,1
00847,1.0,1.0,1
00848,1.0,1.0,1
00849,1.0,1.0,1
00850,1.0,1.0,1
00851,1.0,1.0,1
00852,1.0,1.0,1
00853,1.0,1.0,1
00854,1.0,1.0,1
00855,1.0,1.0,1
00856,1.0,1.0,1
00857,1.0,1.0,1
00858,1.0,1.0,1
00859,1.0,1.0,1
00860,1.0,1.0,1
00861,1.0,1.0,1
00862,1.0,1.0,1
00863,1.0,1.0,1
00864,1.0,1.0,1
00865,1.0,1.0,1
00866,1.0,1.0,1
00867,1.0,1.0,1
00868,1.0,1.0,1
00869,1.0,1.0,1
00870,1.0,1.0,1
00871,1.0,1.0,1
00872,1.0,1.0,1
00873,1.0,1.0,1
00874,1.0,1.0,1
00875,1.0,1.0,1
00876,1.0,1.0,1
00877,1.0,1.0,1
00878,1.0,1.0,1
00879,1.0,1.0,1
00880,1.0,1.0,1
00881,1.0,1.0,1
00882,1.0,1.0,1
00883,1.0,1.0,1
00884,1.0,1.0,1
00885,1.0,1.0,1
00886,1.0,1.0,1
00887,1.0,1.0,1
00888,1.0,1.0,1
00889,1.0,1.0,1
00890,1.0,1.0,1
00891,1.0,1.0,1
00892,1.0,1.0,1
00893,1.0,1.0,1
00894,1.0,1.0,1
00895,1.0,1.0,1
00896,1.0,1.0,1
00897,1.0,1.0,1
00898,1.0,1.0,1
00899,1.0,1.0,1
00900,1.0,1.0,1
00901,1.0,1.0,1
00902,1.0,1.0,1
00903,1.0,1.0,1
00904,1.0,1.0,1
00905,1.0,1.0,1
00906,1.0,1.0,1
00907,1.0,1.0,1
00908,1.0,1.0,1
00909,1.0,1.0,1
00910,1.0,1.0,1
00911,1.0,1.0,1
00912,1.0,1.0,1
00913,1.0,1.0,1
00914,1.0,1.0,1
00915,1.0,1.0,1
00916,1.0,1.0,1
00917,1.0,1.0,1
00918,1.0,1.0,1
00919,1.0,1.0,1
00920,1.0,1.0,1
00921,1.0,1.0,1
00922,1.0,1.0,1
00923,1.0,1.0,1
00924,1.0,1.0,1
00925,1.0,1.0,1
00926,1.0,1.0,1
00927,1.0,1.0,1
00928,1.0,1.0,1
00929,1.0,1.0,1
00930,1.0,1.0,1
00931,1.0,1.0,1
00932,1.0,1.0,1
00933,1.0,1.0,1
00934,1.0,1.0,1
00935,1.0,1.0,1
00936,1.0,1.0,1
00937,1.0,1.0,1
00938,1.0,1.0,1
00939,1.0,1.0,1
00940,1.0,1.0,1
00941,1.0,1.0,1
00942,1.0,1.0,1
00943,1.0,1.0,1
00944,1.0,1.0,1
00945,1.0,1.0,1
00946,1.0,1.0,1
00947,1.0,1.0,1
00948,1.0,1.0,1
00949,1.0,1.0,1
00950,1.0,1.0,1
00951,1.0,1.0,1
00952,1.0,1.0,1
00953,1.0,1.0,1
00954,1.0,1.0,1
00955,1.0,1.0,1
00956,1.0,1.0,1
00957,1.0,1.0,1
00958,1.0,1.0,1
00959,1.0,1.0,1
00960,1.0,1.0,1
00961,1.0,1.0,1
00962,1.0,1.0,1
00963,1.0,1.0,1
00964,1.0,1.0,1
00965,1.0,1.0,1
00966,1.0,1.0,1
00967,1.0,1.0,1
00968,1.0,1.0,1
00969,1.0,1.0,1
00970,1.0,1.0,1
00971,1.0,1.0,1
00972,1.0,1.0,1
00973,1.0,1.0,1
00974,1.0,1.0,1
00975,1.0,1.0,1
00976,1.0,1.0,1
00977,1.0,1.0,1
00978,1.0,1.0,1
00979,1.0,1.0,1
00980,1.0,1.0,1
00981,1.0,1.0,1
00982,1.0,1.0,1
00983,1.0,1.0,1
00984,1.0,1.0,1
00985,1.0,1.0,1
00986,1.0,1.0,1
00987,1.0,1.0,1
00988,1.0,1.0,1
00989,1.0,1.0,1
00990,1.0,1.0,1
00991,1.0,1.0,1
00992,1.0,1.0,1
00993,1.0,1.0,1
00994,1.0,1.0,1
00995,1.0,1.0,1
00996,1.0,1.0,1
00997,1.0,1.0,1
00998,1.0,1.0,1
00999,1.0,1.0,1
01000,1.0,1.0,1
01001,1.0,1.0,1
01002,1.0,1.0,1
01003,1.0,1.0,1
01004,1.0,1.0,1
01005,1.0,1.0,1
01006,1.0,1.0,1
01007,1.0,1.0,1
01008,1.0,1.0,1
01009,1.0,1.0,1
01010,1.0,1.0,1
01011,1.0,1.0,1
01012,1.0,1.0,1
01013,1.0,1.0,1
01014,1.0,1.0,1
01015,1.0,1.0,1
01016,1.0,1.0,1
01017,1.0,1.0,1
01018,1.0,1.0,1
01019,1.0,1.0,1
01020,1.0,1.0,1
01021,1.0,1.0,1
01022,1.0,1.0,1
01023,1.0,1.0,1
01024,1.0,1.0,1
01025,1.0,1.0,1
01026,1.0,1.0,1
01027,1.0,1.0,1
01028,1.0,1.0,1
01029,1.0,1.0,1
01030,1.0,1.0,1
01031,1.0,1.0,1
01032,1.0,1.0,1
01033,1.0,1.0,1
01034,1.0,1.0,1
01035,1.0,1.0,1
01036,1.0,1.0,1
01037,1.0,1.0,1
01038,1.0,1.0,1
01039,1.0,1.0,1
01040,1.0,1.0,1
01041,1.0,1.0,1
01042,1.0,1.0,1
01043,1.0,1.0,1
01044,1.0,1.0,1
01045,1.0,1.0,1
01046,1.0,1.0,1
01047,1.0,1.0,1
01048,1.0,1.0,1
01049,1.0,1.0,1
01050,1.0,1.0,1
01051,1.0,1.0,1
01052,1.0,1.0,1
01053,1.0,1.0,1
01054,1.0,1.0,1
01055,1.0,1.0,1
01056,1.0,1.0,1
01057,1.0,1.0,1
01058,1.0,1.0,1
01059,1.0,1.0,1
01060,1.0,1.0,1
01061,1.0,1.0,1
01062,1.0,1.0,1
01063,1.0,1.0,1
01064,1.0,1.0,1
01065,1.0,1.0,1
01066,1.0,1.0,1
01067,1.0,1.0,1
01068,1.0,1.0,1
01069,1.0,1.0,1
01070,1.0,1.0,1
01071,1.0,1.0,1
01072,1.0,1.0,1
01073,1.0,1.0,1
01074,1.0,1.0,1
01075,1.0,1.0,1
01076,1.0,1.0,1
01077,1.0,1.0,1
01078,1.0,1.0,1
01079,1.0,1.0,1
01080,1.0,1.0,1
01081,1.0,1.0,1
01082,1.0,1.0,1
01083,1.0,1.0,1
01084,1.0,1.0,1
01085,1.0,1.0,1
01086,1.0,1.0,1
01087,1.0,1.0,1
01088,1.0,1.0,1
01089,1.0,1.0,1
01090,1.0,1.0,1
01091,1.0,1.0,1
01092,1.0,1.0,1
01093,1.0,1.0,1
01094,1.0,1.0,1
01095,1.0,1.0,1
01096,1.0,1.0,1
01097,1.0,1.0,1
01098,1.0,1.0,1
01099,1.0,1.0,1
01100,1.0,1.0,1
01101,1.0,1.0,1
01102,1.0,1.0,1
01103,1.0,1.0,1
01104,1.0,1.0,1
01105,1.0,1.0,1
01106,1.0,1.0,1
01107,1.0,1.0,1
01108,1.0,1.0,1
01109,1.0,1.0,1
01110,1.0,1.0,1
01111,1.0,1.0,1
01112,1.0,1.0,1
01113,1.0,1.0,1
01114,1.0,1.0,1
01115,1.0,1.0,1
01116,1.0,1.0,1
01117,1.0,1.0,1
01118,1.0,1.0,1
01119,1.0,1.0,1
01120,1.0,1.0,1
01121,1.0,1.0,1
01122,1.0,1.0,1
01123,1.0,1.0,1
01124,1.0,1.0,1
01125,1.0,1.0,1
01126,1.0,1.0,1
01127,1.0,1.0,1
01128,1.0,1.0,1
01129,1.0,1.0,1
01130,1.0,1.0,1
01131,1.0,1.0,1
01132,1.0,1.0,1
01133,1.0,1.0,1
01134,1.0,1.0,1
01135,1.0,1.0,1
01136,1.0,1.0,1
01137,1.0,1.0,1
01138,1.0,1.0,1
01139,1.0,1.0,1
01140,1.0,1.0,1
01141,1.0,1.0,1
01142,1.0,1.0,1
01143,1.0,1.0,1
01144,1.0,1.0,1
01145,1.0,1.0,1
01146,1.0,1.0,1
01147,1.0,1.0,1
01148,1.0,1.0,1
01149,1.0,1.0,1
01150,1.0,1.0,1
01151,1.0,1.0,1
01152,1.0,1.0,1
01153,1.0,1.0,1
01154,1.0,1.0,1
01155,1.0,1.0,1
01156,1.0,1.0,1
01157,1.0,1.0,1
01158,1.0,1.0,1
01159,1.0,1.0,1
01160,1.0,1.0,1
01161,1.0,1.0,1
01162,1.0,1.0,1
01163,1.0,1.0,1
01164,1.0,1.0,1
01165,1.0,1.0,1
01166,1.0,1.0,1
01167,1.0,1.0,1
01168,1.0,1.0,1
01169,1.0,1.0,1
01170,1.0,1.0,1
01171,1.0,1.0,1
01172,1.0,1.0,1
01173,1.0,1.0,1
01174,1.0,1.0,1
01175,1.0,1.0,1
01176,1.0,1.0,1
01177,1.0,1.0,1
01178,1.0,1.0,1
01179,1.0,1.0,1
01180,1.0,1.0,1
01181,1.0,1.0,1
01182,1.0,1.0,1
01183,1.0,1.0,1
01184,1.0,1.0,1
01185,1.0,1.0,1
01186,1.0,1.0,1
01187,1.0,1.0,1
01188,1.0,1.0,1
01189,1.0,1.0,1
01190,1.0,1.0,1
01191,1.0,1.0,1
01192,1.0,1.0,1
01193,1.0,1.0,1
01194,1.0,1.0,1
01195,1.0,1.0,1
01196,1.0,1.0,1
01197,1.0,1.0,1
01198,1.0,1.0,1
01199,1.0,1.0,1
01200,1.0,1.0,1
01201,1.0,1.0,1
01202,1.0,1.0,1
01203,1.0,1.0,1
01204,1.0,1.0,1
01205,1.0,1.0,1
01206,1.0,1.0,1
01207,1.0,1.0,1
01208,1.0,1.0,1
01209,1.0,1.0,1
01210,1.0,1.0,1
01211,1.0,1.0,1
01212,1.0,1.0,1
01213,1.0,1.0,1
01214,1.0,1.0,1
01215,1.0,1.0,1
01216,1.0,1.0,1
01217,1.0,1.0,1
01218,1.0,1.0,1
01219,1.0,1.0,1
01220,1.0,1.0,1
01221,1.0,1.0,1
01222,1.0,1.0,1
01223,1.0,1.0,1
01224,1.0,1.0,1
01225,1.0,1.0,1
01226,1.0,1.0,1
01227,1.0,1.0,1
01228,1.0,1.0,1
01229,1.0,1.0,1
01230,1.0,1.0,1
01231,1.0,1.0,1
01232,1.0,1.0,1
01233,1.0,1.0,1
01234,1.0,1.0,1
01235,1.0,1.0,1
01236,1.0,1.0,1
01237,1.0,1.0,1
01238,1.0,1.0,1
01239,1.0,1.0,1
01240,1.0,1.0,1
01241,1.0,1.0,1
01242,1.0,1.0,1
01243,1.0,1.0,1
01244,1.0,1.0,1
01245,1.0,1.0,1
01246,1.0,1.0,1
01247,1.0,1.0,1
01248,1.0,1.0,1
01249,1.0,1.0,1
01250,1.0,1.0,1
01251,1.0,1.0,1
01252,1.0,1.0,1
01253,1.0,1.0,1
01254,1.0,1.0,1
01255,1.0,1.0,1
01256,1.0,1.0,1
01257,1.0,1.0,1
01258,1.0,1.0,1
01259,1.0,1.0,1
01260,1.0,1.0,1
01261,1.0,1.0,1
01262,1.0,1.0,1
01263,1.0,1.0,1
01264,1.0,1.0,1
01265,1.0,1.0,1
01266,1.0,1.0,1
01267,1.0,1.0,1
01268,1.0,1.0,1
01269,1.0,1.0,1
01270,1.0,1.0,1
01271,1.0,1.0,1
01272,1.0,1.0,1
01273,1.0,1.0,1
01274,1.0,1.0,1
01275,1.0,1.0,1
01276,1.0,1.0,1
01277,1.0,1.0,1
01278,1.0,1.0,1
01279,1.0,1.0,1
01280,1.0,1.0,1
01281,1.0,1.0,1
01282,1.0,1.0,1
01283,1.0,1.0,1
01284,1.0,1.0,1
01285,1.0,1.0,1
01286,1.0,1.0,1
01287,1.0,1.0,1
01288,1.0,1.0,1
01289,1.0,1.0,1
01290,1.0,1.0,1
01291,1.0,1.0,1
01292,1.0,1.0,1
01293,1.0,1.0,1
01294,1.0,1.0,1
01295,1.0,1.0,1
01296,1.0,1.0,1
01297,1.0,1.0,1
01298,1.0,1.0,1
01299,1.0,1.0,1
01300,1.0,1.0,1
01301,1.0,1.0,1
01302,1.0,1.0,1
01303,1.0,1.0,1
01304,1.0,1.0,1
01305,1.0,1.0,1
01306,1.0,1.0,1
01307,1.0,1.0,1
01308,1.0,1.0,1
01309,1.0,1.0,1
01310,1.0,1.0,1
01311,1.0,1.0,1
01312,1.0,1.0,1
01313,1.0,1.0,1
01314,1.0,1.0,1
01315,1.0,1.0,1
01316,1.0,1.0,1
01317,1.0,1.0,1
01318,1.0,1.0,1
01319,1.0,1.0,1
01320,1.0,1.0,1
01321,1.0,1.0,1
01322,1.0,1.0,1
01323,1.0,1.0,1
01324,1.0,1.0,1
01325,1.0,1.0,1
01326,1.0,1.0,1
01327,1.0,1.0,1
01328,1.0,1.0,1
01329,1.0,1.0,1
01330,1.0,1.0,1
01331,1.0,1.0,1
01332,1.0,1.0,1
01333,1.0,1.0,1
01334,1.0,1.0,1
01335,1.0,1.0,1
01336,1.0,1.0,1
01337,1.0,1.0,1
01338,1.0,1.0,1
01339,1.0,1.0,1
01340,1.0,1.0,1
01341,1.0,1.0,1
01342,1.0,1.0,1
01343,1.0,1.0,1
01344,1.0,1.0,1
01345,1.0,1.0,1
01346,1.0,1.0,1
01347,1.0,1.0,1
01348,1.0,1.0,1
01349,1.0,1.0,1
01350,1.0,1.0,1
01351,1.0,1.0,1
01352,1.0,1.0,1
01353,1.0,1.0,1
01354,1.0,1.0,1
01355,1.0,1.0,1
01356,1.0,1.0,1
01357,1.0,1.0,1
01358,1.0,1.0,1
01359,1.0,1.0,1
01360,1.0,1.0,1
01361,1.0,1.0,1
01362,1.0,1.0,1
01363,1.0,1.0,1
01364,1.0,1.0,1
01365,1.0,1.0,1
01366,1.0,1.0,1
01367,1.0,1.0,1
01368,1.0,1.0,1
01369,1.0,1.0,1
01370,1.0,1.0,1
01371,1.0,1.0,1
01372,1.0,1.0,1
01373,1.0,1.0,1
01374,1.0,1.0,1
01375,1.0,1.0,1
01376,1.0,1.0,1
01377,1.0,1.0,1
01378,1.0,1.0,1
01379,1.0,1.0,1
01380,1.0,1.0,1
01381,1.0,1.0,1
01382,1.0,1.0,1
01383,1.0,1.0,1
01384,1.0,1.0,1
01385,1.0,1.0,1
01386,1.0,1.0,1
01387,1.0,1.0,1
01388,1.0,1.0,1
01389,1.0,1.0,1
01390,1.0,1.0,1
01391,1.0,1.0,1
01392,1.0,1.0,1
01393,1.0,1.0,1
01394,1.0,1.0,1
01395,1.0,1.0,1
01396,1.0,1.0,1
01397,1.0,1.0,1
01398,1.0,1.0,1
01399,1.0,1.0,1
01400,1.0,1.0,1
01401,1.0,1.0,1
01402,1.0,1.0,1
01403,1.0,1.0,1
01404,1.0,1.0,1
01405,1.0,1.0,1
01406,1.0,1.0,1
01407,1.0,1.0,1
01408,1.0,1.0,1
01409,1.0,1.0,1
01410,1.0,1.0,1
01411,1.0,1.0,1
01412,1.0,1.0,1
01413,1.0,1.0,1
01414,1.0,1.0,1
01415,1.0,1.0,1
01416,1.0,1.0,1
01417,1.0,1.0,1
01418,1.0,1.0,1
01419,1.0,1.0,1
01420,1.0,1.0,1
01421,1.0,1.0,1
01422,1.0,1.0,1
01423,1.0,1.0,1
01424,1.0,1.0,1
01425,1.0,1.0,1
01426,1.0,1.0,1
01427,1.0,1.0,1
01428,1.0,1.0,1
01429,1.0,1.0,1
01430,1.0,1.0,1
01431,1.0,1.0,1
01432,1.0,1.0,1
01433,1.0,1.0,1
01434,1.0,1.0,1
01435,1.0,1.0,1
01436,1.0,1.0,1
01437,1.0,1.0,1
01438,1.0,1.0,1
01439,1.0,1.0,1
01440,1.0,1.0,1
01441,1.0,1.0,1
01442,1.0,1.0,1
01443,1.0,1.0,1
01444,1.0,1.0,1
01445,1.0,1.0,1
01446,1.0,1.0,1
01447,1.0,1.0,1
01448,1.0,1.0,1
01449,1.0,1.0,1
01450,1.0,1.0,1
01451,1.0,1.0,1
01452,1.0,1.0,1
01453,1.0,1.0,1
01454,1.0,1.0,1
01455,1.0,1.0,1
01456,1.0,1.0,1
01457,1.0,1.0,1
01458,1.0,1.0,1
01459,1.0,1.0,1
01460,1.0,1.0,1
01461,1.0,1.0,1
01462,1.0,1.0,1
01463,1.0,1.0,1
01464,1.0,1.0,1
01465,1.0,1.0,1
01466,1.0,1.0,1
01467,1.0,1.0,1
01468,1.0,1.0,1
01469,1.0,1.0,1
01470,1.0,1.0,1
01471,1.0,1.0,1
01472,1.0,1.0,1
01473,1.0,1.0,1
01474,1.0,1.0,1
01475,1.0,1.0,1
01476,1.0,1.0,1
01477,1.0,1.0,1
01478,1.0,1.0,1
01479,1.0,1.0,1
01480,1.0,1.0,1
01481,1.0,1.0,1
01482,1.0,1.0,1
01483,1.0,1.0,1
01484,1.0,1.0,1
01485,1.0,1.0,1
01486,1.0,1.0,1
01487,1.0,1.0,1
01488,1.0,1.0,1
01489,1.0,1.0,1
01490,1.0,1.0,1
01491,1.0,1.0,1
01492,1.0,1.0,1
01493,1.0,1.0,1
01494,1.0,1.0,1
01495,1.0,1.0,1
01496,1.0,1.0,1
01497,1.0,1.0,1
01498,1.0,1.0,1
01499,1.0,1.0,1
01500,1.0,1.0,1
01501,1.0,1.0,1
01502,1.0,1.0,1
01503,1.0,1.0,1
01504,1.0,1.0,1
01505,1.0,1.0,1
01506,1.0,1.0,1
01507,1.0,1.0,1
01508,1.0,1.0,1
01509,1.0,1.0,1
01510,1.0,1.0,1
01511,1.0,1.0,1
01512,1.0,1.0,1
01513,1.0,1.0,1
01514,1.0,1.0,1
01515,1.0,1.0,1
01516,1.0,1.0,1
01517,1.0,1.0,1
01518,1.0,1.0,1
01519,1.0,1.0,1
01520,1.0,1.0,1
01521,1.0,1.0,1
01522,1.0,1.0,1
01523,1.0,1.0,1
01524,1.0,1.0,1
01525,1.0,1.0,1
01526,1.0,1.0,1
01527,1.0,1.0,1
01528,1.0,1.0,1
01529,1.0,1.0,1
01530,1.0,1.0,1
01531,1.0,1.0,1
01532,1.0,1.0,1
01533,1.0,1.0,1
01534,1.0,1.0,1
01535,1.0,1.0,1
01536,1.0,1.0,1
01537,1.0,1.0,1
01538,1.0,1.0,1
01539,1.0,1.0,1
01540,1.0,1.0,1
01541,1.0,1.0,1
01542,1.0,1.0,1
01543,1.0,1.0,1
01544,1.0,1.0,1
01545,1.0,1.0,1
01546,1.0,1.0,1
01547,1.0,1.0,1
01548,1.0,1.0,1
01549,1.0,1.0,1
01550,1.0,1.0,1
01551,1.0,1.0,1
01552,1.0,1.0,1
01553,1.0,1.0,1
01554,1.0,1.0,1
01555,1.0,1.0,1
01556,1.0,1.0,1
01557,1.0,1.0,1
01558,1.0,1.0,1
01559,1.0,1.0,1
01560,1.0,1.0,1
01561,1.0,1.0,1
01562,1.0,1.0,1
01563,1.0,1.0,1
01564,1.0,1.0,1
01565,1.0,1.0,1
01566,1.0,1.0,1
01567,1.0,1.0,1
01568,1.0,1.0,1
01569,1.0,1.0,1
01570,1.0,1.0,1
01571,1.0,1.0,1
01572,1.0,1.0,1
01573,1.0,1.0,1
01574,1.0,1.0,1
01575,1.0,1.0,1
01576,1.0,1.0,1
01577,1.0,1.0,1
01578,1.0,1.0,1
01579,1.0,1.0,1
01580,1.0,1.0,1
01581,1.0,1.0,1
01582,1.0,1.0,1
01583,1.0,1.0,1
01584,1.0,1.0,1
01585,1.0,1.0,1
01586,1.0,1.0,1
01587,1.0,1.0,1
01588,1.0,1.0,1
01589,1.0,1.0,1
01590,1.0,1.0,1
01591,1.0,1.0,1
01592,1.0,1.0,1
01593,1.0,1.0,1
01594,1.0,1.0,1
01595,1.0,1.0,1
01596,1.0,1.0,1
01597,1.0,1.0,1
01598,1.0,1.0,1
01599,1.0,1.0,1
01600,1.0,1.0,1
01601,1.0,1.0,1
01602,1.0,1.0,1
01603,1.0,1.0,1
01604,1.0,1.0,1
01605,1.0,1.0,1
01606,1.0,1.0,1
01607,1.0,1.0,1
01608,1.0,1.0,1
01609,1.0,1.0,1
01610,1.0,1.0,1
01611,1.0,1.0,1
01612,1.0,1.0,1
01613,1.0,1.0,1
01614,1.0,1.0,1
01615,1.0,1.0,1
01616,1.0,1.0,1
01617,1.0,1.0,1
01618,1.0,1.0,1
01619,1.0,1.0,1
01620,1.0,1.0,1
01621,1.0,1.0,1
01622,1.0,1.0,1
01623,1.0,1.0,1
01624,1.0,1.0,1
01625,1.0,1.0,1
01626,1.0,1.0,1
01627,1.0,1.0,1
01628,1.0,1.0,1
01629,1.0,1.0,1
01630,1.0,1.0,1
01631,1.0,1.0,1
01632,1.0,1.0,1
01633,1.0,1.0,1
01634,1.0,1.0,1
01635,1.0,1.0,1
01636,1.0,1.0,1
01637,1.0,1.0,1
01638,1.0,1.0,1
01639,1.0,1.0,1
01640,1.0,1.0,1
01641,1.0,1.0,1
01642,1.0,1.0,1
01643,1.0,1.0,1
01644,1.0,1.0,1
01645,1.0,1.0,1
01646,1.0,1.0,1
01647,1.0,1.0,1
01648,1.0,1.0,1
01649,1.0,1.0,1
01650,1.0,1.0,1
01651,1.0,1.0,1
01652,1.0,1.0,1
01653,1.0,1.0,1
01654,1.0,1.0,1
01655,1.0,1.0,1
01656,1.0,1.0,1
01657,1.0,1.0,1
01658,1.0,1.0,1
01659,1.0,1.0,1
01660,1.0,1.0,1
01661,1.0,1.0,1
01662,1.0,1.0,1
01663,1.0,1.0,1
01664,1.0,1.0,1
01665,1.0,1.0,1
01666,1.0,1.0,1
01667,1.0,1.0,1
01668,1.0,1.0,1
01669,1.0,1.0,1
01670,1.0,1.0,1
01671,1.0,1.0,1
01672,1.0,1.0,1
01673,1.0,1.0,1
01674,1.0,1.0,1
01675,1.0,1.0,1
01676,1.0,1.0,1
01677,1.0,1.0,1
01678,1.0,1.0,1
01679,1.0,1.0,1
01680,1.0,1.0,1
01681,1.0,1.0,1
01682,1.0,1.0,1
01683,1.0,1.0,1
01684,1.0,1.0,1
01685,1.0,1.0,1
01686,1.0,1.0,1
01687,1.0,1.0,1
01688,1.0,1.0,1
01689,1.0,1.0,1
01690,1.0,1.0,1
01691,1.0,1.0,1
01692,1.0,1.0,1
01693,1.0,1.0,1
01694,1.0,1.0,1
01695,1.0,1.0,1
01696,1.0,1.0,1
01697,1.0,1.0,1
01698,1.0,1.0,1
01699,1.0,1.0,1
01700,1.0,1.0,1
01701,1.0,1.0,1
01702,1.0,1.0,1
01703,1.0,1.0,1
01704,1.0,1.0,1
01705,1.0,1.0,1
01706,1.0,1.0,1
01707,1.0,1.0,1
01708,1.0,1.0,1
01709,1.0,1.0,1
01710,1.0,1.0,1
01711,1.0,1.0,1
01712,1.0,1.0,1
01713,1.0,1.0,1
01714,1.0,1.0,1
01715,1.0,1.0,1
01716,1.0,1.0,1
01717,1.0,1.0,1
01718,1.0,1.0,1
01719,1.0,1.0,1
01720,1.0,1.0,1
01721,1.0,1.0,1
01722,1.0,1.0,1
01723,1.0,1.0,1
01724,1.0,1.0,1
01725,1.0,1.0,1
01726,1.0,1.0,1
01727,1.0,1.0,1
01728,1.0,1.0,1
01729,1.0,1.0,1
01730,1.0,1.0,1
01731,1.0,1.0,1
01732,1.0,1.0,1
01733,1.0,1.0,1
01734,1.0,1.0,1
01735,1.0,1.0,1
01736,1.0,1.0,1
01737,1.0,1.0,1
01738,1.0,1.0,1
01739,1.0,1.0,1
01740,1.0,1.0,1
01741,1.0,1.0,1
01742,1.0,1.0,1
01743,1.0,1.0,1
01744,1.0,1.0,1
01745,1.0,1.0,1
01746,1.0,1.0,1
01747,1.0,1.0,1
01748,1.0,1.0,1
01749,1.0,1.0,1
01750,1.0,1.0,1
01751,1.0,1.0,1
01752,1.0,1.0,1
01753,1.0,1.0,1
01754,1.0,1.0,1
01755,1.0,1.0,1
01756,1.0,1.0,1
01757,1.0,1.0,1
01758,1.0,1.0,1
01759,1.0,1.0,1
01760,1.0,1.0,1
01761,1.0,1.0,1
01762,1.0,1.0,1
01763,1.0,1.0,1
01764,1.0,1.0,1
01765,1.0,1.0,1
01766,1.0,1.0,1
01767,1.0,1.0,1
01768,1.0,1.0,1
01769,1.0,1.0,1
01770,1.0,1.0,1
01771,1.0,1.0,1
01772,1.0,1.0,1
01773,1.0,1.0,1
01774,1.0,1.0,1
01775,1.0,1.0,1
01776,1.0,1.0,1
01777,1.0,1.0,1
01778,1.0,1.0,1
01779,1.0,1.0,1
01780,1.0,1.0,1
01781,1.0,1.0,1
01782,1.0,1.0,1
01783,1.0,1.0,1
01784,1.0,1.0,1
01785,1.0,1.0,1
01786,1.0,1.0,1
01787,1.0,1.0,1
01788,1.0,1.0,1
01789,1.0,1.0,1
01790,1.0,1.0,1
01791,1.0,1.0,1
01792,1.0,1.0,1
01793,1.0,1.0,1
01794,1.0,1.0,1
01795,1.0,1.0,1
01796,1.0,1.0,1
01797,1.0,1.0,1
01798,1.0,1.0,1
01799,1.0,1.0,1
01800,1.0,1.0,1
01801,1.0,1.0,1
01802,1.0,1.0,1
01803,1.0,1.0,1
01804,1.0,1.0,1
01805,1.0,1.0,1
01806,1.0,1.0,1
01807,1.0,1.0,1
01808,1.0,1.0,1
01809,1.0,1.0,1
01810,1.0,1.0,1
01811,1.0,1.0,1
01812,1.0,1.0,1
01813,1.0,1.0,1
01814,1.0,1.0,1
01815,1.0,1.0,1
01816,1.0,1.0,1
01817,1.0,1.0,1
01818,1.0,1.0,1
01819,1.0,1.0,1
01820,1.0,1.0,1
01821,1.0,1.0,1
01822,1.0,1.0,1
01823,1.0,1.0,1
01824,1.0,1.0,1
01825,1.0,1.0,1
01826,1.0,1.0,1
01827,1.0,1.0,1
01828,1.0,1.0,1
01829,1.0,1.0,1
01830,1.0,1.0,1
01831,1.0,1.0,1
01832,1.0,1.0,1
01833,1.0,1.0,1
01834,1.0,1.0,1
01835,1.0,1.0,1
01836,1.0,1.0,1
01837,1.0,1.0,1
01838,1.0,1.0,1
01839,1.0,1.0,1
01840,1.0,1.0,1
01841,1.0,1.0,1
01842,1.0,1.0,1
01843,1.0,1.0,1
01844,1.0,1.0,1
01845,1.0,1.0,1
01846,1.0,1.0,1
01847,1.0,1.0,1
01848,1.0,1.0,1
01849,1.0,1.0,1
01850,1.0,1.0,1
01851,1.0,1.0,1
01852,1.0,1.0,1
01853,1.0,1.0,1
01854,1.0,1.0,1
01855,1.0,1.0,1
01856,1.0,1.0,1
01857,1.0,1.0,1
01858,1.0,1.0,1
01859,1.0,1.0,1
01860,1.0,1.0,1
01861,1.0,1.0,1
01862,1.0,1.0,1
01863,1.0,1.0,1
01864,1.0,1.0,1
01865,1.0,1.0,1
01866,1.0,1.0,1
01867,1.0,1.0,1
01868,1.0,1.0,1
01869,1.0,1.0,1
01870,1.0,1.0,1
01871,1.0,1.0,1
01872,1.0,1.0,1
01873,1.0,1.0,1
01874,1.0,1.0,1
01875,1.0,1.0,1
01876,1.0,1.0,1
01877,1.0,1.0,1
01878,1.0,1.0,1
01879,1.0,1.0,1
01880,1.0,1.0,1
01881,1.0,1.0,1
01882,1.0,1.0,1
01883,1.0,1.0,1
01884,1.0,1.0,1
01885,1.0,1.0,1
01886,1.0,1.0,1
01887,1.0,1.0,1
01888,1.0,1.0,1
01889,1.0,1.0,1
01890,1.0,1.0,1
01891,1.0,1.0,1
01892,1.0,1.0,1
01893,1.0,1.0,1
01894,1.0,1.0,1
01895,1.0,1.0,1
01896,1.0,1.0,1
01897,1.0,1.0,1
01898,1.0,1.0,1
01899,1.0,1.0,1
01900,1.0,1.0,1
01901,1.0,1.0,1
01902,1.0,1.0,1
01903,1.0,1.0,1
01904,1.0,1.0,1
01905,1.0,1.0,1
01906,1.0,1.0,1
01907,1.0,1.0,1
01908,1.0,1.0,1
01909,1.0,1.0,1
01910,1.0,1.0,1
01911,1.0,1.0,1
01912,1.0,1.0,1
01913,1.0,1.0,1
01914,1.0,1.0,1
01915,1.0,1.0,1
01916,1.0,1.0,1
01917,1.0,1.0,1
01918,1.0,1.0,1
01919,1.0,1.0,1
01920,1.0,1.0,1
01921,1.0,1.0,1
01922,1.0,1.0,1
01923,1.0,1.0,1
01924,1.0,1.0,1
01925,1.0,1.0,1
01926,1.0,1.0,1
01927,1.0,1.0,1
01928,1.0,1.0,1
01929,1.0,1.0,1
01930,1.0,1.0,1
01931,1.0,1.0,1
01932,1.0,1.0,1
01933,1.0,1.0,1
01934,1.0,1.0,1
01935,1.0,1.0,1
01936,1.0,1.0,1
01937,1.0,1.0,1
01938,1.0,1.0,1
01939,1.0,1.0,1
01940,1.0,1.0,1
01941,1.0,1.0,1
01942,1.0,1.0,1
01943,1.0,1.0,1
01944,1.0,1.0,1
01945,1.0,1.0,1
01946,1.0,1.0,1
01947,1.0,1.0,1
01948,1.0,1.0,1
01949,1.0,1.0,1
01950,1.0,1.0,1
01951,1.0,1.0,1
01952,1.0,1.0,1
01953,1.0,1.0,1
01954,1.0,1.0,1
01955,1.0,1.0,1
01956,1.0,1.0,1
01957,1.0,1.0,1
01958,1.0,1.0,1
01959,1.0,1.0,1
01960,1.0,1.0,1
01961,1.0,1.0,1
01962,1.0,1.0,1
01963,1.0,1.0,1
01964,1.0,1.0,1
01965,1.0,1.0,1
01966,1.0,1.0,1
01967,1.0,1.0,1
01968,1.0,1.0,1
01969,1.0,1.0,1
01970,1.0,1.0,1
01971,1.0,1.0,1
01972,1.0,1.0,1
01973,1.0,1.0,1
01974,1.0,1.0,1
01975,1.0,1.0,1
01976,1.0,1.0,1
01977,1.0,1.0,1
01978,1.0,1.0,1
01979,1.0,1.0,1
01980,1.0,1.0,1
01981,1.0,1.0,1
01982,1.0,1.0,1
01983,1.0,1.0,1
01984,1.0,1.0,1
01985,1.0,1.0,1
01986,1.0,1.0,1
01987,1.0,1.0,1
01988,1.0,1.0,1
01989,1.0,1.0,1
01990,1.0,1.0,1
01991,1.0,1.0,1
01992,1.0,1.0,1
01993,1.0,1.0,1
01994,1.0,1.0,1
01995,1.0,1.0,1
01996,1.0,1.0,1
01997,1.0,1.0,1
01998,1.0,1.0,1
01999,1.0,1.0,1
02000,1.0,1.0,1
02001,1.0,1.0,1
02002,1.0,1.0,1
02003,1.0,1.0,1
02004,1.0,1.0,1
02005,1.0,1.0,1
02006,1.0,1.0,1
02007,1.0,1.0,1
02008,1.0,1.0,1
02009,1.0,1.0,1
02010,1.0,1.0,1
02011,1.0,1.0,1
02012,1.0,1.0,1
02013,1.0,1.0,1
02014,1.0,1.0,1
02015,1.0,1.0,1
02016,1.0,1.0,1
02017,1.0,1.0,1
02018,1.0,1.0,1
02019,1.0,1.0,1
02020,1.0,1.0,1
02021,1.0,1.0,1
02022,1.0,1.0,1
02023,1.0,1.0,1
02024,1.0,1.0,1
02025,1.0,1.0,1
02026,1.0,1.0,1
02027,1.0,1.0,1
02028,1.0,1.0,1
02029,1.0,1.0,1
02030,1.0,1.0,1
02031,1.0,1.0,1
02032,1.0,1.0,1
02033,1.0,1.0,1
02034,1.0,1.0,1
02035,1.0,1.0,1
02036,1.0,1.0,1
02037,1.0,1.0,1
02038,1.0,1.0,1
02039,1.0,1.0,1
02040,1.0,1.0,1
02041,1.0,1.0,1
02042,1.0,1.0,1
02043,1.0,1.0,1
02044,1.0,1.0,1
02045,1.0,1.0,1
02046,1.0,1.0,1
02047,1.0,1.0,1
02048,1.0,1.0,1
02049,1.0,1.0,1
02050,1.0,1.0,1
02051,1.0,1.0,1
02052,1.0,1.0,1
02053,1.0,1.0,1
02054,1.0,1.0,1
02055,1.0,1.0,1
02056,1.0,1.0,1
02057,1.0,1.0,1
02058,1.0,1.0,1
02059,1.0,1.0,1
02060,1.0,1.0,1
02061,1.0,1.0,1
02062,1.0,1.0,1
02063,1.0,1.0,1
02064,1.0,1.0,1
02065,1.0,1.0,1
02066,1.0,1.0,1
02067,1.0,1.0,1
02068,1.0,1.0,1
02069,1.0,1.0,1
02070,1.0,1.0,1
02071,1.0,1.0,1
02072,1.0,1.0,1
02073,1.0,1.0,1
02074,1.0,1.0,1
02075,1.0,1.0,1
02076,1.0,1.0,1
02077,1.0,1.0,1
02078,1.0,1.0,1
02079,1.0,1.0,1
02080,1.0,1.0,1
02081,1.0,1.0,1
02082,1.0,1.0,1
02083,1.0,1.0,1
02084,1.0,1.0,1
02085,1.0,1.0,1
02086,1.0,1.0,1
02087,1.0,1.0,1
02088,1.0,1.0,1
02089,1.0,1.0,1
02090,1.0,1.0,1
02091,1.0,1.0,1
02092,1.0,1.0,1
02093,1.0,1.0,1
02094,1.0,1.0,1
02095,1.0,1.0,1
02096,1.0,1.0,1
02097,1.0,1.0,1
02098,1.0,1.0,1
02099,1.0,1.0,1
02100,1.0,1.0,1
02101,1.0,1.0,1
02102,1.0,1.0,1
02103,1.0,1.0,1
02104,1.0,1.0,1
02105,1.0,1.0,1
02106,1.0,1.0,1
02107,1.0,1.0,1
02108,1.0,1.0,1
02109,1.0,1.0,1
02110,1.0,1.0,1
02111,1.0,1.0,1
02112,1.0,1.0,1
02113,1.0,1.0,1
02114,1.0,1.0,1
02115,1.0,1.0,1
02116,1.0,1.0,1
02117,1.0,1.0,1
02118,1.0,1.0,1
02119,1.0,1.0,1
02120,1.0,1.0,1
02121,1.0,1.0,1
02122,1.0,1.0,1
02123,1.0,1.0,1
02124,1.0,1.0,1
02125,1.0,1.0,1
02126,1.0,1.0,1
02127,1.0,1.0,1
02128,1.0,1.0,1
02129,1.0,1.0,1
02130,1.0,1.0,1
02131,1.0,1.0,1
02132,1.0,1.0,1
02133,1.0,1.0,1
02134,1.0,1.0,1
02135,1.0,1.0,1
02136,1.0,1.0,1
02137,1.0,1.0,1
02138,1.0,1.0,1
02139,1.0,1.0,1
02140,1.0,1.0,1
02141,1.0,1.0,1
02142,1.0,1.0,1
02143,1.0,1.0,1
02144,1.0,1.0,1
02145,1.0,1.0,1
02146,1.0,1.0,1
02147,1.0,1.0,1
02148,1.0,1.0,1
02149,1.0,1.0,1
02150,1.0,1.0,1
02151,1.0,1.0,1
02152,1.0,1.0,1
02153,1.0,1.0,1
02154,1.0,1.0,1
02155,1.0,1.0,1
02156,1.0,1.0,1
02157,1.0,1.0,1
02158,1.0,1.0,1
02159,1.0,1.0,1
02160,1.0,1.0,1
02161,1.0,1.0,1
02162,1.0,1.0,1
02163,1.0,1.0,1
02164,1.0,1.0,1
02165,1.0,1.0,1
02166,1.0,1.0,1
02167,1.0,1.0,1
02168,1.0,1.0,1
02169,1.0,1.0,1
02170,1.0,1.0,1
02171,1.0,1.0,1
02172,1.0,1.0,1
02173,1.0,1.0,1
02174,1.0,1.0,1
02175,1.0,1.0,1
02176,1.0,1.0,1
02177,1.0,1.0,1
02178,1.0,1.0,1
02179,1.0,1.0,1
02180,1.0,1.0,1
02181,1.0,1.0,1
02182,1.0,1.0,1
02183,1.0,1.0,1
02184,1.0,1.0,1
02185,1.0,1.0,1
02186,1.0,1.0,1
02187,1.0,1.0,1
02188,1.0,1.0,1
02189,1.0,1.0,1
02190,1.0,1.0,1
02191,1.0,1.0,1
02192,1.0,1.0,1
02193,1.0,1.0,1
02194,1.0,1.0,1
02195,1.0,1.0,1
02196,1.0,1.0,1
02197,1.0,1.0,1
02198,1.0,1.0,1
02199,1.0,1.0,1
02200,1.0,1.0,1
02201,1.0,1.0,1
02202,1.0,1.0,1
02203,1.0,1.0,1
02204,1.0,1.0,1
02205,1.0,1.0,1
02206,1.0,1.0,1
02207,1.0,1.0,1
02208,1.0,1.0,1
02209,1.0,1.0,1
02210,1.0,1.0,1
02211,1.0,1.0,1
02212,1.0,1.0,1
02213,1.0,1.0,1
02214,1.0,1.0,1
02215,1.0,1.0,1
02216,1.0,1.0,1
02217,1.0,1.0,1
02218,1.0,1.0,1
02219,1.0,1.0,1
02220,1.0,1.0,1
02221,1.0,1.0,1
02222,1.0,1.0,1
02223,1.0,1.0,1
02224,1.0,1.0,1
02225,1.0,1.0,1
02226,1.0,1.0,1
02227,1.0,1.0,1
02228,1.0,1.0,1
02229,1.0,1.0,1
02230,1.0,1.0,1
02231,1.0,1.0,1
02232,1.0,1.0,1
02233,1.0,1.0,1
02234,1.0,1.0,1
02235,1.0,1.0,1
02236,1.0,1.0,1
02237,1.0,1.0,1
02238,1.0,1.0,1
02239,1.0,1.0,1
02240,1.0,1.0,1
02241,1.0,1.0,1
02242,1.0,1.0,1
02243,1.0,1.0,1
02244,1.0,1.0,1
02245,1.0,1.0,1
02246,1.0,1.0,1
02247,1.0,1.0,1
02248,1.0,1.0,1
02249,1.0,1.0,1
02250,1.0,1.0,1
02251,1.0,1.0,1
02252,1.0,1.0,1
02253,1.0,1.0,1
02254,1.0,1.0,1
02255,1.0,1.0,1
02256,1.0,1.0,1
02257,1.0,1.0,1
02258,1.0,1.0,1
02259,1.0,1.0,1
02260,1.0,1.0,1
02261,1.0,1.0,1
02262,1.0,1.0,1
02263,1.0,1.0,1
02264,1.0,1.0,1
02265,1.0,1.0,1
02266,1.0,1.0,1
02267,1.0,1.0,1
02268,1.0,1.0,1
02269,1.0,1.0,1
02270,1.0,1.0,1
02271,1.0,1.0,1
02272,1.0,1.0,1
02273,1.0,1.0,1
02274,1.0,1.0,1
02275,1.0,1.0,1
02276,1.0,1.0,1
02277,1.0,1.0,1
02278,1.0,1.0,1
02279,1.0,1.0,1
02280,1.0,1.0,1
02281,1.0,1.0,1
02282,1.0,1.0,1
02283,1.0,1.0,1
02284,1.0,1.0,1
02285,1.0,1.0,1
02286,1.0,1.0,1
02287,1.0,1.0,1
02288,1.0,1.0,1
02289,1.0,1.0,1
02290,1.0,1.0,1
02291,1.0,1.0,1
02292,1.0,1.0,1
02293,1.0,1.0,1
02294,1.0,1.0,1
02295,1.0,1.0,1
02296,1.0,1.0,1
02297,1.0,1.0,1
02298,1.0,1.0,1
02299,1.0,1.0,1
02300,1.0,1.0,1
02301,1.0,1.0,1
02302,1.0,1.0,1
02303,1.0,1.0,1
02304,1.0,1.0,1
02305,1.0,1.0,1
02306,1.0,1.0,1
02307,1.0,1.0,1
02308,1.0,1.0,1
02309,1.0,1.0,1
02310,1.0,1.0,1
02311,1.0,1.0,1
02312,1.0,1.0,1
02313,1.0,1.0,1
02314,1.0,1.0,1
02315,1.0,1.0,1
02316,1.0,1.0,1
02317,1.0,1.0,1
02318,1.0,1.0,1
02319,1.0,1.0,1
02320,1.0,1.0,1
02321,1.0,1.0,1
02322,1.0,1.0,1
02323,1.0,1.0,1
02324,1.0,1.0,1
02325,1.0,1.0,1
02326,1.0,1.0,1
02327,1.0,1.0,1
02328,1.0,1.0,1
02329,1.0,1.0,1
02330,1.0,1.0,1
02331,1.0,1.0,1
02332,1.0,1.0,1
02333,1.0,1.0,1
02334,1.0,1.0,1
02335,1.0,1.0,1
02336,1.0,1.0,1
02337,1.0,1.0,1
02338,1.0,1.0,1
02339,1.0,1.0,1
02340,1.0,1.0,1
02341,1.0,1.0,1
02342,1.0,1.0,1
02343,1.0,1.0,1
02344,1.0,1.0,1
02345,1.0,1.0,1
02346,1.0,1.0,1
02347,1.0,1.0,1
02348,1.0,1.0,1
02349,1.0,1.0,1
02350,1.0,1.0,1
02351,1.0,1.0,1
02352,1.0,1.0,1
02353,1.0,1.0,1
02354,1.0,1.0,1
02355,1.0,1.0,1
02356,1.0,1.0,1
02357,1.0,1.0,1
02358,1.0,1.0,1
02359,1.0,1.0,1
02360,1.0,1.0,1
02361,1.0,1.0,1
02362,1.0,1.0,1
02363,1.0,1.0,1
02364,1.0,1.0,1
02365,1.0,1.0,1
02366,1.0,1.0,1
02367,1.0,1.0,1
02368,1.0,1.0,1
02369,1.0,1.0,1
02370,1.0,1.0,1
02371,1.0,1.0,1
02372,1.0,1.0,1
02373,1.0,1.0,1
02374,1.0,1.0,1
02375,1.0,1.0,1
02376,1.0,1.0,1
02377,1.0,1.0,1
02378,1.0,1.0,1
02379,1.0,1.0,1
02380,1.0,1.0,1
02381,1.0,1.0,1
02382,1.0,1.0,1
02383,1.0,1.0,1
02384,1.0,1.0,1
02385,1.0,1.0,1
02386,1.0,1.0,1
02387,1.0,1.0,1
02388,1.0,1.0,1
02389,1.0,1.0,1
02390,1.0,1.0,1
02391,1.0,1.0,1
02392,1.0,1.0,1
02393,1.0,1.0,1
02394,1.0,1.0,1
02395,1.0,1.0,1
02396,1.0,1.0,1
02397,1.0,1.0,1
02398,1.0,1.0,1
02399,1.0,1.0,1
02400,1.0,1.0,1
02401,1.0,1.0,1
02402,1.0,1.0,1
02403,1.0,1.0,1
02404,1.0,1.0,1
02405,1.0,1.0,1
02406,1.0,1.0,1
02407,1.0,1.0,1
02408,1.0,1.0,1
02409,1.0,1.0,1
02410,1.0,1.0,1
02411,1.0,1.0,1
02412,1.0,1.0,1
02413,1.0,1.0,1
02414,1.0,1.0,1
02415,1.0,1.0,1
02416,1.0,1.0,1
02417,1.0,1.0,1
02418,1.0,1.0,1
02419,1.0,1.0,1
02420,1.0,1.0,1
02421,1.0,1.0,1
02422,1.0,1.0,1
02423,1.0,1.0,1
02424,1.0,1.0,1
02425,1.0,1.0,1
02426,1.0,1.0,1
02427,1.0,1.0,1
02428,1.0,1.0,1
02429,1.0,1.0,1
02430,1.0,1.0,1
02431,1.0,1.0,1
02432,1.0,1.0,1
02433,1.0,1.0,1
02434,1.0,1.0,1
02435,1.0,1.0,1
02436,1.0,1.0,1
02437,1.0,1.0,1
02438,1.0,1.0,1
02439,1.0,1.0,1
02440,1.0,1.0,1
02441,1.0,1.0,1
02442,1.0,1.0,1
02443,1.0,1.0,1
02444,1.0,1.0,1
02445,1.0,1.0,1
02446,1.0,1.0,1
02447,1.0,1.0,1
02448,1.0,1.0,1
02449,1.0,1.0,1
02450,1.0,1.0,1
02451,1.0,1.0,1
02452,1.0,1.0,1
02453,1.0,1.0,1
02454,1.0,1.0,1
02455,1.0,1.0,1
02456,1.0,1.0,1
02457,1.0,1.0,1
02458,1.0,1.0,1
02459,1.0,1.0,1
02460,1.0,1.0,1
02461,1.0,1.0,1
02462,1.0,1.0,1
02463,1.0,1.0,1
02464,1.0,1.0,1
02465,1.0,1.0,1
02466,1.0,1.0,1
02467,1.0,1.0,1
02468,1.0,1.0,1
02469,1.0,1.0,1
02470,1.0,1.0,1
02471,1.0,1.0,1
02472,1.0,1.0,1
02473,1.0,1.0,1
02474,1.0,1.0,1
02475,1.0,1.0,1
02476,1.0,1.0,1
02477,1.0,1.0,1
02478,1.0,1.0,1
02479,1.0,1.0,1
02480,1.0,1.0,1
02481,1.0,1.0,1
02482,1.0,1.0,1
02483,1.0,1.0,1
02484,1.0,1.0,1
02485,1.0,1.0,1
02486,1.0,1.0,1
02487,1.0,1.0,1
02488,1.0,1.0,1
02489,1.0,1.0,1
02490,1.0,1.0,1
02491,1.0,1.0,1
02492,1.0,1.0,1
02493,1.0,1.0,1
02494,1.0,1.0,1
02495,1.0,1.0,1
02496,1.0,1.0,1
02497,1.0,1.0,1
02498,1.0,1.0,1
02499,1.0,1.0,1
02500,1.0,1.0,1
02501,1.0,1.0,1
02502,1.0,1.0,1
02503,1.0,1.0,1
02504,1.0,1.0,1
02505,1.0,1.0,1
02506,1.0,1.0,1
02507,1.0,1.0,1
02508,1.0,1.0,1
02509,1.0,1.0,1
02510,1.0,1.0,1
02511,1.0,1.0,1
02512,1.0,1.0,1
02513,1.0,1.0,1
02514,1.0,1.0,1
02515,1.0,1.0,1
02516,1.0,1.0,1
02517,1.0,1.0,1
02518,1.0,1.0,1
02519,1.0,1.0,1
02520,1.0,1.0,1
02521,1.0,1.0,1
02522,1.0,1.0,1
02523,1.0,1.0,1
02524,1.0,1.0,1
02525,1.0,1.0,1
02526,1.0,1.0,1
02527,1.0,1.0,1
02528,1.0,1.0,1
02529,1.0,1.0,1
02530,1.0,1.0,1
02531,1.0,1.0,1
02532,1.0,1.0,1
02533,1.0,1.0,1
02534,1.0,1.0,1
02535,1.0,1.0,1
02536,1.0,1.0,1
02537,1.0,1.0,1
02538,1.0,1.0,1
02539,1.0,1.0,1
02540,1.0,1.0,1
02541,1.0,1.0,1
02542,1.0,1.0,1
02543,1.0,1.0,1
02544,1.0,1.0,1
02545,1.0,1.0,1
02546,1.0,1.0,1
02547,1.0,1.0,1
02548,1.0,1.0,1
02549,1.0,1.0,1
02550,1.0,1.0,1
02551,1.0,1.0,1
02552,1.0,1.0,1
02553,1.0,1.0,1
02554,1.0,1.0,1
02555,1.0,1.0,1
02556,1.0,1.0,1
02557,1.0,1.0,1
02558,1.0,1.0,1
02559,1.0,1.0,1
02560,1.0,1.0,1
02561,1.0,1.0,1
02562,1.0,1.0,1
02563,1.0,1.0,1
02564,1.0,1.0,1
02565,1.0,1.0,1
02566,1.0,1.0,1
02567,1.0,1.0,1
02568,1.0,1.0,1
02569,1.0,1.0,1
02570,1.0,1.0,1
02571,1.0,1.0,1
02572,1.0,1.0,1
02573,1.0,1.0,1
02574,1.0,1.0,1
02575,1.0,1.0,1
02576,1.0,1.0,1
02577,1.0,1.0,1
02578,1.0,1.0,1
02579,1.0,1.0,1
02580,1.0,1.0,1
02581,1.0,1.0,1
02582,1.0,1.0,1
02583,1.0,1.0,1
02584,1.0,1.0,1
02585,1.0,1.0,1
02586,1.0,1.0,1
02587,1.0,1.0,1
02588,1.0,1.0,1
02589,1.0,1.0,1
02590,1.0,1.0,1
02591,1.0,1.0,1
02592,1.0,1.0,1
02593,1.0,1.0,1
02594,1.0,1.0,1
02595,1.0,1.0,1
02596,1.0,1.0,1
02597,1.0,1.0,1
02598,1.0,1.0,1
02599,1.0,1.0,1
02600,1.0,1.0,1
02601,1.0,1.0,1
02602,1.0,1.0,1
02603,1.0,1.0,1
02604,1.0,1.0,1
02605,1.0,1.0,1
02606,1.0,1.0,1
02607,1.0,1.0,1
02608,1.0,1.0,1
02609,1.0,1.0,1
02610,1.0,1.0,1
02611,1.0,1.0,1
02612,1.0,1.0,1
02613,1.0,1.0,1
02614,1.0,1.0,1
02615,1.0,1.0,1
02616,1.0,1.0,1
02617,1.0,1.0,1
02618,1.0,1.0,1
02619,1.0,1.0,1
02620,1.0,1.0,1
02621,1.0,1.0,1
02622,1.0,1.0,1
02623,1.0,1.0,1
02624,1.0,1.0,1
02625,1.0,1.0,1
02626,1.0,1.0,1
02627,1.0,1.0,1
02628,1.0,1.0,1
02629,1.0,1.0,1
02630,1.0,1.0,1
02631,1.0,1.0,1
02632,1.0,1.0,1
02633,1.0,1.0,1
02634,1.0,1.0,1
02635,1.0,1.0,1
02636,1.0,1.0,1
02637,1.0,1.0,1
02638,1.0,1.0,1
02639,1.0,1.0,1
02640,1.0,1.0,1
02641,1.0,1.0,1
02642,1.0,1.0,1
02643,1.0,1.0,1
02644,1.0,1.0,1
02645,1.0,1.0,1
02646,1.0,1.0,1
02647,1.0,1.0,1
02648,1.0,1.0,1
02649,1.0,1.0,1
02650,1.0,1.0,1
02651,1.0,1.0,1
02652,1.0,1.0,1
02653,1.0,1.0,1
02654,1.0,1.0,1
02655,1.0,1.0,1
02656,1.0,1.0,1
02657,1.0,1.0,1
02658,1.0,1.0,1
02659,1.0,1.0,1
02660,1.0,1.0,1
02661,1.0,1.0,1
02662,1.0,1.0,1
02663,1.0,1.0,1
02664,1.0,1.0,1
02665,1.0,1.0,1
02666,1.0,1.0,1
02667,1.0,1.0,1
02668,1.0,1.0,1
02669,1.0,1.0,1
02670,1.0,1.0,1
02671,1.0,1.0,1
02672,1.0,1.0,1
02673,1.0,1.0,1
02674,1.0,1.0,1
02675,1.0,1.0,1
02676,1.0,1.0,1
02677,1.0,1.0,1
02678,1.0,1.0,1
02679,1.0,1.0,1
02680,1.0,1.0,1
02681,1.0,1.0,1
02682,1.0,1.0,1
02683,1.0,1.0,1
02684,1.0,1.0,1
02685,1.0,1.0,1
02686,1.0,1.0,1
02687,1.0,1.0,1
02688,1.0,1.0,1
02689,1.0,1.0,1
02690,1.0,1.0,1
02691,1.0,1.0,1
02692,1.0,1.0,1
02693,1.0,1.0,1
02694,1.0,1.0,1
02695,1.0,1.0,1
02696,1.0,1.0,1
02697,1.0,1.0,1
02698,1.0,1.0,1
02699,1.0,1.0,1
02700,1.0,1.0,1
02701,1.0,1.0,1
02702,1.0,1.0,1
02703,1.0,1.0,1
02704,1.0,1.0,1
02705,1.0,1.0,1
02706,1.0,1.0,1
02707,1.0,1.0,1
02708,1.0,1.0,1
02709,1.0,1.0,1
02710,1.0,1.0,1
02711,1.0,1.0,1
02712,1.0,1.0,1
02713,1.0,1.0,1
02714,1.0,1.0,1
02715,1.0,1.0,1
02716,1.0,1.0,1
02717,1.0,1.0,1
02718,1.0,1.0,1
02719,1.0,1.0,1
02720,1.0,1.0,1
02721,1.0,1.0,1
02722,1.0,1.0,1
02723,1.0,1.0,1
02724,1.0,1.0,1
02725,1.0,1.0,1
02726,1.0,1.0,1
02727,1.0,1.0,1
02728,1.0,1.0,1
02729,1.0,1.0,1
02730,1.0,1.0,1
02731,1.0,1.0,1
02732,1.0,1.0,1
02733,1.0,1.0,1
02734,1.0,1.0,1
02735,1.0,1.0,1
02736,1.0,1.0,1
02737,1.0,1.0,1
02738,1.0,1.0,1
02739,1.0,1.0,1
02740,1.0,1.0,1
02741,1.0,1.0,1
02742,1.0,1.0,1
02743,1.0,1.0,1
02744,1.0,1.0,1
02745,1.0,1.0,1
02746,1.0,1.0,1
02747,1.0,1.0,1
02748,1.0,1.0,1
02749,1.0,1.0,1
02750,1.0,1.0,1
02751,1.0,1.0,1
02752,1.0,1.0,1
02753,1.0,1.0,1
02754,1.0,1.0,1
02755,1.0,1.0,1
02756,1.0,1.0,1
02757,1.0,1.0,1
02758,1.0,1.0,1
02759,1.0,1.0,1
02760,1.0,1.0,1
02761,1.0,1.0,1
02762,1.0,1.0,1
02763,1.0,1.0,1
02764,1.0,1.0,1
02765,1.0,1.0,1
02766,1.0,1.0,1
02767,1.0,1.0,1
02768,1.0,1.0,1
02769,1.0,1.0,1
02770,1.0,1.0,1
02771,1.0,1.0,1
02772,1.0,1.0,1
02773,1.0,1.0,1
02774,1.0,1.0,1
02775,1.0,1.0,1
02776,1.0,1.0,1
02777,1.0,1.0,1
02778,1.0,1.0,1
02779,1.0,1.0,1
02780,1.0,1.0,1
02781,1.0,1.0,1
02782,1.0,1.0,1
02783,1.0,1.0,1
02784,1.0,1.0,1
02785,1.0,1.0,1
02786,1.0,1.0,1
02787,1.0,1.0,1
02788,1.0,1.0,1
02789,1.0,1.0,1
02790,1.0,1.0,1
02791,1.0,1.0,1
02792,1.0,1.0,1
02793,1.0,1.0,1
02794,1.0,1.0,1
02795,1.0,1.0,1
02796,1.0,1.0,1
02797,1.0,1.0,1
02798,1.0,1.0,1
02799,1.0,1.0,1
02800,1.0,1.0,1
02801,1.0,1.0,1
02802,1.0,1.0,1
02803,1.0,1.0,1
02804,1.0,1.0,1
02805,1.0,1.0,1
02806,1.0,1.0,1
02807,1.0,1.0,1
02808,1.0,1.0,1
02809,1.0,1.0,1
02810,1.0,1.0,1
02811,1.0,1.0,1
02812,1.0,1.0,1
02813,1.0,1.0,1
02814,1.0,1.0,1
02815,1.0,1.0,1
02816,1.0,1.0,1
02817,1.0,1.0,1
02818,1.0,1.0,1
02819,1.0,1.0,1
02820,1.0,1.0,1
02821,1.0,1.0,1
02822,1.0,1.0,1
02823,1.0,1.0,1
02824,1.0,1.0,1
02825,1.0,1.0,1
02826,1.0,1.0,1
02827,1.0,1.0,1
02828,1.0,1.0,1
02829,1.0,1.0,1
02830,1.0,1.0,1
02831,1.0,1.0,1
02832,1.0,1.0,1
02833,1.0,1.0,1
02834,1.0,1.0,1
02835,1.0,1.0,1
02836,1.0,1.0,1
02837,1.0,1.0,1
02838,1.0,1.0,1
02839,1.0,1.0,1
02840,1.0,1.0,1
02841,1.0,1.0,1
02842,1.0,1.0,1
02843,1.0,1.0,1
02844,1.0,1.0,1
02845,1.0,1.0,1
02846,1.0,1.0,1
02847,1.0,1.0,1
02848,1.0,1.0,1
02849,1.0,1.0,1
02850,1.0,1.0,1
02851,1.0,1.0,1
02852,1.0,1.0,1
02853,1.0,1.0,1
02854,1.0,1.0,1
02855,1.0,1.0,1
02856,1.0,1.0,1
02857,1.0,1.0,1
02858,1.0,1.0,1
02859,1.0,1.0,1
02860,1.0,1.0,1
02861,1.0,1.0,1
02862,1.0,1.0,1
02863,1.0,1.0,1
02864,1.0,1.0,1
02865,1.0,1.0,1
02866,1.0,1.0,1
02867,1.0,1.0,1
02868,1.0,1.0,1
02869,1.0,1.0,1
02870,1.0,1.0,1
02871,1.0,1.0,1
02872,1.0,1.0,1
02873,1.0,1.0,1
02874,1.0,1.0,1
02875,1.0,1.0,1
02876,1.0,1.0,1
02877,1.0,1.0,1
02878,1.0,1.0,1
02879,1.0,1.0,1
02880,1.0,1.0,1
02881,1.0,1.0,1
02882,1.0,1.0,1
02883,1.0,1.0,1
02884,1.0,1.0,1
02885,1.0,1.0,1
02886,1.0,1.0,1
02887,1.0,1.0,1
02888,1.0,1.0,1
02889,1.0,1.0,1
02890,1.0,1.0,1
02891,1.0,1.0,1
02892,1.0,1.0,1
02893,1.0,1.0,1
02894,1.0,1.0,1
02895,1.0,1.0,1
02896,1.0,1.0,1
02897,1.0,1.0,1
02898,1.0,1.0,1
02899,1.0,1.0,1
02900,1.0,1.0,1
02901,1.0,1.0,1
02902,1.0,1.0,1
02903,1.0,1.0,1
02904,1.0,1.0,1
02905,1.0,1.0,1
02906,1.0,1.0,1
02907,1.0,1.0,1
02908,1.0,1.0,1
02909,1.0,1.0,1
02910,1.0,1.0,1
02911,1.0,1.0,1
02912,1.0,1.0,1
02913,1.0,1.0,1
02914,1.0,1.0,1
02915,1.0,1.0,1
02916,1.0,1.0,1
02917,1.0,1.0,1
02918,1.0,1.0,1
02919,1.0,1.0,1
02920,1.0,1.0,1
02921,1.0,1.0,1
02922,1.0,1.0,1
02923,1.0,1.0,1
02924,1.0,1.0,1
02925,1.0,1.0,1
02926,1.0,1.0,1
02927,1.0,1.0,1
02928,1.0,1.0,1
02929,1.0,1.0,1
02930,1.0,1.0,1
02931,1.0,1.0,1
02932,1.0,1.0,1
02933,1.0,1.0,1
02934,1.0,1.0,1
02935,1.0,1.0,1
02936,1.0,1.0,1
02937,1.0,1.0,1
02938,1.0,1.0,1
02939,1.0,1.0,1
02940,1.0,1.0,1
02941,1.0,1.0,1
02942,1.0,1.0,1
02943,1.0,1.0,1
02944,1.0,1.0,1
02945,1.0,1.0,1
02946,1.0,1.0,1
02947,1.0,1.0,1
02948,1.0,1.0,1
02949,1.0,1.0,1
02950,1.0,1.0,1
02951,1.0,1.0,1
02952,1.0,1.0,1
02953,1.0,1.0,1
02954,1.0,1.0,1
02955,1.0,1.0,1
02956,1.0,1.0,1
02957,1.0,1.0,1
02958,1.0,1.0,1
02959,1.0,1.0,1
02960,1.0,1.0,1
02961,1.0,1.0,1
02962,1.0,1.0,1
02963,1.0,1.0,1
02964,1.0,1.0,1
02965,1.0,1.0,1
02966,1.0,1.0,1
02967,1.0,1.0,1
02968,1.0,1.0,1
02969,1.0,1.0,1
02970,1.0,1.0,1
02971,1.0,1.0,1
02972,1.0,1.0,1
02973,1.0,1.0,1
02974,1.0,1.0,1
02975,1.0,1.0,1
02976,1.0,1.0,1
02977,1.0,1.0,1
02978,1.0,1.0,1
02979,1.0,1.0,1
02980,1.0,1.0,1
02981,1.0,1.0,1
02982,1.0,1.0,1
02983,1.0,1.0,1
02984,1.0,1.0,1
02985,1.0,1.0,1
02986,1.0,1.0,1
02987,1.0,1.0,1
02988,1.0,1.0,1
02989,1.0,1.0,1
02990,1.0,1.0,1
02991,1.0,1.0,1
02992,1.0,1.0,1
02993,1.0,1.0,1
02994,1.0,1.0,1
02995,1.0,1.0,1
02996,1.0,1.0,1
02997,1.0,1.0,1
02998,1.0,1.0,1
02999,1.0,1.0,1
03000,1.0,1.0,1
03001,1.0,1.0,1
03002,1.0,1.0,1
03003,1.0,1.0,1
03004,1.0,1.0,1
03005,1.0,1.0,1
03006,1.0,1.0,1
03007,1.0,1.0,1
03008,1.0,1.0,1
03009,1.0,1.0,1
03010,1.0,1.0,1
03011,1.0,1.0,1
03012,1.0,1.0,1
03013,1.0,1.0,1
03014,1.0,1.0,1
03015,1.0,1.0,1
03016,1.0,1.0,1
03017,1.0,1.0,1
03018,1.0,1.0,1
03019,1.0,1.0,1
03020,1.0,1.0,1
03021,1.0,1.0,1
03022,1.0,1.0,1
03023,1.0,1.0,1
03024,1.0,1.0,1
03025,1.0,1.0,1
03026,1.0,1.0,1
03027,1.0,1.0,1
03028,1.0,1.0,1
03029,1.0,1.0,1
03030,1.0,1.0,1
03031,1.0,1.0,1
03032,1.0,1.0,1
03033,1.0,1.0,1
03034,1.0,1.0,1
03035,1.0,1.0,1
03036,1.0,1.0,1
03037,1.0,1.0,1
03038,1.0,1.0,1
03039,1.0,1.0,1
03040,1.0,1.0,1
03041,1.0,1.0,1
03042,1.0,1.0,1
03043,1.0,1.0,1
03044,1.0,1.0,1
03045,1.0,1.0,1
03046,1.0,1.0,1
03047,1.0,1.0,1
03048,1.0,1.0,1
03049,1.0,1.0,1
03050,1.0,1.0,1
03051,1.0,1.0,1
03052,1.0,1.0,1
03053,1.0,1.0,1
03054,1.0,1.0,1
03055,1.0,1.0,1
03056,1.0,1.0,1
03057,1.0,1.0,1
03058,1.0,1.0,1
03059,1.0,1.0,1
03060,1.0,1.0,1
03061,1.0,1.0,1
03062,1.0,1.0,1
03063,1.0,1.0,1
03064,1.0,1.0,1
03065,1.0,1.0,1
03066,1.0,1.0,1
03067,1.0,1.0,1
03068,1.0,1.0,1
03069,1.0,1.0,1
03070,1.0,1.0,1
03071,1.0,1.0,1
03072,1.0,1.0,1
03073,1.0,1.0,1
03074,1.0,1.0,1
03075,1.0,1.0,1
03076,1.0,1.0,1
03077,1.0,1.0,1
03078,1.0,1.0,1
03079,1.0,1.0,1
03080,1.0,1.0,1
03081,1.0,1.0,1
03082,1.0,1.0,1
03083,1.0,1.0,1
03084,1.0,1.0,1
03085,1.0,1.0,1
03086,1.0,1.0,1
03087,1.0,1.0,1
03088,1.0,1.0,1
03089,1.0,1.0,1
03090,1.0,1.0,1
03091,1.0,1.0,1
03092,1.0,1.0,1
03093,1.0,1.0,1
03094,1.0,1.0,1
03095,1.0,1.0,1
03096,1.0,1.0,1
03097,1.0,1.0,1
03098,1.0,1.0,1
03099,1.0,1.0,1
03100,1.0,1.0,1
03101,1.0,1.0,1
03102,1.0,1.0,1
03103,1.0,1.0,1
03104,1.0,1.0,1
03105,1.0,1.0,1
03106,1.0,1.0,1
03107,1.0,1.0,1
03108,1.0,1.0,1
03109,1.0,1.0,1
03110,1.0,1.0,1
03111,1.0,1.0,1
03112,1.0,1.0,1
03113,1.0,1.0,1
03114,1.0,1.0,1
03115,1.0,1.0,1
03116,1.0,1.0,1
03117,1.0,1.0,1
03118,1.0,1.0,1
03119,1.0,1.0,1
03120,1.0,1.0,1
03121,1.0,1.0,1
03122,1.0,1.0,1
03123,1.0,1.0,1
03124,1.0,1.0,1
03125,1.0,1.0,1
03126,1.0,1.0,1
03127,1.0,1.0,1
03128,1.0,1.0,1
03129,1.0,1.0,1
03130,1.0,1.0,1
03131,1.0,1.0,1
03132,1.0,1.0,1
03133,1.0,1.0,1
03134,1.0,1.0,1
03135,1.0,1.0,1
03136,1.0,1.0,1
03137,1.0,1.0,1
03138,1.0,1.0,1
03139,1.0,1.0,1
03140,1.0,1.0,1
03141,1.0,1.0,1
03142,1.0,1.0,1
03143,1.0,1.0,1
03144,1.0,1.0,1
03145,1.0,1.0,1
03146,1.0,1.0,1
03147,1.0,1.0,1
03148,1.0,1.0,1
03149,1.0,1.0,1
03150,1.0,1.0,1
03151,1.0,1.0,1
03152,1.0,1.0,1
03153,1.0,1.0,1
03154,1.0,1.0,1
03155,1.0,1.0,1
03156,1.0,1.0,1
03157,1.0,1.0,1
03158,1.0,1.0,1
03159,1.0,1.0,1
03160,1.0,1.0,1
03161,1.0,1.0,1
03162,1.0,1.0,1
03163,1.0,1.0,1
03164,1.0,1.0,1
03165,1.0,1.0,1
03166,1.0,1.0,1
03167,1.0,1.0,1
03168,1.0,1.0,1
03169,1.0,1.0,1
03170,1.0,1.0,1
03171,1.0,1.0,1
03172,1.0,1.0,1
03173,1.0,1.0,1
03174,1.0,1.0,1
03175,1.0,1.0,1
03176,1.0,1.0,1
03177,1.0,1.0,1
03178,1.0,1.0,1
03179,1.0,1.0,1
03180,1.0,1.0,1
03181,1.0,1.0,1
03182,1.0,1.0,1
03183,1.0,1.0,1
03184,1.0,1.0,1
03185,1.0,1.0,1
03186,1.0,1.0,1
03187,1.0,1.0,1
03188,1.0,1.0,1
03189,1.0,1.0,1
03190,1.0,1.0,1
03191,1.0,1.0,1
03192,1.0,1.0,1
03193,1.0,1.0,1
03194,1.0,1.0,1
03195,1.0,1.0,1
03196,1.0,1.0,1
03197,1.0,1.0,1
03198,1.0,1.0,1
03199,1.0,1.0,1
03200,1.0,1.0,1
03201,1.0,1.0,1
03202,1.0,1.0,1
03203,1.0,1.0,1
03204,1.0,1.0,1
03205,1.0,1.0,1
03206,1.0,1.0,1
03207,1.0,1.0,1
03208,1.0,1.0,1
03209,1.0,1.0,1
03210,1.0,1.0,1
03211,1.0,1.0,1
03212,1.0,1.0,1
03213,1.0,1.0,1
03214,1.0,1.0,1
03215,1.0,1.0,1
03216,1.0,1.0,1
03217,1.0,1.0,1
03218,1.0,1.0,1
03219,1.0,1.0,1
03220,1.0,1.0,1
03221,1.0,1.0,1
03222,1.0,1.0,1
03223,1.0,1.0,1
03224,1.0,1.0,1
03225,1.0,1.0,1
03226,1.0,1.0,1
03227,1.0,1.0,1
03228,1.0,1.0,1
03229,1.0,1.0,1
03230,1.0,1.0,1
03231,1.0,1.0,1
03232,1.0,1.0,1
03233,1.0,1.0,1
03234,1.0,1.0,1
03235,1.0,1.0,1
03236,1.0,1.0,1
03237,1.0,1.0,1
03238,1.0,1.0,1
03239,1.0,1.0,1
03240,1.0,1.0,1
03241,1.0,1.0,1
03242,1.0,1.0,1
03243,1.0,1.0,1
03244,1.0,1.0,1
03245,1.0,1.0,1
03246,1.0,1.0,1
03247,1.0,1.0,1
03248,1.0,1.0,1
03249,1.0,1.0,1
03250,1.0,1.0,1
03251,1.0,1.0,1
03252,1.0,1.0,1
03253,1.0,1.0,1
03254,1.0,1.0,1
03255,1.0,1.0,1
03256,1.0,1.0,1
03257,1.0,1.0,1
03258,1.0,1.0,1
03259,1.0,1.0,1
03260,1.0,1.0,1
03261,1.0,1.0,1
03262,1.0,1.0,1
03263,1.0,1.0,1
03264,1.0,1.0,1
03265,1.0,1.0,1
03266,1.0,1.0,1
03267,1.0,1.0,1
03268,1.0,1.0,1
03269,1.0,1.0,1
03270,1.0,1.0,1
03271,1.0,1.0,1
03272,1.0,1.0,1
03273,1.0,1.0,1
03274,1.0,1.0,1
03275,1.0,1.0,1
03276,1.0,1.0,1
03277,1.0,1.0,1
03278,1.0,1.0,1
03279,1.0,1.0,1
03280,1.0,1.0,1
03281,1.0,1.0,1
03282,1.0,1.0,1
03283,1.0,1.0,1
03284,1.0,1.0,1
03285,1.0,1.0,1
03286,1.0,1.0,1
03287,1.0,1.0,1
03288,1.0,1.0,1
03289,1.0,1.0,1
03290,1.0,1.0,1
03291,1.0,1.0,1
03292,1.0,1.0,1
03293,1.0,1.0,1
03294,1.0,1.0,1
03295,1.0,1.0,1
03296,1.0,1.0,1
03297,1.0,1.0,1
03298,1.0,1.0,1
03299,1.0,1.0,1
03300,1.0,1.0,1
03301,1.0,1.0,1
03302,1.0,1.0,1
03303,1.0,1.0,1
03304,1.0,1.0,1
03305,1.0,1.0,1
03306,1.0,1.0,1
03307,1.0,1.0,1
03308,1.0,1.0,1
03309,1.0,1.0,1
03310,1.0,1.0,1
03311,1.0,1.0,1
03312,1.0,1.0,1
03313,1.0,1.0,1
03314,1.0,1.0,1
03315,1.0,1.0,1
03316,1.0,1.0,1
03317,1.0,1.0,1
03318,1.0,1.0,1
03319,1.0,1.0,1
03320,1.0,1.0,1
03321,1.0,1.0,1
03322,1.0,1.0,1
03323,1.0,1.0,1
03324,1.0,1.0,1
03325,1.0,1.0,1
03326,1.0,1.0,1
03327,1.0,1.0,1
03328,1.0,1.0,1
03329,1.0,1.0,1
03330,1.0,1.0,1
03331,1.0,1.0,1
03332,1.0,1.0,1
03333,1.0,1.0,1
03334,1.0,1.0,1
03335,1.0,1.0,1
03336,1.0,1.0,1
03337,1.0,1.0,1
03338,1.0,1.0,1
03339,1.0,1.0,1
03340,1.0,1.0,1
03341,1.0,1.0,1
03342,1.0,1.0,1
03343,1.0,1.0,1
03344,1.0,1.0,1
03345,1.0,1.0,1
03346,1.0,1.0,1
03347,1.0,1.0,1
03348,1.0,1.0,1
03349,1.0,1.0,1
03350,1.0,1.0,1
03351,1.0,1.0,1
03352,1.0,1.0,1
03353,1.0,1.0,1
03354,1.0,1.0,1
03355,1.0,1.0,1
03356,1.0,1.0,1
03357,1.0,1.0,1
03358,1.0,1.0,1
03359,1.0,1.0,1
03360,1.0,1.0,1
03361,1.0,1.0,1
03362,1.0,1.0,1
03363,1.0,1.0,1
03364,1.0,1.0,1
03365,1.0,1.0,1
03366,1.0,1.0,1
03367,1.0,1.0,1
03368,1.0,1.0,1
03369,1.0,1.0,1
03370,1.0,1.0,1
03371,1.0,1.0,1
03372,1.0,1.0,1
03373,1.0,1.0,1
03374,1.0,1.0,1
03375,1.0,1.0,1
03376,1.0,1.0,1
03377,1.0,1.0,1
03378,1.0,1.0,1
03379,1.0,1.0,1
03380,1.0,1.0,1
03381,1.0,1.0,1
03382,1.0,1.0,1
03383,1.0,1.0,1
03384,1.0,1.0,1
03385,1.0,1.0,1
03386,1.0,1.0,1
03387,1.0,1.0,1
03388,1.0,1.0,1
03389,1.0,1.0,1
03390,1.0,1.0,1
03391,1.0,1.0,1
03392,1.0,1.0,1
03393,1.0,1.0,1
03394,1.0,1.0,1
03395,1.0,1.0,1
03396,1.0,1.0,1
03397,1.0,1.0,1
03398,1.0,1.0,1
03399,1.0,1.0,1
03400,1.0,1.0,1
03401,1.0,1.0,1
03402,1.0,1.0,1
03403,1.0,1.0,1
03404,1.0,1.0,1
03405,1.0,1.0,1
03406,1.0,1.0,1
03407,1.0,1.0,1
03408,1.0,1.0,1
03409,1.0,1.0,1
03410,1.0,1.0,1
03411,1.0,1.0,1
03412,1.0,1.0,1
03413,1.0,1.0,1
03414,1.0,1.0,1
03415,1.0,1.0,1
03416,1.0,1.0,1
03417,1.0,1.0,1
03418,1.0,1.0,1
03419,1.0,1.0,1
03420,1.0,1.0,1
03421,1.0,1.0,1
03422,1.0,1.0,1
03423,1.0,1.0,1
03424,1.0,1.0,1
03425,1.0,1.0,1
03426,1.0,1.0,1
03427,1.0,1.0,1
03428,1.0,1.0,1
03429,1.0,1.0,1
03430,1.0,1.0,1
03431,1.0,1.0,1
03432,1.0,1.0,1
03433,1.0,1.0,1
03434,1.0,1.0,1
03435,1.0,1.0,1
03436,1.0,1.0,1
03437,1.0,1.0,1
03438,1.0,1.0,1
03439,1.0,1.0,1
03440,1.0,1.0,1
03441,1.0,1.0,1
03442,1.0,1.0,1
03443,1.0,1.0,1
03444,1.0,1.0,1
03445,1.0,1.0,1
03446,1.0,1.0,1
03447,1.0,1.0,1
03448,1.0,1.0,1
03449,1.0,1.0,1
03450,1.0,1.0,1
03451,1.0,1.0,1
03452,1.0,1.0,1
03453,1.0,1.0,1
03454,1.0,1.0,1
03455,1.0,1.0,1
03456,1.0,1.0,1
03457,1.0,1.0,1
03458,1.0,1.0,1
03459,1.0,1.0,1
03460,1.0,1.0,1
03461,1.0,1.0,1
03462,1.0,1.0,1
03463,1.0,1.0,1
03464,1.0,1.0,1
03465,1.0,1.0,1
03466,1.0,1.0,1
03467,1.0,1.0,1
03468,1.0,1.0,1
03469,1.0,1.0,1
03470,1.0,1.0,1
03471,1.0,1.0,1
03472,1.0,1.0,1
03473,1.0,1.0,1
03474,1.0,1.0,1
03475,1.0,1.0,1
03476,1.0,1.0,1
03477,1.0,1.0,1
03478,1.0,1.0,1
03479,1.0,1.0,1
03480,1.0,1.0,1
03481,1.0,1.0,1
03482,1.0,1.0,1
03483,1.0,1.0,1
03484,1.0,1.0,1
03485,1.0,1.0,1
03486,1.0,1.0,1
03487,1.0,1.0,1
03488,1.0,1.0,1
03489,1.0,1.0,1
03490,1.0,1.0,1
03491,1.0,1.0,1
03492,1.0,1.0,1
03493,1.0,1.0,1
03494,1.0,1.0,1
03495,1.0,1.0,1
03496,1.0,1.0,1
03497,1.0,1.0,1
03498,1.0,1.0,1
03499,1.0,1.0,1
03500,1.0,1.0,1
03501,1.0,1.0,1
03502,1.0,1.0,1
03503,1.0,1.0,1
03504,1.0,1.0,1
03505,1.0,1.0,1
03506,1.0,1.0,1
03507,1.0,1.0,1
03508,1.0,1.0,1
03509,1.0,1.0,1
03510,1.0,1.0,1
03511,1.0,1.0,1
03512,1.0,1.0,1
03513,1.0,1.0,1
03514,1.0,1.0,1
03515,1.0,1.0,1
03516,1.0,1.0,1
03517,1.0,1.0,1
03518,1.0,1.0,1
03519,1.0,1.0,1
03520,1.0,1.0,1
03521,1.0,1.0,1
03522,1.0,1.0,1
03523,1.0,1.0,1
03524,1.0,1.0,1
03525,1.0,1.0,1
03526,1.0,1.0,1
03527,1.0,1.0,1
03528,1.0,1.0,1
03529,1.0,1.0,1
03530,1.0,1.0,1
03531,1.0,1.0,1
03532,1.0,1.0,1
03533,1.0,1.0,1
03534,1.0,1.0,1
03535,1.0,1.0,1
03536,1.0,1.0,1
03537,1.0,1.0,1
03538,1.0,1.0,1
03539,1.0,1.0,1
03540,1.0,1.0,1
03541,1.0,1.0,1
03542,1.0,1.0,1
03543,1.0,1.0,1
03544,1.0,1.0,1
03545,1.0,1.0,1
03546,1.0,1.0,1
03547,1.0,1.0,1
03548,1.0,1.0,1
03549,1.0,1.0,1
03550,1.0,1.0,1
03551,1.0,1.0,1
03552,1.0,1.0,1
03553,1.0,1.0,1
03554,1.0,1.0,1
03555,1.0,1.0,1
03556,1.0,1.0,1
03557,1.0,1.0,1
03558,1.0,1.0,1
03559,1.0,1.0,1
03560,1.0,1.0,1
03561,1.0,1.0,1
03562,1.0,1.0,1
03563,1.0,1.0,1
03564,1.0,1.0,1
03565,1.0,1.0,1
03566,1.0,1.0,1
03567,1.0,1.0,1
03568,1.0,1.0,1
03569,1.0,1.0,1
03570,1.0,1.0,1
03571,1.0,1.0,1
03572,1.0,1.0,1
03573,1.0,1.0,1
03574,1.0,1.0,1
03575,1.0,1.0,1
03576,1.0,1.0,1
03577,1.0,1.0,1
03578,1.0,1.0,1
03579,1.0,1.0,1
03580,1.0,1.0,1
03581,1.0,1.0,1
03582,1.0,1.0,1
03583,1.0,1.0,1
03584,1.0,1.0,1
03585,1.0,1.0,1
03586,1.0,1.0,1
03587,1.0,1.0,1
03588,1.0,1.0,1
03589,1.0,1.0,1
03590,1.0,1.0,1
03591,1.0,1.0,1
03592,1.0,1.0,1
03593,1.0,1.0,1
03594,1.0,1.0,1
03595,1.0,1.0,1
03596,1.0,1.0,1
03597,1.0,1.0,1
03598,1.0,1.0,1
03599,1.0,1.0,1
03600,1.0,1.0,1
03601,1.0,1.0,1
03602,1.0,1.0,1
03603,1.0,1.0,1
03604,1.0,1.0,1
03605,1.0,1.0,1
03606,1.0,1.0,1
03607,1.0,1.0,1
03608,1.0,1.0,1
03609,1.0,1.0,1
03610,1.0,1.0,1
03611,1.0,1.0,1
03612,1.0,1.0,1
03613,1.0,1.0,1
03614,1.0,1.0,1
03615,1.0,1.0,1
03616,1.0,1.0,1
03617,1.0,1.0,1
03618,1.0,1.0,1
03619,1.0,1.0,1
03620,1.0,1.0,1
03621,1.0,1.0,1
03622,1.0,1.0,1
03623,1.0,1.0,1
03624,1.0,1.0,1
03625,1.0,1.0,1
03626,1.0,1.0,1
03627,1.0,1.0,1
03628,1.0,1.0,1
03629,1.0,1.0,1
03630,1.0,1.0,1
03631,1.0,1.0,1
03632,1.0,1.0,1
03633,1.0,1.0,1
03634,1.0,1.0,1
03635,1.0,1.0,1
03636,1.0,1.0,1
03637,1.0,1.0,1
03638,1.0,1.0,1
03639,1.0,1.0,1
03640,1.0,1.0,1
03641,1.0,1.0,1
03642,1.0,1.0,1
03643,1.0,1.0,1
03644,1.0,1.0,1
03645,1.0,1.0,1
03646,1.0,1.0,1
03647,1.0,1.0,1
03648,1.0,1.0,1
03649,1.0,1.0,1
03650,1.0,1.0,1
03651,1.0,1.0,1
03652,1.0,1.0,1
03653,1.0,1.0,1
03654,1.0,1.0,1
03655,1.0,1.0,1
03656,1.0,1.0,1
03657,1.0,1.0,1
03658,1.0,1.0,1
03659,1.0,1.0,1
03660,1.0,1.0,1
03661,1.0,1.0,1
03662,1.0,1.0,1
03663,1.0,1.0,1
03664,1.0,1.0,1
03665,1.0,1.0,1
03666,1.0,1.0,1
03667,1.0,1.0,1
03668,1.0,1.0,1
03669,1.0,1.0,1
03670,1.0,1.0,1
03671,1.0,1.0,1
03672,1.0,1.0,1
03673,1.0,1.0,1
03674,1.0,1.0,1
03675,1.0,1.0,1
03676,1.0,1.0,1
03677,1.0,1.0,1
03678,1.0,1.0,1
03679,1.0,1.0,1
03680,1.0,1.0,1
03681,1.0,1.0,1
03682,1.0,1.0,1
03683,1.0,1.0,1
03684,1.0,1.0,1
03685,1.0,1.0,1
03686,1.0,1.0,1
03687,1.0,1.0,1
03688,1.0,1.0,1
03689,1.0,1.0,1
03690,1.0,1.0,1
03691,1.0,1.0,1
03692,1.0,1.0,1
03693,1.0,1.0,1
03694,1.0,1.0,1
03695,1.0,1.0,1
03696,1.0,1.0,1
03697,1.0,1.0,1
03698,1.0,1.0,1
03699,1.0,1.0,1
03700,1.0,1.0,1
03701,1.0,1.0,1
03702,1.0,1.0,1
03703,1.0,1.0,1
03704,1.0,1.0,1
03705,1.0,1.0,1
03706,1.0,1.0,1
03707,1.0,1.0,1
03708,1.0,1.0,1
03709,1.0,1.0,1
03710,1.0,1.0,1
03711,1.0,1.0,1
03712,1.0,1.0,1
03713,1.0,1.0,1
03714,1.0,1.0,1
03715,1.0,1.0,1
03716,1.0,1.0,1
03717,1.0,1.0,1
03718,1.0,1.0,1
03719,1.0,1.0,1
03720,1.0,1.0,1
03721,1.0,1.0,1
03722,1.0,1.0,1
03723,1.0,1.0,1
03724,1.0,1.0,1
03725,1.0,1.0,1
03726,1.0,1.0,1
03727,1.0,1.0,1
03728,1.0,1.0,1
03729,1.0,1.0,1
03730,1.0,1.0,1
03731,1.0,1.0,1
03732,1.0,1.0,1
03733,1.0,1.0,1
03734,1.0,1.0,1
03735,1.0,1.0,1
03736,1.0,1.0,1
03737,1.0,1.0,1
03738,1.0,1.0,1
03739,1.0,1.0,1
03740,1.0,1.0,1
03741,1.0,1.0,1
03742,1.0,1.0,1
03743,1.0,1.0,1
03744,1.0,1.0,1
03745,1.0,1.0,1
03746,1.0,1.0,1
03747,1.0,1.0,1
03748,1.0,1.0,1
03749,1.0,1.0,1
03750,1.0,1.0,1
03751,1.0,1.0,1
03752,1.0,1.0,1
03753,1.0,1.0,1
03754,1.0,1.0,1
03755,1.0,1.0,1
03756,1.0,1.0,1
03757,1.0,1.0,1
03758,1.0,1.0,1
03759,1.0,1.0,1
03760,1.0,1.0,1
03761,1.0,1.0,1
03762,1.0,1.0,1
03763,1.0,1.0,1
03764,1.0,1.0,1
03765,1.0,1.0,1
03766,1.0,1.0,1
03767,1.0,1.0,1
03768,1.0,1.0,1
03769,1.0,1.0,1
03770,1.0,1.0,1
03771,1.0,1.0,1
03772,1.0,1.0,1
03773,1.0,1.0,1
03774,1.0,1.0,1
03775,1.0,1.0,1
03776,1.0,1.0,1
03777,1.0,1.0,1
03778,1.0,1.0,1
03779,1.0,1.0,1
03780,1.0,1.0,1
03781,1.0,1.0,1
03782,1.0,1.0,1
03783,1.0,1.0,1
03784,1.0,1.0,1
03785,1.0,1.0,1
03786,1.0,1.0,1
03787,1.0,1.0,1
03788,1.0,1.0,1
03789,1.0,1.0,1
03790,1.0,1.0,1
03791,1.0,1.0,1
03792,1.0,1.0,1
03793,1.0,1.0,1
03794,1.0,1.0,1
03795,1.0,1.0,1
03796,1.0,1.0,1
03797,1.0,1.0,1
03798,1.0,1.0,1
03799,1.0,1.0,1
03800,1.0,1.0,1
03801,1.0,1.0,1
03802,1.0,1.0,1
03803,1.0,1.0,1
03804,1.0,1.0,1
03805,1.0,1.0,1
03806,1.0,1.0,1
03807,1.0,1.0,1
03808,1.0,1.0,1
03809,1.0,1.0,1
03810,1.0,1.0,1
03811,1.0,1.0,1
03812,1.0,1.0,1
03813,1.0,1.0,1
03814,1.0,1.0,1
03815,1.0,1.0,1
03816,1.0,1.0,1
03817,1.0,1.0,1
03818,1.0,1.0,1
03819,1.0,1.0,1
03820,1.0,1.0,1
03821,1.0,1.0,1
03822,1.0,1.0,1
03823,1.0,1.0,1
03824,1.0,1.0,1
03825,1.0,1.0,1
03826,1.0,1.0,1
03827,1.0,1.0,1
03828,1.0,1.0,1
03829,1.0,1.0,1
03830,1.0,1.0,1
03831,1.0,1.0,1
03832,1.0,1.0,1
03833,1.0,1.0,1
03834,1.0,1.0,1
03835,1.0,1.0,1
03836,1.0,1.0,1
03837,1.0,1.0,1
03838,1.0,1.0,1
03839,1.0,1.0,1
03840,1.0,1.0,1
03841,1.0,1.0,1
03842,1.0,1.0,1
03843,1.0,1.0,1
03844,1.0,1.0,1
03845,1.0,1.0,1
03846,1.0,1.0,1
03847,1.0,1.0,1
03848,1.0,1.0,1
03849,1.0,1.0,1
03850,1.0,1.0,1
03851,1.0,1.0,1
03852,1.0,1.0,1
03853,1.0,1.0,1
03854,1.0,1.0,1
03855,1.0,1.0,1
03856,1.0,1.0,1
03857,1.0,1.0,1
03858,1.0,1.0,1
03859,1.0,1.0,1
03860,1.0,1.0,1
03861,1.0,1.0,1
03862,1.0,1.0,1
03863,1.0,1.0,1
03864,1.0,1.0,1
03865,1.0,1.0,1
03866,1.0,1.0,1
03867,1.0,1.0,1
03868,1.0,1.0,1
03869,1.0,1.0,1
03870,1.0,1.0,1
03871,1.0,1.0,1
03872,1.0,1.0,1
03873,1.0,1.0,1
03874,1.0,1.0,1
03875,1.0,1.0,1
03876,1.0,1.0,1
03877,1.0,1.0,1
03878,1.0,1.0,1
03879,1.0,1.0,1
03880,1.0,1.0,1
03881,1.0,1.0,1
03882,1.0,1.0,1
03883,1.0,1.0,1
03884,1.0,1.0,1
03885,1.0,1.0,1
03886,1.0,1.0,1
03887,1.0,1.0,1
03888,1.0,1.0,1
03889,1.0,1.0,1
03890,1.0,1.0,1
03891,1.0,1.0,1
03892,1.0,1.0,1
03893,1.0,1.0,1
03894,1.0,1.0,1
03895,1.0,1.0,1
03896,1.0,1.0,1
03897,1.0,1.0,1
03898,1.0,1.0,1
03899,1.0,1.0,1
03900,1.0,1.0,1
03901,1.0,1.0,1
03902,1.0,1.0,1
03903,1.0,1.0,1
03904,1.0,1.0,1
03905,1.0,1.0,1
03906,1.0,1.0,1
03907,1.0,1.0,1
03908,1.0,1.0,1
03909,1.0,1.0,1
03910,1.0,1.0,1
03911,1.0,1.0,1
03912,1.0,1.0,1
03913,1.0,1.0,1
03914,1.0,1.0,1
03915,1.0,1.0,1
03916,1.0,1.0,1
03917,1.0,1.0,1
03918,1.0,1.0,1
03919,1.0,1.0,1
03920,1.0,1.0,1
03921,1.0,1.0,1
03922,1.0,1.0,1
03923,1.0,1.0,1
03924,1.0,1.0,1
03925,1.0,1.0,1
03926,1.0,1.0,1
03927,1.0,1.0,1
03928,1.0,1.0,1
03929,1.0,1.0,1
03930,1.0,1.0,1
03931,1.0,1.0,1
03932,1.0,1.0,1
03933,1.0,1.0,1
03934,1.0,1.0,1
03935,1.0,1.0,1
03936,1.0,1.0,1
03937,1.0,1.0,1
03938,1.0,1.0,1
03939,1.0,1.0,1
03940,1.0,1.0,1
03941,1.0,1.0,1
03942,1.0,1.0,1
03943,1.0,1.0,1
03944,1.0,1.0,1
03945,1.0,1.0,1
03946,1.0,1.0,1
03947,1.0,1.0,1
03948,1.0,1.0,1
03949,1.0,1.0,1
03950,1.0,1.0,1
03951,1.0,1.0,1
03952,1.0,1.0,1
03953,1.0,1.0,1
03954,1.0,1.0,1
03955,1.0,1.0,1
03956,1.0,1.0,1
03957,1.0,1.0,1
03958,1.0,1.0,1
03959,1.0,1.0,1
03960,1.0,1.0,1
03961,1.0,1.0,1
03962,1.0,1.0,1
03963,1.0,1.0,1
03964,1.0,1.0,1
03965,1.0,1.0,1
03966,1.0,1.0,1
03967,1.0,1.0,1
03968,1.0,1.0,1
03969,1.0,1.0,1
03970,1.0,1.0,1
03971,1.0,1.0,1
03972,1.0,1.0,1
03973,1.0,1.0,1
03974,1.0,1.0,1
03975,1.0,1.0,1
03976,1.0,1.0,1
03977,1.0,1.0,1
03978,1.0,1.0,1
03979,1.0,1.0,1
03980,1.0,1.0,1
03981,1.0,1.0,1
03982,1.0,1.0,1
03983,1.0,1.0,1
03984,1.0,1.0,1
03985,1.0,1.0,1
03986,1.0,1.0,1
03987,1.0,1.0,1
03988,1.0,1.0,1
03989,1.0,1.0,1
03990,1.0,1.0,1
03991,1.0,1.0,1
03992,1.0,1.0,1
03993,1.0,1.0,1
03994,1.0,1.0,1
03995,1.0,1.0,1
03996,1.0,1.0,1
03997,1.0,1.0,1
03998,1.0,1.0,1
03999,1.0,1.0,1
04000,1.0,1.0,1
04001,1.0,1.0,1
04002,1.0,1.0,1
04003,1.0,1.0,1
04004,1.0,1.0,1
04005,1.0,1.0,1
04006,1.0,1.0,1
04007,1.0,1.0,1
04008,1.0,1.0,1
04009,1.0,1.0,1
04010,1.0,1.0,1
04011,1.0,1.0,1
04012,1.0,1.0,1
04013,1.0,1.0,1
04014,1.0,1.0,1
04015,1.0,1.0,1
04016,1.0,1.0,1
04017,1.0,1.0,1
04018,1.0,1.0,1
04019,1.0,1.0,1
04020,1.0,1.0,1
04021,1.0,1.0,1
04022,1.0,1.0,1
04023,1.0,1.0,1
04024,1.0,1.0,1
04025,1.0,1.0,1
04026,1.0,1.0,1
04027,1.0,1.0,1
04028,1.0,1.0,1
04029,1.0,1.0,1
04030,1.0,1.0,1
04031,1.0,1.0,1
04032,1.0,1.0,1
04033,1.0,1.0,1
04034,1.0,1.0,1
04035,1.0,1.0,1
04036,1.0,1.0,1
04037,1.0,1.0,1
04038,1.0,1.0,1
04039,1.0,1.0,1
04040,1.0,1.0,1
04041,1.0,1.0,1
04042,1.0,1.0,1
04043,1.0,1.0,1
04044,1.0,1.0,1
04045,1.0,1.0,1
04046,1.0,1.0,1
04047,1.0,1.0,1
04048,1.0,1.0,1
04049,1.0,1.0,1
04050,1.0,1.0,1
04051,1.0,1.0,1
04052,1.0,1.0,1
04053,1.0,1.0,1
04054,1.0,1.0,1
04055,1.0,1.0,1
04056,1.0,1.0,1
04057,1.0,1.0,1
04058,1.0,1.0,1
04059,1.0,1.0,1
04060,1.0,1.0,1
04061,1.0,1.0,1
04062,1.0,1.0,1
04063,1.0,1.0,1
04064,1.0,1.0,1
04065,1.0,1.0,1
04066,1.0,1.0,1
04067,1.0,1.0,1
04068,1.0,1.0,1
04069,1.0,1.0,1
04070,1.0,1.0,1
04071,1.0,1.0,1
04072,1.0,1.0,1
04073,1.0,1.0,1
04074,1.0,1.0,1
04075,1.0,1.0,1
04076,1.0,1.0,1
04077,1.0,1.0,1
04078,1.0,1.0,1
04079,1.0,1.0,1
04080,1.0,1.0,1
04081,1.0,1.0,1
04082,1.0,1.0,1
04083,1.0,1.0,1
04084,1.0,1.0,1
04085,1.0,1.0,1
04086,1.0,1.0,1
04087,1.0,1.0,1
04088,1.0,1.0,1
04089,1.0,1.0,1
04090,1.0,1.0,1
04091,1.0,1.0,1
04092,1.0,1.0,1
04093,1.0,1.0,1
04094,1.0,1.0,1
04095,1.0,1.0,1
04096,1.0,1.0,1
04097,1.0,1.0,1
04098,1.0,1.0,1
04099,1.0,1.0,1
04100,1.0,1.0,1
04101,1.0,1.0,1
04102,1.0,1.0,1
04103,1.0,1.0,1
04104,1.0,1.0,1
04105,1.0,1.0,1
04106,1.0,1.0,1
04107,1.0,1.0,1
04108,1.0,1.0,1
04109,1.0,1.0,1
04110,1.0,1.0,1
04111,1.0,1.0,1
04112,1.0,1.0,1
04113,1.0,1.0,1
04114,1.0,1.0,1
04115,1.0,1.0,1
04116,1.0,1.0,1
04117,1.0,1.0,1
04118,1.0,1.0,1
04119,1.0,1.0,1
04120,1.0,1.0,1
04121,1.0,1.0,1
04122,1.0,1.0,1
04123,1.0,1.0,1
04124,1.0,1.0,1
04125,1.0,1.0,1
04126,1.0,1.0,1
04127,1.0,1.0,1
04128,1.0,1.0,1
04129,1.0,1.0,1
04130,1.0,1.0,1
04131,1.0,1.0,1
04132,1.0,1.0,1
04133,1.0,1.0,1
04134,1.0,1.0,1
04135,1.0,1.0,1
04136,1.0,1.0,1
04137,1.0,1.0,1
04138,1.0,1.0,1
04139,1.0,1.0,1
04140,1.0,1.0,1
04141,1.0,1.0,1
04142,1.0,1.0,1
04143,1.0,1.0,1
04144,1.0,1.0,1
04145,1.0,1.0,1
04146,1.0,1.0,1
04147,1.0,1.0,1
04148,1.0,1.0,1
04149,1.0,1.0,1
04150,1.0,1.0,1
04151,1.0,1.0,1
04152,1.0,1.0,1
04153,1.0,1.0,1
04154,1.0,1.0,1
04155,1.0,1.0,1
04156,1.0,1.0,1
04157,1.0,1.0,1
04158,1.0,1.0,1
04159,1.0,1.0,1
04160,1.0,1.0,1
04161,1.0,1.0,1
04162,1.0,1.0,1
04163,1.0,1.0,1
04164,1.0,1.0,1
04165,1.0,1.0,1
04166,1.0,1.0,1
04167,1.0,1.0,1
04168,1.0,1.0,1
04169,1.0,1.0,1
04170,1.0,1.0,1
04171,1.0,1.0,1
04172,1.0,1.0,1
04173,1.0,1.0,1
04174,1.0,1.0,1
04175,1.0,1.0,1
04176,1.0,1.0,1
04177,1.0,1.0,1
04178,1.0,1.0,1
04179,1.0,1.0,1
04180,1.0,1.0,1
04181,1.0,1.0,1
04182,1.0,1.0,1
04183,1.0,1.0,1
04184,1.0,1.0,1
04185,1.0,1.0,1
04186,1.0,1.0,1
04187,1.0,1.0,1
04188,1.0,1.0,1
04189,1.0,1.0,1
04190,1.0,1.0,1
04191,1.0,1.0,1
04192,1.0,1.0,1
04193,1.0,1.0,1
04194,1.0,1.0,1
04195,1.0,1.0,1
04196,1.0,1.0,1
04197,1.0,1.0,1
04198,1.0,1.0,1
04199,1.0,1.0,1
04200,1.0,1.0,1
04201,1.0,1.0,1
04202,1.0,1.0,1
04203,1.0,1.0,1
04204,1.0,1.0,1
04205,1.0,1.0,1
04206,1.0,1.0,1
04207,1.0,1.0,1
04208,1.0,1.0,1
04209,1.0,1.0,1
04210,1.0,1.0,1
04211,1.0,1.0,1
04212,1.0,1.0,1
04213,1.0,1.0,1
04214,1.0,1.0,1
04215,1.0,1.0,1
04216,1.0,1.0,1
04217,1.0,1.0,1
04218,1.0,1.0,1
04219,1.0,1.0,1
04220,1.0,1.0,1
04221,1.0,1.0,1
04222,1.0,1.0,1
04223,1.0,1.0,1
04224,1.0,1.0,1
04225,1.0,1.0,1
04226,1.0,1.0,1
04227,1.0,1.0,1
04228,1.0,1.0,1
04229,1.0,1.0,1
04230,1.0,1.0,1
04231,1.0,1.0,1
04232,1.0,1.0,1
04233,1.0,1.0,1
04234,1.0,1.0,1
04235,1.0,1.0,1
04236,1.0,1.0,1
04237,1.0,1.0,1
04238,1.0,1.0,1
04239,1.0,1.0,1
04240,1.0,1.0,1
04241,1.0,1.0,1
04242,1.0,1.0,1
04243,1.0,1.0,1
04244,1.0,1.0,1
04245,1.0,1.0,1
04246,1.0,1.0,1
04247,1.0,1.0,1
04248,1.0,1.0,1
04249,1.0,1.0,1
04250,1.0,1.0,1
04251,1.0,1.0,1
04252,1.0,1.0,1
04253,1.0,1.0,1
04254,1.0,1.0,1
04255,1.0,1.0,1
04256,1.0,1.0,1
04257,1.0,1.0,1
04258,1.0,1.0,1
04259,1.0,1.0,1
04260,1.0,1.0,1
04261,1.0,1.0,1
04262,1.0,1.0,1
04263,1.0,1.0,1
04264,1.0,1.0,1
04265,1.0,1.0,1
04266,1.0,1.0,1
04267,1.0,1.0,1
04268,1.0,1.0,1
04269,1.0,1.0,1
04270,1.0,1.0,1
04271,1.0,1.0,1
04272,1.0,1.0,1
04273,1.0,1.0,1
04274,1.0,1.0,1
04275,1.0,1.0,1
04276,1.0,1.0,1
04277,1.0,1.0,1
04278,1.0,1.0,1
04279,1.0,1.0,1
04280,1.0,1.0,1
04281,1.0,1.0,1
04282,1.0,1.0,1
04283,1.0,1.0,1
04284,1.0,1.0,1
04285,1.0,1.0,1
04286,1.0,1.0,1
04287,1.0,1.0,1
04288,1.0,1.0,1
04289,1.0,1.0,1
04290,1.0,1.0,1
04291,1.0,1.0,1
04292,1.0,1.0,1
04293,1.0,1.0,1
04294,1.0,1.0,1
04295,1.0,1.0,1
04296,1.0,1.0,1
04297,1.0,1.0,1
04298,1.0,1.0,1
04299,1.0,1.0,1
04300,1.0,1.0,1
04301,1.0,1.0,1
04302,1.0,1.0,1
04303,1.0,1.0,1
04304,1.0,1.0,1
04305,1.0,1.0,1
04306,1.0,1.0,1
04307,1.0,1.0,1
04308,1.0,1.0,1
04309,1.0,1.0,1
04310,1.0,1.0,1
04311,1.0,1.0,1
04312,1.0,1.0,1
04313,1.0,1.0,1
04314,1.0,1.0,1
04315,1.0,1.0,1
04316,1.0,1.0,1
04317,1.0,1.0,1
04318,1.0,1.0,1
04319,1.0,1.0,1
04320,1.0,1.0,1
04321,1.0,1.0,1
04322,1.0,1.0,1
04323,1.0,1.0,1
04324,1.0,1.0,1
04325,1.0,1.0,1
04326,1.0,1.0,1
04327,1.0,1.0,1
04328,1.0,1.0,1
04329,1.0,1.0,1
04330,1.0,1.0,1
04331,1.0,1.0,1
04332,1.0,1.0,1
04333,1.0,1.0,1
04334,1.0,1.0,1
04335,1.0,1.0,1
04336,1.0,1.0,1
04337,1.0,1.0,1
04338,1.0,1.0,1
04339,1.0,1.0,1
04340,1.0,1.0,1
04341,1.0,1.0,1
04342,1.0,1.0,1
04343,1.0,1.0,1
04344,1.0,1.0,1
04345,1.0,1.0,1
04346,1.0,1.0,1
04347,1.0,1.0,1
04348,1.0,1.0,1
04349,1.0,1.0,1
04350,1.0,1.0,1
04351,1.0,1.0,1
04352,1.0,1.0,1
04353,1.0,1.0,1
04354,1.0,1.0,1
04355,1.0,1.0,1
04356,1.0,1.0,1
04357,1.0,1.0,1
04358,1.0,1.0,1
04359,1.0,1.0,1
04360,1.0,1.0,1
04361,1.0,1.0,1
04362,1.0,1.0,1
04363,1.0,1.0,1
04364,1.0,1.0,1
04365,1.0,1.0,1
04366,1.0,1.0,1
04367,1.0,1.0,1
04368,1.0,1.0,1
04369,1.0,1.0,1
04370,1.0,1.0,1
04371,1.0,1.0,1
04372,1.0,1.0,1
04373,1.0,1.0,1
04374,1.0,1.0,1
04375,1.0,1.0,1
04376,1.0,1.0,1
04377,1.0,1.0,1
04378,1.0,1.0,1
04379,1.0,1.0,1
04380,1.0,1.0,1
04381,1.0,1.0,1
04382,1.0,1.0,1
04383,1.0,1.0,1
04384,1.0,1.0,1
04385,1.0,1.0,1
04386,1.0,1.0,1
04387,1.0,1.0,1
04388,1.0,1.0,1
04389,1.0,1.0,1
04390,1.0,1.0,1
04391,1.0,1.0,1
04392,1.0,1.0,1
04393,1.0,1.0,1
04394,1.0,1.0,1
04395,1.0,1.0,1
04396,1.0,1.0,1
04397,1.0,1.0,1
04398,1.0,1.0,1
04399,1.0,1.0,1
04400,1.0,1.0,1
04401,1.0,1.0,1
04402,1.0,1.0,1
04403,1.0,1.0,1
04404,1.0,1.0,1
04405,1.0,1.0,1
04406,1.0,1.0,1
04407,1.0,1.0,1
04408,1.0,1.0,1
04409,1.0,1.0,1
04410,1.0,1.0,1
04411,1.0,1.0,1
04412,1.0,1.0,1
04413,1.0,1.0,1
04414,1.0,1.0,1
04415,1.0,1.0,1
04416,1.0,1.0,1
04417,1.0,1.0,1
04418,1.0,1.0,1
04419,1.0,1.0,1
04420,1.0,1.0,1
04421,1.0,1.0,1
04422,1.0,1.0,1
04423,1.0,1.0,1
04424,1.0,1.0,1
04425,1.0,1.0,1
04426,1.0,1.0,1
04427,1.0,1.0,1
04428,1.0,1.0,1
04429,1.0,1.0,1
04430,1.0,1.0,1
04431,1.0,1.0,1
04432,1.0,1.0,1
04433,1.0,1.0,1
04434,1.0,1.0,1
04435,1.0,1.0,1
04436,1.0,1.0,1
04437,1.0,1.0,1
04438,1.0,1.0,1
04439,1.0,1.0,1
04440,1.0,1.0,1
04441,1.0,1.0,1
04442,1.0,1.0,1
04443,1.0,1.0,1
04444,1.0,1.0,1
04445,1.0,1.0,1
04446,1.0,1.0,1
04447,1.0,1.0,1
04448,1.0,1.0,1
04449,1.0,1.0,1
04450,1.0,1.0,1
04451,1.0,1.0,1
04452,1.0,1.0,1
04453,1.0,1.0,1
04454,1.0,1.0,1
04455,1.0,1.0,1
04456,1.0,1.0,1
04457,1.0,1.0,1
04458,1.0,1.0,1
04459,1.0,1.0,1
04460,1.0,1.0,1
04461,1.0,1.0,1
04462,1.0,1.0,1
04463,1.0,1.0,1
04464,1.0,1.0,1
04465,1.0,1.0,1
04466,1.0,1.0,1
04467,1.0,1.0,1
04468,1.0,1.0,1
04469,1.0,1.0,1
04470,1.0,1.0,1
04471,1.0,1.0,1
04472,1.0,1.0,1
04473,1.0,1.0,1
04474,1.0,1.0,1
04475,1.0,1.0,1
04476,1.0,1.0,1
04477,1.0,1.0,1
04478,1.0,1.0,1
04479,1.0,1.0,1
04480,1.0,1.0,1
04481,1.0,1.0,1
04482,1.0,1.0,1
04483,1.0,1.0,1
04484,1.0,1.0,1
04485,1.0,1.0,1
04486,1.0,1.0,1
04487,1.0,1.0,1
04488,1.0,1.0,1
04489,1.0,1.0,1
04490,1.0,1.0,1
04491,1.0,1.0,1
04492,1.0,1.0,1
04493,1.0,1.0,1
04494,1.0,1.0,1
04495,1.0,1.0,1
04496,1.0,1.0,1
04497,1.0,1.0,1
04498,1.0,1.0,1
04499,1.0,1.0,1
04500,1.0,1.0,1
04501,1.0,1.0,1
04502,1.0,1.0,1
04503,1.0,1.0,1
04504,1.0,1.0,1
04505,1.0,1.0,1
04506,1.0,1.0,1
04507,1.0,1.0,1
04508,1.0,1.0,1
04509,1.0,1.0,1
04510,1.0,1.0,1
04511,1.0,1.0,1
04512,1.0,1.0,1
04513,1.0,1.0,1
04514,1.0,1.0,1
04515,1.0,1.0,1
04516,1.0,1.0,1
04517,1.0,1.0,1
04518,1.0,1.0,1
04519,1.0,1.0,1
04520,1.0,1.0,1
04521,1.0,1.0,1
04522,1.0,1.0,1
04523,1.0,1.0,1
04524,1.0,1.0,1
04525,1.0,1.0,1
04526,1.0,1.0,1
04527,1.0,1.0,1
04528,1.0,1.0,1
04529,1.0,1.0,1
04530,1.0,1.0,1
04531,1.0,1.0,1
04532,1.0,1.0,1
04533,1.0,1.0,1
04534,1.0,1.0,1
04535,1.0,1.0,1
04536,1.0,1.0,1
04537,1.0,1.0,1
04538,1.0,1.0,1
04539,1.0,1.0,1
04540,1.0,1.0,1
04541,1.0,1.0,1
04542,1.0,1.0,1
04543,1.0,1.0,1
04544,1.0,1.0,1
04545,1.0,1.0,1
04546,1.0,1.0,1
04547,1.0,1.0,1
04548,1.0,1.0,1
04549,1.0,1.0,1
04550,1.0,1.0,1
04551,1.0,1.0,1
04552,1.0,1.0,1
04553,1.0,1.0,1
04554,1.0,1.0,1
04555,1.0,1.0,1
04556,1.0,1.0,1
04557,1.0,1.0,1
04558,1.0,1.0,1
04559,1.0,1.0,1
04560,1.0,1.0,1
04561,1.0,1.0,1
04562,1.0,1.0,1
04563,1.0,1.0,1
04564,1.0,1.0,1
04565,1.0,1.0,1
04566,1.0,1.0,1
04567,1.0,1.0,1
04568,1.0,1.0,1
04569,1.0,1.0,1
04570,1.0,1.0,1
04571,1.0,1.0,1
04572,1.0,1.0,1
04573,1.0,1.0,1
04574,1.0,1.0,1
04575,1.0,1.0,1
04576,1.0,1.0,1
04577,1.0,1.0,1
04578,1.0,1.0,1
04579,1.0,1.0,1
04580,1.0,1.0,1
04581,1.0,1.0,1
04582,1.0,1.0,1
04583,1.0,1.0,1
04584,1.0,1.0,1
04585,1.0,1.0,1
04586,1.0,1.0,1
04587,1.0,1.0,1
04588,1.0,1.0,1
04589,1.0,1.0,1
04590,1.0,1.0,1
04591,1.0,1.0,1
04592,1.0,1.0,1
04593,1.0,1.0,1
04594,1.0,1.0,1
04595,1.0,1.0,1
04596,1.0,1.0,1
04597,1.0,1.0,1
04598,1.0,1.0,1
04599,1.0,1.0,1
04600,1.0,1.0,1
04601,1.0,1.0,1
04602,1.0,1.0,1
04603,1.0,1.0,1
04604,1.0,1.0,1
04605,1.0,1.0,1
04606,1.0,1.0,1
04607,1.0,1.0,1
04608,1.0,1.0,1
04609,1.0,1.0,1
04610,1.0,1.0,1
04611,1.0,1.0,1
04612,1.0,1.0,1
04613,1.0,1.0,1
04614,1.0,1.0,1
04615,1.0,1.0,1
04616,1.0,1.0,1
04617,1.0,1.0,1
04618,1.0,1.0,1
04619,1.0,1.0,1
04620,1.0,1.0,1
04621,1.0,1.0,1
04622,1.0,1.0,1
04623,1.0,1.0,1
04624,1.0,1.0,1
04625,1.0,1.0,1
04626,1.0,1.0,1
04627,1.0,1.0,1
04628,1.0,1.0,1
04629,1.0,1.0,1
04630,1.0,1.0,1
04631,1.0,1.0,1
04632,1.0,1.0,1
04633,1.0,1.0,1
04634,1.0,1.0,1
04635,1.0,1.0,1
04636,1.0,1.0,1
04637,1.0,1.0,1
04638,1.0,1.0,1
04639,1.0,1.0,1
04640,1.0,1.0,1
04641,1.0,1.0,1
04642,1.0,1.0,1
04643,1.0,1.0,1
04644,1.0,1.0,1
04645,1.0,1.0,1
04646,1.0,1.0,1
04647,1.0,1.0,1
04648,1.0,1.0,1
04649,1.0,1.0,1
04650,1.0,1.0,1
04651,1.0,1.0,1
04652,1.0,1.0,1
04653,1.0,1.0,1
04654,1.0,1.0,1
04655,1.0,1.0,1
04656,1.0,1.0,1
04657,1.0,1.0,1
04658,1.0,1.0,1
04659,1.0,1.0,1
04660,1.0,1.0,1
04661,1.0,1.0,1
04662,1.0,1.0,1
04663,1.0,1.0,1
04664,1.0,1.0,1
04665,1.0,1.0,1
04666,1.0,1.0,1
04667,1.0,1.0,1
04668,1.0,1.0,1
04669,1.0,1.0,1
04670,1.0,1.0,1
04671,1.0,1.0,1
04672,1.0,1.0,1
04673,1.0,1.0,1
04674,1.0,1.0,1
04675,1.0,1.0,1
04676,1.0,1.0,1
04677,1.0,1.0,1
04678,1.0,1.0,1
04679,1.0,1.0,1
04680,1.0,1.0,1
04681,1.0,1.0,1
04682,1.0,1.0,1
04683,1.0,1.0,1
04684,1.0,1.0,1
04685,1.0,1.0,1
04686,1.0,1.0,1
04687,1.0,1.0,1
04688,1.0,1.0,1
04689,1.0,1.0,1
04690,1.0,1.0,1
04691,1.0,1.0,1
04692,1.0,1.0,1
04693,1.0,1.0,1
04694,1.0,1.0,1
04695,1.0,1.0,1
04696,1.0,1.0,1
04697,1.0,1.0,1
04698,1.0,1.0,1
04699,1.0,1.0,1
04700,1.0,1.0,1
04701,1.0,1.0,1
04702,1.0,1.0,1
04703,1.0,1.0,1
04704,1.0,1.0,1
04705,1.0,1.0,1
04706,1.0,1.0,1
04707,1.0,1.0,1
04708,1.0,1.0,1
04709,1.0,1.0,1
04710,1.0,1.0,1
04711,1.0,1.0,1
04712,1.0,1.0,1
04713,1.0,1.0,1
04714,1.0,1.0,1
04715,1.0,1.0,1
04716,1.0,1.0,1
04717,1.0,1.0,1
04718,1.0,1.0,1
04719,1.0,1.0,1
04720,1.0,1.0,1
04721,1.0,1.0,1
04722,1.0,1.0,1
04723,1.0,1.0,1
04724,1.0,1.0,1
04725,1.0,1.0,1
04726,1.0,1.0,1
04727,1.0,1.0,1
04728,1.0,1.0,1
04729,1.0,1.0,1
04730,1.0,1.0,1
04731,1.0,1.0,1
04732,1.0,1.0,1
04733,1.0,1.0,1
04734,1.0,1.0,1
04735,1.0,1.0,1
04736,1.0,1.0,1
04737,1.0,1.0,1
04738,1.0,1.0,1
04739,1.0,1.0,1
04740,1.0,1.0,1
04741,1.0,1.0,1
04742,1.0,1.0,1
04743,1.0,1.0,1
04744,1.0,1.0,1
04745,1.0,1.0,1
04746,1.0,1.0,1
04747,1.0,1.0,1
04748,1.0,1.0,1
04749,1.0,1.0,1
04750,1.0,1.0,1
04751,1.0,1.0,1
04752,1.0,1.0,1
04753,1.0,1.0,1
04754,1.0,1.0,1
04755,1.0,1.0,1
04756,1.0,1.0,1
04757,1.0,1.0,1
04758,1.0,1.0,1
04759,1.0,1.0,1
04760,1.0,1.0,1
04761,1.0,1.0,1
04762,1.0,1.0,1
04763,1.0,1.0,1
04764,1.0,1.0,1
04765,1.0,1.0,1
04766,1.0,1.0,1
04767,1.0,1.0,1
04768,1.0,1.0,1
04769,1.0,1.0,1
04770,1.0,1.0,1
04771,1.0,1.0,1
04772,1.0,1.0,1
04773,1.0,1.0,1
04774,1.0,1.0,1
04775,1.0,1.0,1
04776,1.0,1.0,1
04777,1.0,1.0,1
04778,1.0,1.0,1
04779,1.0,1.0,1
04780,1.0,1.0,1
04781,1.0,1.0,1
04782,1.0,1.0,1
04783,1.0,1.0,1
04784,1.0,1.0,1
04785,1.0,1.0,1
04786,1.0,1.0,1
04787,1.0,1.0,1
04788,1.0,1.0,1
04789,1.0,1.0,1
04790,1.0,1.0,1
04791,1.0,1.0,1
04792,1.0,1.0,1
04793,1.0,1.0,1
04794,1.0,1.0,1
04795,1.0,1.0,1
04796,1.0,1.0,1
04797,1.0,1.0,1
04798,1.0,1.0,1
04799,1.0,1.0,1
04800,1.0,1.0,1
04801,1.0,1.0,1
04802,1.0,1.0,1
04803,1.0,1.0,1
04804,1.0,1.0,1
04805,1.0,1.0,1
04806,1.0,1.0,1
04807,1.0,1.0,1
04808,1.0,1.0,1
04809,1.0,1.0,1
04810,1.0,1.0,1
04811,1.0,1.0,1
04812,1.0,1.0,1
04813,1.0,1.0,1
04814,1.0,1.0,1
04815,1.0,1.0,1
04816,1.0,1.0,1
04817,1.0,1.0,1
04818,1.0,1.0,1
04819,1.0,1.0,1
04820,1.0,1.0,1
04821,1.0,1.0,1
04822,1.0,1.0,1
04823,1.0,1.0,1
04824,1.0,1.0,1
04825,1.0,1.0,1
04826,1.0,1.0,1
04827,1.0,1.0,1
04828,1.0,1.0,1
04829,1.0,1.0,1
04830,1.0,1.0,1
04831,1.0,1.0,1
04832,1.0,1.0,1
04833,1.0,1.0,1
04834,1.0,1.0,1
04835,1.0,1.0,1
04836,1.0,1.0,1
04837,1.0,1.0,1
04838,1.0,1.0,1
04839,1.0,1.0,1
04840,1.0,1.0,1
04841,1.0,1.0,1
04842,1.0,1.0,1
04843,1.0,1.0,1
04844,1.0,1.0,1
04845,1.0,1.0,1
04846,1.0,1.0,1
04847,1.0,1.0,1
04848,1.0,1.0,1
04849,1.0,1.0,1
04850,1.0,1.0,1
04851,1.0,1.0,1
04852,1.0,1.0,1
04853,1.0,1.0,1
04854,1.0,1.0,1
04855,1.0,1.0,1
04856,1.0,1.0,1
04857,1.0,1.0,1
04858,1.0,1.0,1
04859,1.0,1.0,1
04860,1.0,1.0,1
04861,1.0,1.0,1
04862,1.0,1.0,1
04863,1.0,1.0,1
04864,1.0,1.0,1
04865,1.0,1.0,1
04866,1.0,1.0,1
04867,1.0,1.0,1
04868,1.0,1.0,1
04869,1.0,1.0,1
04870,1.0,1.0,1
04871,1.0,1.0,1
04872,1.0,1.0,1
04873,1.0,1.0,1
04874,1.0,1.0,1
04875,1.0,1.0,1
04876,1.0,1.0,1
04877,1.0,1.0,1
04878,1.0,1.0,1
04879,1.0,1.0,1
04880,1.0,1.0,1
04881,1.0,1.0,1
04882,1.0,1.0,1
04883,1.0,1.0,1
04884,1.0,1.0,1
04885,1.0,1.0,1
04886,1.0,1.0,1
04887,1.0,1.0,1
04888,1.0,1.0,1
04889,1.0,1.0,1
04890,1.0,1.0,1
04891,1.0,1.0,1
04892,1.0,1.0,1
04893,1.0,1.0,1
04894,1.0,1.0,1
04895,1.0,1.0,1
04896,1.0,1.0,1
04897,1.0,1.0,1
04898,1.0,1.0,1
04899,1.0,1.0,1
04900,1.0,1.0,1
04901,1.0,1.0,1
04902,1.0,1.0,1
04903,1.0,1.0,1
04904,1.0,1.0,1
04905,1.0,1.0,1
04906,1.0,1.0,1
04907,1.0,1.0,1
04908,1.0,1.0,1
04909,1.0,1.0,1
04910,1.0,1.0,1
04911,1.0,1.0,1
04912,1.0,1.0,1
04913,1.0,1.0,1
04914,1.0,1.0,1
04915,1.0,1.0,1
04916,1.0,1.0,1
04917,1.0,1.0,1
04918,1.0,1.0,1
04919,1.0,1.0,1
04920,1.0,1.0,1
04921,1.0,1.0,1
04922,1.0,1.0,1
04923,1.0,1.0,1
04924,1.0,1.0,1
04925,1.0,1.0,1
04926,1.0,1.0,1
04927,1.0,1.0,1
04928,1.0,1.0,1
04929,1.0,1.0,1
04930,1.0,1.0,1
04931,1.0,1.0,1
04932,1.0,1.0,1
04933,1.0,1.0,1
04934,1.0,1.0,1
04935,1.0,1.0,1
04936,1.0,1.0,1
04937,1.0,1.0,1
04938,1.0,1.0,1
04939,1.0,1.0,1
04940,1.0,1.0,1
04941,1.0,1.0,1
04942,1.0,1.0,1
04943,1.0,1.0,1
04944,1.0,1.0,1
04945,1.0,1.0,1
04946,1.0,1.0,1
04947,1.0,1.0,1
04948,1.0,1.0,1
04949,1.0,1.0,1
04950,1.0,1.0,1
04951,1.0,1.0,1
04952,1.0,1.0,1
04953,1.0,1.0,1
04954,1.0,1.0,1
04955,1.0,1.0,1
04956,1.0,1.0,1
04957,1.0,1.0,1
04958,1.0,1.0,1
04959,1.0,1.0,1
04960,1.0,1.0,1
04961,1.0,1.0,1
04962,1.0,1.0,1
04963,1.0,1.0,1
04964,1.0,1.0,1
04965,1.0,1.0,1
04966,1.0,1.0,1
04967,1.0,1.0,1
04968,1.0,1.0,1
04969,1.0,1.0,1
04970,1.0,1.0,1
04971,1.0,1.0,1
04972,1.0,1.0,1
04973,1.0,1.0,1
04974,1.0,1.0,1
04975,1.0,1.0,1
04976,1.0,1.0,1
04977,1.0,1.0,1
04978,1.0,1.0,1
04979,1.0,1.0,1
04980,1.0,1.0,1
04981,1.0,1.0,1
04982,1.0,1.0,1
04983,1.0,1.0,1
04984,1.0,1.0,1
04985,1.0,1.0,1
04986,1.0,1.0,1
04987,1.0,1.0,1
04988,1.0,1.0,1
04989,1.0,1.0,1
04990,1.0,1.0,1
04991,1.0,1.0,1
04992,1.0,1.0,1
04993,1.0,1.0,1
04994,1.0,1.0,1
04995,1.0,1.0,1
04996,1.0,1.0,1
04997,1.0,1.0,1
04998,1.0,1.0,1
04999,1.0,1.0,1
