sample_id,canny_f1,canny_f1_strict,canny_tol_px,dists,lpips,maniqa,musiq,niqe,psnr,qalign,ssim
00022,0.7358898209983216,0.26526627752135123,1,0.19873183965682983,0.5205423831939697,0.7537127733230591,76.42646789550781,3.173024104723003,13.188446044921875,4.69140625,0.19590925422321556
00027,0.7488316800962033,0.3371259136670804,1,0.20038974285125732,0.4522823095321655,0.6667641997337341,75.15569305419922,5.87472673185616,11.72263240814209,4.80859375,0.5490998358002592
00057,0.6317225246087584,0.3548993793492571,1,0.22210687398910522,0.41718554496765137,0.5365110635757446,70.23356628417969,3.7514748522197383,15.253592491149902,4.28515625,0.5844453616257094
00064,0.6940260403219018,0.27712330304050264,1,0.23250818252563477,0.44701170921325684,0.5789389610290527,74.19589233398438,2.7072594037694055,13.673887252807617,4.90625,0.4573021843096609
00072,0.8073250415513847,0.3895668343544022,1,0.19800978899002075,0.3550063371658325,0.7428533434867859,75.38639068603516,3.4697756538747804,12.571409225463867,4.9296875,0.4522128359215695
00078,0.7969291344613371,0.30957999056158564,1,0.1881946325302124,0.42410945892333984,0.7311503291130066,74.87548828125,3.703209638258609,15.651097297668457,4.8125,0.3891526109626772
00080,0.6557348289985975,0.25730267246737104,1,0.30245161056518555,0.5628867745399475,0.5537935495376587,73.58129119873047,5.342096611460254,9.257057189941406,4.265625,0.4173525222493803
00101,0.6473731517868472,0.2323622545915136,1,0.2526007890701294,0.6012006998062134,0.6056085824966431,72.30622100830078,3.927776126502182,12.801350593566895,4.0546875,0.25151452703024635
00106,0.7633480336886359,0.2826069947578437,1,0.2402048110961914,0.5744947195053101,0.6579140424728394,74.81397247314453,2.8458045377628283,12.263689994812012,4.33984375,0.26872525701853817
00115,0.6756320094145833,0.2529572338489536,1,0.2845250368118286,0.5084144473075867,0.7249699831008911,70.40509033203125,4.508735840177925,8.82935905456543,4.94921875,0.40450498988028066
00155,0.7829257187336505,0.2931856806096157,1,0.2054184079170227,0.42873358726501465,0.6680436134338379,75.45482635498047,3.294627404987214,13.296756744384766,4.84375,0.38274084645327083
00160,0.6609218944863772,0.2509875417806138,1,0.2925838232040405,0.5179438591003418,0.6207160949707031,73.17152404785156,4.065554008453028,14.128707885742188,3.927734375,0.4272064013656465
00166,0.7027712251694812,0.3075352036977319,1,0.2533244490623474,0.4730237126350403,0.6228717565536499,73.53189849853516,3.5692573197249486,13.633247375488281,4.42578125,0.5620913006309152
00169,0.9117744298027316,0.47286669288242233,1,0.3398909568786621,0.4290229082107544,0.5738195180892944,69.5784912109375,5.208933022753408,7.551448345184326,2.98828125,0.3612839681376484
00174,0.5980667941111617,0.25450088749894345,1,0.30776798725128174,0.5744271874427795,0.593073308467865,71.6366958618164,4.749828311825873,12.090582847595215,3.828125,0.4831103549398491
00176,0.6540513503564216,0.2853286384976526,1,0.2926290035247803,0.6003854870796204,0.6693233251571655,75.9700698852539,4.870741506886945,8.426230430603027,4.7890625,0.47497475385924803
00181,0.7432218178049743,0.26300362660837595,1,0.48797374963760376,0.7763064503669739,0.6431514024734497,72.26736450195312,5.331150535355101,8.667366981506348,4.13671875,0.22804968699195333
00199,0.7392886565659621,0.2907000407000407,1,0.2453494668006897,0.46984314918518066,0.6013083457946777,69.96665954589844,3.0467940202416073,9.54290771484375,4.57421875,0.20760004806000423
00206,0.6781012142755308,0.24500763358778627,1,0.2578020691871643,0.4604962468147278,0.5182719230651855,70.46115112304688,7.309198697534822,14.138446807861328,3.373046875,0.40848414801952243
00210,0.7993846633011361,0.3421058643456012,1,0.1869065761566162,0.3938950002193451,0.762139618396759,74.27938079833984,2.909302450369446,12.375524520874023,4.94140625,0.3349299829018322
00214,0.7100910648087793,0.3493559807988879,1,0.201943039894104,0.3767838478088379,0.7025759220123291,73.792724609375,3.638829516386486,12.090797424316406,4.8671875,0.4780951435152422
00228,0.8568187479442578,0.32283489524453507,1,0.24121737480163574,0.512710690498352,0.748866617679596,74.66120147705078,5.221524513198939,12.376145362854004,4.6640625,0.37931054647001294
00230,0.80076452858461,0.3522878013406675,1,0.17492294311523438,0.33220162987709045,0.7295212149620056,74.12737274169922,3.578327233968826,13.389266967773438,4.890625,0.4803242116821164
00237,0.7861715261353646,0.3458457033632925,1,0.25119853019714355,0.4797936975955963,0.7985154390335083,75.49065399169922,3.6239425003158097,6.122765064239502,4.3984375,0.31475295935939424
00243,0.5444396677391066,0.19357328958795716,1,0.39848190546035767,0.664950966835022,0.6620206832885742,74.44159698486328,4.782048661486551,9.697083473205566,3.66015625,0.40195906355917194
00245,0.6476283721741117,0.25474903474903476,1,0.22200316190719604,0.48236268758773804,0.7152592539787292,73.21387481689453,4.985925381476484,18.418264389038086,4.70703125,0.6337898010137107
00260,0.6496343839063684,0.24510381869391498,1,0.31424981355667114,0.6409912109375,0.6733325123786926,73.52301025390625,5.624506705222254,15.138694763183594,3.916015625,0.5115469227253171
00264,0.581889665780537,0.2659963936396918,1,0.2668626308441162,0.4983609914779663,0.5897190570831299,71.27823638916016,4.956265800948261,13.501070022583008,3.953125,0.5874340904802332
00294,0.8546865441315808,0.37017842600133266,1,0.2726401090621948,0.3521783649921417,0.5465830564498901,69.07709503173828,4.462577308554025,11.508066177368164,4.5078125,0.6926822961842357
00315,0.7395805413142603,0.27025265839282014,1,0.19393324851989746,0.3910793960094452,0.6745712161064148,73.92676544189453,3.838569630188955,15.215344429016113,4.5078125,0.4128314163849736
00324,0.6686228347602549,0.2898700150973966,1,0.2130013108253479,0.39233675599098206,0.6009567379951477,75.75225830078125,3.173342921617961,14.289169311523438,4.75,0.6539760298293391
00330,0.6991949574493177,0.2559366754617414,1,0.2985624074935913,0.6286146640777588,0.6433115005493164,72.96405792236328,2.701071675992379,8.290067672729492,4.72265625,0.20859579635660994
00391,0.6695431222798911,0.25431807456347333,1,0.26646220684051514,0.5953475832939148,0.5543028712272644,64.71855926513672,4.372340937057397,15.668821334838867,3.9140625,0.4287711914670429
00395,0.7291182808283385,0.28148995754163025,1,0.2516945004463196,0.5489757657051086,0.6090458631515503,68.94110870361328,4.342984741555887,12.63803482055664,4.2578125,0.49998638383998245
00399,0.7511214693812185,0.28628159650179597,1,0.3547365069389343,0.6816685199737549,0.6519421339035034,70.72176361083984,2.6806466824120996,8.683555603027344,4.171875,0.3199379246206659
00405,0.8086095340481256,0.3062477686540521,1,0.28251785039901733,0.5484924912452698,0.6403423547744751,71.42891693115234,4.772263385632807,10.98236083984375,4.4921875,0.3013927432652482
00423,0.5801864058563401,0.20338005837627474,1,0.32551711797714233,0.7409405708312988,0.6003462076187134,72.21182250976562,4.528298498045064,11.05325698852539,4.46875,0.1742067531621853
00432,0.7322408510227272,0.29966141127105794,1,0.19834429025650024,0.43439003825187683,0.6791655421257019,74.99536895751953,2.5688671376792396,12.09916877746582,4.921875,0.30715141431068854
00434,0.743354280678058,0.33051463713614926,1,0.2556719183921814,0.525088906288147,0.7316147685050964,75.20429229736328,3.1913505924180887,9.776086807250977,4.9453125,0.285102602555582
00443,0.605622340851817,0.22631870012903904,1,0.21975606679916382,0.5255097150802612,0.5460550785064697,70.82966613769531,3.308038193836023,11.778117179870605,4.9296875,0.3548322167648664
00464,0.6728983351421132,0.26749221574030996,1,0.3614158034324646,0.65717613697052,0.5784019827842712,70.09368896484375,5.232688616460798,8.462282180786133,3.9609375,0.4421309529016955
00471,0.5218655866198928,0.19100169779286927,1,0.3325740098953247,0.6742188334465027,0.5732061862945557,67.35075378417969,5.609778784489979,13.15275764465332,3.80078125,0.6139426942712074
00476,0.705080332387659,0.31613415360190517,1,0.2422795295715332,0.46841081976890564,0.7628850340843201,74.9373779296875,2.685375655894363,12.387042999267578,4.94140625,0.39918915142131056
00500,0.7050311464583215,0.24671417260490894,1,0.30782562494277954,0.6227781176567078,0.634273111820221,69.5851821899414,4.617504796281025,11.702947616577148,4.52734375,0.1650787066985435
00510,0.5709997610671907,0.21828519918177722,1,0.2902054786682129,0.5243529677391052,0.6134303212165833,72.46208190917969,6.181712965854372,15.048750877380371,4.03515625,0.4766939548475867
00511,0.8688601418991071,0.33478682170542634,1,0.34794116020202637,0.6405156254768372,0.7146698832511902,73.01688385009766,6.135725297003545,9.1578950881958,4.5390625,0.12146643906902686
00536,0.7505212774229324,0.29122421579397045,1,0.3043125867843628,0.551737904548645,0.5428319573402405,58.95859146118164,4.766904593046205,13.958993911743164,4.0703125,0.5667256024377705
00548,0.6447906809815088,0.24314622156167828,1,0.23058372735977173,0.4951906204223633,0.6810855269432068,75.94757080078125,3.2652201594909904,10.800992965698242,4.890625,0.3542437695574993
00564,0.5231420882926894,0.22776911076443057,1,0.28459054231643677,0.5910742878913879,0.5953953862190247,70.54155731201172,5.272521170398106,11.763853073120117,4.234375,0.27557039936593597
00569,0.4737789882645359,0.1925680541552643,1,0.28329187631607056,0.6943193674087524,0.43498408794403076,72.24561309814453,2.6284587027830666,11.387787818908691,4.93359375,0.40195693725148685
00577,0.7759958110976155,0.32725019440124414,1,0.29763954877853394,0.5152058005332947,0.6487966179847717,71.75791931152344,3.464493652899704,11.044740676879883,4.265625,0.27226584857977576
00587,0.7902774508200314,0.33839744872141875,1,0.2687041163444519,0.4733423888683319,0.5528701543807983,72.4886474609375,4.4932401165863975,13.08131217956543,4.0234375,0.35552163872522885
00606,0.6148042350568018,0.2300496930722011,1,0.31597185134887695,0.6079976558685303,0.5237637758255005,66.11112976074219,4.100335065832158,11.725728988647461,3.568359375,0.4095952659910217
00635,0.6375888712001816,0.26070908897327605,1,0.2653968334197998,0.6043041348457336,0.6763779520988464,74.7768325805664,2.877283691435545,10.710224151611328,4.921875,0.3161462020866577
00641,0.7989610168706744,0.377998364026264,1,0.20893216133117676,0.28904110193252563,0.7392590641975403,73.56472778320312,3.8267126084738696,12.513670921325684,4.8359375,0.5854796044728792
00645,0.5532805628550648,0.2221202386415787,1,0.2654021978378296,0.5677753686904907,0.6043415665626526,71.63130187988281,5.427443292661498,12.46530532836914,4.24609375,0.4672727439902707
00651,0.8788175410012358,0.3257588222031285,1,0.4318728446960449,0.8087412118911743,0.7167440056800842,75.33204650878906,6.595248331820865,13.186931610107422,4.48046875,0.13761455870504619
00656,0.5751785608165401,0.2259119496855346,1,0.23639929294586182,0.45821505784988403,0.6207486987113953,75.773681640625,4.070800869999032,11.477231979370117,4.921875,0.5212581437383625
00658,0.8333836817729076,0.3060194789212756,1,0.2489105463027954,0.5262110829353333,0.5881600379943848,70.1126480102539,5.640297816350757,12.449666023254395,3.4921875,0.27304184046909263
00666,0.6673239213689808,0.23935998409898382,1,0.2571336030960083,0.5675173997879028,0.6342900395393372,71.35679626464844,3.888916509291312,14.252229690551758,4.87890625,0.2207766403100955
00687,0.8139328744903048,0.3197975573825025,1,0.22411704063415527,0.43809399008750916,0.5746167302131653,73.54096221923828,3.9910886303601347,12.023513793945312,4.359375,0.3032877359511378
00690,0.6684972298932466,0.24495857096739482,1,0.3765459656715393,0.5382548570632935,0.5521615147590637,61.953773498535156,5.322546460941399,15.632390022277832,3.955078125,0.31965566642883647
00694,0.6988229705406946,0.28107765687881947,1,0.2704389691352844,0.4996291399002075,0.5829119682312012,69.40261840820312,3.889279689241953,13.184327125549316,4.71484375,0.37755529790110276
00699,0.6183236128808385,0.22774694783573807,1,0.2555781602859497,0.5575656890869141,0.654391348361969,74.61864471435547,5.627532440304467,13.659873008728027,4.20703125,0.3899096437410078
00708,0.6056900122815118,0.2582922231580636,1,0.3192029595375061,0.5455528497695923,0.5345466136932373,71.60342407226562,2.800920490067974,12.682924270629883,4.4453125,0.3517802496148603
00711,0.652639964409568,0.22946194972130587,1,0.3433804512023926,0.7602259516716003,0.66031414270401,71.2406005859375,3.662194785116453,13.052535057067871,4.2890625,0.3822183355990329
00728,0.7410826674073894,0.3060970311368573,1,0.4251807928085327,0.611083447933197,0.6401421427726746,72.3648681640625,5.261625678735654,10.749013900756836,3.619140625,0.370592512182651
00732,0.7616699554167978,0.371209267281974,1,0.18364155292510986,0.27295351028442383,0.6725600957870483,75.46058654785156,3.28607757880804,15.481490135192871,4.85546875,0.588668686819531
00734,0.7950927585965974,0.3170566866604714,1,0.235539972782135,0.4283132255077362,0.5581575036048889,73.0353012084961,5.788948173361804,10.143208503723145,3.869140625,0.5546562671198101
00737,0.7748148387163225,0.30729478192214754,1,0.197049081325531,0.43343397974967957,0.628282904624939,72.3880386352539,3.6462392979872162,16.19769859313965,4.27734375,0.5294696364607893
00741,0.8394420404497002,0.3128365402718681,1,0.2704354524612427,0.5372253656387329,0.6630547046661377,75.48924255371094,4.703771760273739,12.65512466430664,3.5,0.30736085860291545
00780,0.8725622072205287,0.3489827363919374,1,0.24213117361068726,0.22912532091140747,0.6260374188423157,75.0785903930664,4.897856014066639,13.699902534484863,4.6953125,0.763723561297947
00784,0.7166752714229951,0.32877538158002906,1,0.20042967796325684,0.41856297850608826,0.5829853415489197,70.5188217163086,2.7028533366230825,12.953949928283691,4.24609375,0.4831202118752721
00786,0.692597238181401,0.36027088036117383,1,0.23919546604156494,0.4549880027770996,0.6366439461708069,71.89389038085938,4.678359111510987,10.521913528442383,4.56640625,0.6514773860201196
00791,0.6338710335784414,0.2261848897231347,1,0.4093383550643921,0.7804140448570251,0.575086772441864,69.31486511230469,4.7001552322928815,14.558231353759766,4.58203125,0.3211544232113676
00867,0.5659897009239152,0.2137854773313675,1,0.33444273471832275,0.6687852144241333,0.5817811489105225,74.1573715209961,4.018272033056855,8.150075912475586,3.3984375,0.27986268037279455
00872,0.3116896994897762,0.1304829880119188,1,0.3110056519508362,0.5689217448234558,0.6083530187606812,72.54411315917969,5.31730242301755,13.155709266662598,4.46484375,0.6006299469829164
00880,0.7022134384814402,0.26165984220513333,1,0.32476890087127686,0.6760724186897278,0.6163170337677002,70.76295471191406,4.192064926432008,11.545567512512207,4.265625,0.3999103033925249
00884,0.6725272940959207,0.3184526306956449,1,0.30586427450180054,0.4615404009819031,0.7367043495178223,75.54185485839844,4.198941600862813,9.796506881713867,4.86328125,0.5654118782372868
00885,0.6638440508930454,0.25597537611105875,1,0.27697211503982544,0.6427021026611328,0.635080873966217,72.04643249511719,3.5898172183177817,13.734275817871094,4.87109375,0.41214703793582635
00886,0.6668745398755181,0.2488634240518154,1,0.28694790601730347,0.5537965297698975,0.673129677772522,75.67096710205078,4.354915325935583,14.728055953979492,4.27734375,0.3396867520829038
00896,0.6659011060106713,0.31262235960844925,1,0.20069950819015503,0.4225730895996094,0.5053854584693909,73.0990982055664,4.529232142780526,15.326482772827148,4.3125,0.656154853329636
00921,0.4817761834020353,0.1881819248367291,1,0.2565033435821533,0.6608428955078125,0.5789108872413635,71.01197814941406,2.290349213047499,10.188676834106445,4.70703125,0.3490819694260496
00929,0.6056742071280713,0.2406364831608401,1,0.26966071128845215,0.648714005947113,0.6461338400840759,73.23982238769531,3.66097028199119,10.930014610290527,4.7421875,0.3281789656603482
00931,0.5764825255996235,0.21473566978735253,1,0.24709129333496094,0.48686474561691284,0.5222527384757996,69.56371307373047,3.6747387581363973,16.017894744873047,3.974609375,0.44070997034664655
00933,0.8051337699550295,0.30357085702702413,1,0.2521013021469116,0.5203969478607178,0.7360393404960632,75.55130767822266,3.266737448485732,9.719725608825684,4.703125,0.2820104978497783
00948,0.7451202790013479,0.33400931350458163,1,0.19701480865478516,0.3849520981311798,0.6042627096176147,73.49871063232422,2.7859481565905297,13.802608489990234,4.7109375,0.607941958412461
00952,0.8279812809917592,0.30417053975336183,1,0.30874890089035034,0.5982018709182739,0.7100913524627686,74.6986312866211,5.122616885727138,11.19594955444336,4.58984375,0.40040567214296635
00997,0.7584944156596432,0.27997074780183334,1,0.2592011094093323,0.6487288475036621,0.7489948868751526,74.53984069824219,4.495765522550913,8.94592571258545,4.53515625,0.33761264823002135
01001,0.7699450484622201,0.31965881397238016,1,0.2668300271034241,0.4689028561115265,0.5829458832740784,72.13335418701172,4.253449758776312,11.178718566894531,3.072265625,0.6301336104802742
01014,0.5912137991463818,0.2185239407509473,1,0.33064842224121094,0.647416353225708,0.5085079669952393,65.96385955810547,2.7546249605717,13.829461097717285,4.02734375,0.2450914760537279
01018,0.6693181298893252,0.2735028712059065,1,0.24848777055740356,0.4688367545604706,0.7303457856178284,74.07533264160156,4.5170962023114445,9.194633483886719,4.8046875,0.5401439226833821
01027,0.6701909489941541,0.23814581120759667,1,0.40304380655288696,0.6292304992675781,0.5906499624252319,67.82111358642578,6.080942556693308,14.465189933776855,3.0703125,0.27207282083984946
01029,0.7127707667360285,0.3153785456206653,1,0.3213670253753662,0.6029964089393616,0.5771855115890503,71.67003631591797,5.149337220199641,12.51649284362793,3.244140625,0.5309133384864666
01071,0.7759589874714272,0.2865163282492748,1,0.24573278427124023,0.6416212916374207,0.7349480986595154,74.76498413085938,3.869138687108032,12.389039039611816,4.76953125,0.4598137376992581
01080,0.47570176449454654,0.21654068474877725,1,0.30935072898864746,0.4935853183269501,0.6638728380203247,74.8031234741211,4.179824035661787,14.037667274475098,4.08203125,0.6403890179967323
01091,0.6340644094815766,0.2586189815732118,1,0.24387258291244507,0.40677571296691895,0.69107586145401,77.52052307128906,3.961130311735443,10.73869514465332,4.90234375,0.4217197739710813
01093,0.722223887423492,0.2576713142339998,1,0.25472646951675415,0.5285888910293579,0.6256804466247559,75.70083618164062,2.8028017817495328,10.928921699523926,4.92578125,0.26101429212579597
01118,0.7490224165372241,0.2699601744737341,1,0.2687985301017761,0.5806708335876465,0.6370189785957336,74.97994232177734,4.564739148921833,10.629510879516602,4.20703125,0.3290254474051685
01119,0.5531026162293078,0.22118308566182798,1,0.18599849939346313,0.3094054162502289,0.7496206760406494,75.75408172607422,3.8785021709126695,14.243471145629883,4.984375,0.49443882926128957
01136,0.6167474748061132,0.2261732212452089,1,0.3088644742965698,0.5791170001029968,0.5178207159042358,73.64580535888672,4.775787092621231,8.746667861938477,3.55078125,0.20004721615491466
01168,0.3322740527360162,0.13908319185059423,1,0.4270142912864685,0.7926369309425354,0.580361545085907,71.80160522460938,6.599248424140181,5.765571117401123,3.19921875,0.19181112355536187
01175,0.7733086815193263,0.40778347779939855,1,0.22598588466644287,0.4904906153678894,0.5616880655288696,72.93880462646484,3.9998994179474554,14.487333297729492,4.4765625,0.6256118221565221
01207,0.5854054232833243,0.21406003159557663,1,0.2287035584449768,0.5871850848197937,0.7057957649230957,73.82176208496094,3.5981938877837547,13.872995376586914,4.71484375,0.43024116005039426
01209,0.6955184054159285,0.2583511798731061,1,0.32231003046035767,0.7022590637207031,0.6736046671867371,73.75868225097656,5.618732054592381,9.31782341003418,4.15234375,0.3872750078603466
01217,0.8154269955346652,0.31416777668808643,1,0.22640478610992432,0.4118799567222595,0.6635869145393372,73.23236846923828,4.8573219335870546,11.031951904296875,4.6171875,0.1886446073441678
01227,0.4462585455114451,0.2384737678855326,1,0.32980769872665405,0.6987845301628113,0.5749769806861877,69.24658203125,4.218842404564012,13.614340782165527,4.80078125,0.5491053127358263
01236,0.7444855529750358,0.32825376821927804,1,0.188166081905365,0.3719463348388672,0.7141637206077576,74.3200912475586,3.1802413190872856,13.040924072265625,4.828125,0.46352053996938775
01248,0.6388216923079401,0.38945862151204386,1,0.24538397789001465,0.5033730268478394,0.6532135009765625,73.75008392333984,3.7226459323399372,11.67298412322998,4.94140625,0.46886044900597895
01250,0.7539244372155545,0.28704230696262567,1,0.2995680570602417,0.5436524748802185,0.5043626427650452,66.4897232055664,4.145926822180518,10.005764961242676,3.6796875,0.20091347212979122
01262,0.8074366024014883,0.29125175130688924,1,0.3617647886276245,0.6970892548561096,0.6354473233222961,69.48817443847656,5.61705325645141,7.22675895690918,4.34375,0.10422419520526897
01273,0.6315738325561058,0.22299739165959587,1,0.20482784509658813,0.5250436067581177,0.6750664710998535,69.21710205078125,3.7487293905684917,14.723410606384277,4.92578125,0.3233534357465077
01274,0.7272043903067064,0.27432847410963257,1,0.19986748695373535,0.247584730386734,0.5441389083862305,74.11872863769531,3.761341312545295,18.301889419555664,4.921875,0.7277256607843032
01311,0.7854545200061956,0.3659151346976529,1,0.1911616325378418,0.3701682388782501,0.565471887588501,73.87081909179688,3.198296757081249,15.422650337219238,3.658203125,0.5989351908175651
01318,0.8395157187200054,0.3293437105595288,1,0.21026605367660522,0.45110103487968445,0.6761952042579651,75.18560028076172,3.7430867903599623,15.282326698303223,4.421875,0.37583638022190885
01324,0.6777275994690327,0.24577618763665277,1,0.3627493977546692,0.754206657409668,0.5941855311393738,69.949462890625,5.350562367033632,8.011862754821777,2.7734375,0.28170349955933477
01327,0.5478072988347237,0.1900518103409211,1,0.34079962968826294,0.6352413296699524,0.5537599921226501,69.12357330322266,5.474203868952549,9.782275199890137,3.7109375,0.14548010047171794
01329,0.7664770039618162,0.3105615564398964,1,0.20718133449554443,0.41339170932769775,0.6635043025016785,75.55284118652344,3.189148991396531,12.914207458496094,4.83203125,0.4404205736881792
01340,0.8377643731172347,0.3367714027975524,1,0.19850021600723267,0.39748865365982056,0.7031329870223999,72.55664825439453,3.067988449742038,12.854331970214844,4.9140625,0.3383896441141722
01381,0.7087284400902315,0.25050173326035396,1,0.32232725620269775,0.6477218270301819,0.6541322469711304,75.57483673095703,3.8586193587228728,12.034046173095703,4.16796875,0.3177825641124583
01384,0.7535633325949481,0.2932772892544934,1,0.28078413009643555,0.5187006592750549,0.5769403576850891,69.67416381835938,3.556746746652335,13.336944580078125,4.00390625,0.295175443833013
01386,0.7792492217429041,0.3014283807235349,1,0.23813754320144653,0.3898451030254364,0.7451896667480469,74.54322052001953,4.055613705239768,10.505681991577148,4.8984375,0.3575596446297939
01387,0.7581153141237514,0.2920211779732597,1,0.24422335624694824,0.5352304577827454,0.6414912343025208,72.08795166015625,4.370884054021723,11.635454177856445,3.966796875,0.24280160438671533
01391,0.8741106441336473,0.37960210381888865,1,0.2521083354949951,0.5293501615524292,0.694177508354187,75.2962646484375,3.39595898473535,8.374797821044922,4.92578125,0.4031621303169355
01401,0.8442558174877717,0.3454540341404426,1,0.2702023386955261,0.4767657220363617,0.6849548816680908,73.24669647216797,5.856037126560649,14.224802017211914,4.25,0.5523563036306178
01408,0.8707779860761243,0.32356340994674176,1,0.21210730075836182,0.47737324237823486,0.6961334943771362,76.55134582519531,4.86996253353481,12.021175384521484,4.76953125,0.20378371112805263
01410,0.740270320598768,0.3172998014559894,1,0.30964797735214233,0.5778017640113831,0.6145778894424438,73.29499053955078,4.246456927399013,10.059930801391602,3.96875,0.46697092982080357
01454,0.7361668954156538,0.2590340413151004,1,0.26391804218292236,0.6016154885292053,0.7107610702514648,73.84745025634766,5.0105472587045625,14.125041961669922,4.80078125,0.42790061239514454
01455,0.8305627797550148,0.45684708903422544,1,0.23515605926513672,0.5442692637443542,0.6247772574424744,74.03504180908203,3.0320577403841087,12.047433853149414,4.6796875,0.45258363287590514
01463,0.702812263082329,0.3443475712506411,1,0.2542049288749695,0.473280668258667,0.5898417234420776,69.96575927734375,4.282054869569135,16.69386100769043,4.05078125,0.5137104291344401
01465,0.6390976571044421,0.2607174680703607,1,0.38792282342910767,0.6306260228157043,0.5603293776512146,71.57955169677734,4.203252273472189,12.561284065246582,2.990234375,0.35471931173507515
01466,0.7556041072048808,0.30179821436056503,1,0.24026280641555786,0.5365738272666931,0.658087432384491,74.71607971191406,4.130698326766668,10.194644927978516,4.75,0.3783239708871299
01474,0.7417898318144232,0.2670343584350924,1,0.22763103246688843,0.5220897793769836,0.7732089757919312,76.03874206542969,4.807136907017696,12.136235237121582,4.91015625,0.29589898534657466
01475,0.7994669354488662,0.3244001603390025,1,0.22068631649017334,0.4359860122203827,0.6324014663696289,75.59584045410156,3.297174500818102,9.139771461486816,4.68359375,0.4005686336170623
01476,0.6573191649102097,0.23560092995047002,1,0.31575900316238403,0.6252230405807495,0.6769346594810486,70.77195739746094,4.716325638252057,13.744250297546387,3.98046875,0.37397402709409283
01483,0.743537306171985,0.3053968834254901,1,0.254112184047699,0.4961286783218384,0.685124397277832,76.26853942871094,3.4706144992277737,11.081037521362305,4.37109375,0.322553384080416
01490,0.900688454973429,0.3351685998140263,1,0.2607120871543884,0.6742023229598999,0.7354769110679626,76.07745361328125,5.357101389452962,11.360892295837402,4.74609375,0.11779761905144924
01515,0.5134277317553887,0.18842364532019704,1,0.27505654096603394,0.6899244785308838,0.6340177059173584,73.70455932617188,4.828118839698769,14.714393615722656,3.9765625,0.44503838003484
01518,0.8046798440108378,0.2900753115617504,1,0.3628696799278259,0.8262060284614563,0.5767878293991089,76.22969818115234,5.173276821218821,4.9524006843566895,4.01953125,0.1897499967457575
01525,0.6761233918482596,0.24429896683317304,1,0.2002909779548645,0.49979060888290405,0.5936681032180786,72.99613952636719,3.0058233070998552,15.339735984802246,4.8515625,0.49446247162595613
01532,0.7476754473632137,0.29672709525891433,1,0.2505441904067993,0.44428378343582153,0.7078878879547119,75.23149871826172,2.830699044416547,9.551700592041016,4.734375,0.20096254374837194
01535,0.78379783189755,0.3353670101789214,1,0.24033117294311523,0.42779865860939026,0.6242954134941101,76.56019592285156,4.051486736471709,11.20028305053711,4.47265625,0.4004849270666335
01537,0.667562150917849,0.24007567939456484,1,0.28029900789260864,0.522293746471405,0.7009908556938171,75.30940246582031,5.379821892831119,13.027097702026367,4.8125,0.39603546550202673
01539,0.717747215851806,0.27695112044540426,1,0.29230207204818726,0.49826860427856445,0.7147608399391174,77.2235336303711,4.546486917286472,7.815169811248779,4.98828125,0.23245961846011337
01546,0.8125817957469741,0.42392701891875345,1,0.22485065460205078,0.33268773555755615,0.6234135627746582,72.80804443359375,5.582796929233755,16.665122985839844,4.75390625,0.7736519658348727
01548,0.41330497536856264,0.16743700611301626,1,0.25838232040405273,0.5239400863647461,0.6723714470863342,68.31812286376953,4.872060142382152,16.041324615478516,4.35546875,0.5038223481003568
01552,0.8016646526475144,0.29134801054766174,1,0.3653830885887146,0.6431664228439331,0.6333813667297363,70.92031860351562,5.218520149258182,9.062009811401367,4.18359375,0.0994029264041296
01554,0.7585027979981905,0.27745124109410674,1,0.24828791618347168,0.6273579001426697,0.57784503698349,74.4524917602539,3.034048670193013,12.379841804504395,4.8984375,0.20545183981441725
01561,0.7794161688869163,0.29528830802361417,1,0.2231873869895935,0.4246683120727539,0.6250168681144714,72.6812973022461,4.549003877024118,12.873233795166016,4.7890625,0.49135842665516977
01578,0.8310169793141774,0.2976759913492494,1,0.3244197368621826,0.697037935256958,0.6652522683143616,73.79474639892578,5.517374797161771,10.618326187133789,4.44140625,0.1208040389379944
01582,0.8536938385462133,0.3092501756444055,1,0.26475363969802856,0.5987895727157593,0.660598635673523,75.84967041015625,5.621853813209728,11.683154106140137,4.25,0.14035238949804604
01588,0.8251154169263367,0.31935795397782146,1,0.26454663276672363,0.6599844098091125,0.6536402702331543,75.79932403564453,3.8800880749024955,10.47839641571045,4.921875,0.2631296858917543
01594,0.8443268216722489,0.32394873848618344,1,0.2752071022987366,0.5959433913230896,0.6411494612693787,73.28643035888672,2.6066616620434013,9.017765045166016,4.60546875,0.3262138874795734
01596,0.7270281329900519,0.2648195605595933,1,0.3740679621696472,0.8259082436561584,0.7166311144828796,74.3226547241211,3.8745680546088077,10.109403610229492,4.69921875,0.16234443178422833
01628,0.8096333278035939,0.2965889367388289,1,0.273445725440979,0.5428688526153564,0.736330509185791,72.55317687988281,5.00973980298237,10.795848846435547,4.5546875,0.15207042967009757
01650,0.7522197271036732,0.31475409836065577,1,0.3020820617675781,0.47027021646499634,0.7056211829185486,75.72473907470703,5.4277101081507135,9.117788314819336,4.74609375,0.4469536016062882
01666,0.6201242193488904,0.2271542943768061,1,0.2655109763145447,0.5225114226341248,0.6434841752052307,74.99800109863281,4.571050085807017,10.404787063598633,4.12890625,0.4316419995083083
01667,0.8610714859484281,0.3170677608960852,1,0.22789543867111206,0.5661121606826782,0.7628858089447021,76.23160552978516,4.0388474909982,10.90690803527832,4.87890625,0.28672312510001097
01669,0.7280322182561421,0.2637870300860426,1,0.25993359088897705,0.5443861484527588,0.606326699256897,72.12513732910156,4.981013594199985,13.262094497680664,4.63671875,0.19982360343223865
01677,0.7304938064732283,0.2769360072841034,1,0.20732378959655762,0.40000542998313904,0.7365426421165466,75.15859985351562,4.300656962008,14.96934700012207,4.86328125,0.4794897715831904
01738,0.6710996273569655,0.28398674942913193,1,0.23830348253250122,0.525856077671051,0.7285212278366089,74.66556549072266,3.69046737774744,12.28269100189209,4.89453125,0.43910332109063466
01746,0.7315769724853421,0.26401299002551615,1,0.2141626477241516,0.514906108379364,0.7192878723144531,74.0509262084961,2.53181040258138,12.627836227416992,4.78125,0.1919382133001932
01751,0.6806842526744636,0.24368408299644193,1,0.42338430881500244,0.7141575217247009,0.5997501611709595,71.68328857421875,5.485578709392275,7.937500953674316,2.7578125,0.18484917344649013
01755,0.8265182230696803,0.3191132932264284,1,0.18099427223205566,0.40212446451187134,0.7252338528633118,75.8426742553711,3.751929403298364,12.992526054382324,4.9453125,0.3787708485170631
01758,0.7767711344655028,0.30504025544085095,1,0.17572784423828125,0.37624192237854004,0.7704577445983887,74.85017395019531,3.2817123877399146,13.376994132995605,4.94921875,0.30877032396035803
01768,0.9099087347167415,0.3362254497218425,1,0.2573567032814026,0.5691244602203369,0.7254818677902222,74.22520446777344,6.368908555390177,11.29483413696289,4.93359375,0.18662453185311936
01771,0.5493476345155366,0.1988140730003953,1,0.353111207485199,0.6109488010406494,0.7413762211799622,74.03948211669922,5.962568041120413,9.151626586914062,4.2578125,0.30750493673593576
01776,0.6359546325994772,0.2924737133370227,1,0.3520669937133789,0.598145067691803,0.6066766977310181,71.64269256591797,4.591111723287406,10.727763175964355,4.67578125,0.4250966843542733
01791,0.8588637721645819,0.3789775691184142,1,0.20938491821289062,0.40917128324508667,0.7449585199356079,75.47879028320312,3.6419105191949583,11.385900497436523,4.84765625,0.4906688338915794
01792,0.7392078289941058,0.2691510795478902,1,0.3507736921310425,0.7062841653823853,0.6983889937400818,71.97110748291016,4.211631455017423,6.116850852966309,4.62109375,0.21196826142826306
01802,0.7080624343416401,0.2613093565608317,1,0.18689346313476562,0.49456921219825745,0.6099406480789185,74.88607788085938,3.177758776417167,10.656453132629395,4.7578125,0.37305028593697503
01810,0.7392658381671864,0.2711987493065712,1,0.31327390670776367,0.6082994937896729,0.6267604827880859,71.76075744628906,4.1318849504248565,11.446712493896484,4.5,0.1540830201341021
01832,0.7633262285494911,0.32940714566156265,1,0.23527377843856812,0.4282389283180237,0.6634747385978699,72.93864440917969,4.545973641303977,13.864203453063965,4.87109375,0.6209552087768807
01835,0.7740089866034927,0.29002361538118787,1,0.24456429481506348,0.5108329653739929,0.7351603507995605,76.77210998535156,4.247269576738457,10.916041374206543,4.76171875,0.31767892846557105
01843,0.8564156314874619,0.3169135200349103,1,0.2706145644187927,0.4801126718521118,0.6998375654220581,76.56101989746094,4.054360658993666,9.354469299316406,4.8203125,0.27704672977237454
01848,0.6220928495310756,0.22392688101844296,1,0.2831556797027588,0.5911746025085449,0.6867018938064575,72.1380386352539,4.507803235961704,10.464834213256836,4.26953125,0.4532391438293361
01851,0.719181646764442,0.33920420718396505,1,0.25290197134017944,0.5219954252243042,0.5936528444290161,71.55768585205078,3.6338826713779038,13.567681312561035,3.9765625,0.515223941971476
01853,0.8330688844154133,0.33513132773545384,1,0.20406043529510498,0.3107236623764038,0.6443483829498291,73.20586395263672,3.5829129661018713,16.658496856689453,4.8828125,0.5451753063123843
01873,0.786918086751568,0.3339837179573437,1,0.25737452507019043,0.43773072957992554,0.7771760821342468,76.41799926757812,4.404406983962261,11.826644897460938,4.64453125,0.6991991004507446
01909,0.7297458325216021,0.3158256093374528,1,0.19756680727005005,0.38542014360427856,0.37521833181381226,68.66776275634766,2.6179269275039028,13.648408889770508,4.2734375,0.5317272376770845
01915,0.718549553062065,0.3101097439308281,1,0.16782903671264648,0.3446688950061798,0.6516260504722595,73.84916687011719,4.159333838881652,14.38830280303955,4.3515625,0.5648469062946573
01940,0.7318907393364575,0.2811961978616589,1,0.2756626605987549,0.6544326543807983,0.5737558007240295,67.85945892333984,4.728868842312436,13.77324104309082,3.974609375,0.34379871656530103
01944,0.7420348639369758,0.31050247912597395,1,0.2816583514213562,0.5852301716804504,0.6563143134117126,74.75285339355469,3.4081563787429894,9.787801742553711,4.296875,0.4349164463330934
01946,0.6543905431644266,0.2884710539336962,1,0.16060864925384521,0.37180012464523315,0.6929123997688293,74.16226959228516,5.079517426737505,15.054630279541016,4.8984375,0.45259214590002694
01956,0.684354575848352,0.26528427045519837,1,0.2512039542198181,0.6587943434715271,0.6662758588790894,74.5152816772461,3.0782247030701106,9.785091400146484,4.8359375,0.37573856338224854
01958,0.7472927874723042,0.3903004092980153,1,0.19354742765426636,0.38766148686408997,0.7230446338653564,73.38265991210938,3.5775709243701863,10.587054252624512,4.9453125,0.47453796868091674
01960,0.795250533094653,0.3569251050506715,1,0.20705777406692505,0.37812745571136475,0.6190967559814453,71.64169311523438,4.3129811707265,15.25943660736084,4.9296875,0.5868676095842571
01967,0.6172374952475368,0.26937809039626714,1,0.3531162142753601,0.6806991100311279,0.40267738699913025,75.68991088867188,3.897635636827621,8.383068084716797,3.603515625,0.2723202054957357
01998,0.7235159744395142,0.2813595429456764,1,0.2998793125152588,0.5251434445381165,0.5682694315910339,66.935302734375,4.397833743405283,17.75265884399414,4.40234375,0.4072626212701709
01999,0.7319444112652124,0.3333652648721142,1,0.3135572075843811,0.49600598216056824,0.4951951503753662,69.33662414550781,4.308388154311802,15.279569625854492,3.384765625,0.5999333814443191
02042,0.7975992251530879,0.3386354968254324,1,0.27710992097854614,0.5978521704673767,0.629366397857666,75.60892486572266,3.417813524766694,9.785809516906738,4.3203125,0.45788769636078575
02043,0.7873476783220128,0.33496469833119386,1,0.24352669715881348,0.5043474435806274,0.6928191184997559,75.57450103759766,3.592601121917195,10.9044828414917,4.2734375,0.37251815558227763
02049,0.5590357648580444,0.20911955958032474,1,0.38276177644729614,0.8041380047798157,0.6046317219734192,70.25369262695312,4.1518939140057025,10.63808822631836,4.5390625,0.2474366581846786
02051,0.7980327102205766,0.42897513187641295,1,0.13747090101242065,0.26063403487205505,0.6949146389961243,70.72581481933594,3.6654906016700033,16.041065216064453,4.93359375,0.6298406301359832
02061,0.7000618648305206,0.33146674246731095,1,0.24081379175186157,0.43734076619148254,0.7240654230117798,74.54765319824219,4.330387942998992,10.695732116699219,4.84375,0.38635998724308124
02087,0.8260350849902612,0.30546928539142354,1,0.22232604026794434,0.5078998804092407,0.6922973990440369,76.86909484863281,4.416378459936708,10.820198059082031,4.91015625,0.44445179009103203
02104,0.7233884099032476,0.2678897935582678,1,0.2366786003112793,0.5722021460533142,0.6236593127250671,73.34095001220703,5.353617379389988,9.79300308227539,4.55859375,0.35509883038303464
02108,0.8224170613273832,0.3328110731965204,1,0.21161800622940063,0.3798454999923706,0.5765132308006287,71.07697296142578,3.423089733156024,13.725624084472656,4.1875,0.3267864127942088
02110,0.6413582746499441,0.2478287841191067,1,0.33370065689086914,0.5026072263717651,0.7268511056900024,76.12742614746094,4.112208040543768,7.3219146728515625,4.98828125,0.39747149832735446
02111,0.5571528082378701,0.2404163052905464,1,0.2908254861831665,0.6045050024986267,0.6325498223304749,77.7312240600586,3.923811845199595,9.975067138671875,4.8671875,0.4957316278486797
02130,0.603677888724064,0.250193417842052,1,0.18279331922531128,0.42571941018104553,0.508452296257019,59.29927444458008,4.991770335366899,16.077674865722656,3.32421875,0.5813058775801204
02147,0.893469779953796,0.33998343160664685,1,0.21720457077026367,0.3927958011627197,0.6962414383888245,75.8771743774414,4.702350445053982,14.769797325134277,4.7578125,0.4371195774571798
02157,0.759631839291009,0.3178731157859864,1,0.18081623315811157,0.42272108793258667,0.4956490695476532,73.99999237060547,3.0285929222436963,13.126256942749023,4.921875,0.4877355266063819
02176,0.6948326571982992,0.3704572098475967,1,0.24977225065231323,0.5428428649902344,0.6297481656074524,69.9375,4.06127430742448,15.698974609375,4.84765625,0.6449535840459139
02185,0.681683435009446,0.3116096139839767,1,0.20913994312286377,0.5017452239990234,0.6902644634246826,73.93988037109375,3.0665539816201184,12.452119827270508,4.71484375,0.5525797573956264
02186,0.7591942944799951,0.296461534171709,1,0.2128506302833557,0.3462015390396118,0.5394746661186218,75.37919616699219,4.214664228762502,14.440071105957031,4.3046875,0.6281311079162287
02191,0.856999672810618,0.3102086858432036,1,0.30940473079681396,0.6009457111358643,0.7803523540496826,76.3025131225586,4.823574739210716,11.387271881103516,4.8984375,0.23565099765867412
02207,0.7553670156873188,0.30312420946116875,1,0.2218443751335144,0.41670915484428406,0.664719820022583,74.43950653076172,4.623527886462018,14.761208534240723,4.30078125,0.6132599949158754
02208,0.75722964328275,0.3895385511184434,1,0.24432295560836792,0.5919644832611084,0.49458736181259155,72.0522689819336,3.238729919219507,7.897095680236816,4.6953125,0.535591993659908
02215,0.5579689482248444,0.23096782318493797,1,0.2627057433128357,0.36696183681488037,0.7492351531982422,76.1961898803711,5.369854037562012,9.570672988891602,4.9765625,0.5712235519559165
02223,0.8427820944269033,0.33426782902569224,1,0.23018932342529297,0.5299485325813293,0.5905289649963379,74.52745819091797,4.3113849087315606,11.112356185913086,4.97265625,0.42798280242336667
02232,0.5505755353717892,0.23109138118770417,1,0.253462016582489,0.5606808066368103,0.7119672894477844,72.62982940673828,3.4806778478854277,11.764326095581055,4.94140625,0.4163216936408759
02236,0.6295593437293219,0.22423115186643022,1,0.1714957356452942,0.47899988293647766,0.5690301060676575,76.3810043334961,4.743781935788064,13.005744934082031,4.84765625,0.5857274190524641
02237,0.7164190940214339,0.2960213057864579,1,0.2437223196029663,0.5220955610275269,0.6140438914299011,71.90592193603516,3.4500676994490225,10.946525573730469,4.57421875,0.39339427144419686
02238,0.8595048160518037,0.4028196369968522,1,0.2089185118675232,0.3284376263618469,0.709633469581604,75.49620819091797,3.301766361084073,11.478104591369629,4.88671875,0.5103666546297181
02241,0.7878260259202646,0.3136983669548511,1,0.20491963624954224,0.5192654728889465,0.7582396864891052,73.76176452636719,3.4966326626514177,11.718177795410156,4.6484375,0.28949699259186423
02245,0.8088734575994854,0.29417448572227733,1,0.19289493560791016,0.3911820948123932,0.6982306241989136,75.64408111572266,3.786358077228891,13.948565483093262,4.87109375,0.4167155176206783
02252,0.6134442756826032,0.26877451563057175,1,0.25273841619491577,0.3927994668483734,0.6723345518112183,72.66462707519531,4.969123293773258,10.582454681396484,4.80078125,0.4416884475545247
02266,0.7992654326431662,0.3278879042801865,1,0.2295985221862793,0.41183608770370483,0.7676891684532166,75.35354614257812,4.130921949921,12.174072265625,4.7734375,0.4234383559367463
02269,0.7332893328391534,0.3826526130873957,1,0.21100527048110962,0.370608389377594,0.7486326694488525,74.68468475341797,3.7811966023047536,13.011737823486328,4.9296875,0.5520306406033849
02271,0.8364655627875539,0.3199556130941372,1,0.2230086326599121,0.5335443019866943,0.6197749972343445,74.53742218017578,3.3764080124801255,12.476228713989258,4.80859375,0.3825665102807895
02279,0.7361787618671108,0.27808604744672294,1,0.2810301184654236,0.578697681427002,0.561294674873352,73.9023208618164,2.755706351218125,10.526748657226562,4.5546875,0.4096168110193523
02298,0.6996118001951283,0.2857839642816944,1,0.27362513542175293,0.5610100626945496,0.6003627181053162,65.61870574951172,3.3909440211034387,8.000389099121094,4.67578125,0.305936775980109
02303,0.8226703433235126,0.33363194378006034,1,0.23515355587005615,0.4824239909648895,0.6864367127418518,74.54230499267578,3.600347423811527,8.490335464477539,4.59375,0.22384421138862604
02304,0.7098850204516036,0.2694217146445321,1,0.25355905294418335,0.5724897384643555,0.7809805274009705,77.65767669677734,3.3850991004140787,11.634292602539062,4.74609375,0.4015953501479032
02309,0.7764265688539522,0.3473664178631087,1,0.224970281124115,0.40243837237358093,0.6691519021987915,76.02291870117188,2.9978722799875888,12.061885833740234,4.6171875,0.45832666854727677
02313,0.6995564333704231,0.31664768299262636,1,0.19811254739761353,0.45296069979667664,0.5716784000396729,74.96569061279297,3.818148163432066,13.359052658081055,4.94140625,0.6223950391054741
02315,0.8129866606462923,0.35268078955689053,1,0.19072222709655762,0.1514507234096527,0.6375327110290527,72.84773254394531,4.114886110196822,19.451093673706055,4.46875,0.7991719867236172
02318,0.6900057971639003,0.2868563928166577,1,0.22190958261489868,0.47540152072906494,0.4725535213947296,71.04032897949219,2.6178261951219355,11.886629104614258,4.20703125,0.38398715469539907
02325,0.5914504974694511,0.20562723030469393,1,0.33660829067230225,0.634233832359314,0.5906549096107483,67.06420135498047,5.899067971625155,9.787363052368164,3.837890625,0.19644680090870384
02331,0.7751596818138692,0.31186586004858763,1,0.2520541548728943,0.5357576608657837,0.6738488078117371,73.5574722290039,2.313719043466624,8.079436302185059,4.8828125,0.19729038406358687
02338,0.7877009084925201,0.35179164543169955,1,0.19294726848602295,0.37937551736831665,0.6801137924194336,75.55260467529297,3.708613725448504,11.774738311767578,4.91796875,0.5148539716732389
02343,0.902897636147881,0.4425670878886838,1,0.12512105703353882,0.2501584589481354,0.6103413701057434,71.32672882080078,4.828780347433609,12.231098175048828,4.06640625,0.5551141144270947
02344,0.9316842391392102,0.5848820317587536,1,0.1844351887702942,0.22569718956947327,0.6591247916221619,76.18203735351562,6.686907836823894,12.49205207824707,4.29296875,0.7984276543002884
02350,0.8541959220515202,0.31552905149488275,1,0.20963406562805176,0.5716120004653931,0.6682234406471252,75.82917022705078,5.13746822732553,12.62453842163086,4.6953125,0.22753267316982037
02353,0.7294707473699102,0.309007279707363,1,0.19495338201522827,0.3665369749069214,0.5798560976982117,72.58200073242188,2.8774639822912964,14.056474685668945,4.91015625,0.3741265149052437
02356,0.8893227581339305,0.4885306441303885,1,0.200839102268219,0.28784042596817017,0.6229787468910217,74.3563461303711,3.187002866344424,13.496814727783203,4.58203125,0.4928132062162284
02364,0.7631685329308129,0.4071517819955971,1,0.2116500735282898,0.4251265525817871,0.7580726146697998,76.45108032226562,4.186169679769433,10.96448040008545,4.96484375,0.48728858138268216
02372,0.6879479726669404,0.329153605015674,1,0.18180745840072632,0.33777084946632385,0.7066258788108826,73.51432800292969,3.600429771568193,14.993337631225586,4.90234375,0.596571789925519
02374,0.7384503488553115,0.25879740789507655,1,0.3459804058074951,0.7905316948890686,0.6139670014381409,72.4919662475586,5.869511630394908,11.867965698242188,4.03125,0.12444210148217458
02380,0.7588589822539595,0.2861646884272997,1,0.2695744037628174,0.5345714092254639,0.6638628244400024,71.01898956298828,3.530032505157122,10.610654830932617,4.41796875,0.22347725086846135
02385,0.7544029872848768,0.3944278419653152,1,0.23414307832717896,0.3911348879337311,0.7468699216842651,73.59506225585938,4.212234642451818,12.343414306640625,4.92578125,0.5753059381320381
02393,0.7416104461437286,0.34842914874201536,1,0.2033531665802002,0.43929678201675415,0.6646432876586914,73.44877624511719,2.87356168777717,12.379827499389648,4.703125,0.4832408039533765
02396,0.7528988046106107,0.3189867570064675,1,0.23260760307312012,0.5806595087051392,0.7285966277122498,74.63238525390625,4.326093990822348,9.686904907226562,4.5078125,0.3969085055120324
02437,0.7717192010051076,0.28224195921799455,1,0.30275434255599976,0.6614093780517578,0.5836799144744873,73.8095474243164,4.582290892763548,10.662036895751953,4.3046875,0.33770057684692534
02439,0.7600978591946992,0.2942777402187668,1,0.252713143825531,0.5334951281547546,0.5312640070915222,69.32909393310547,3.2680721434133666,12.97451114654541,4.26171875,0.2865821325141561
02447,0.7331297059206336,0.3155300335399939,1,0.1816522479057312,0.39006006717681885,0.6129969358444214,73.0445785522461,3.84457591693036,17.081632614135742,4.41796875,0.5403347466077527
02456,0.6161500023099381,0.25932240677593227,1,0.1726992130279541,0.44906339049339294,0.6167893409729004,75.45610809326172,2.898411616153002,13.279455184936523,4.8125,0.36142352591291543
02459,0.5349861220032427,0.19381491062121153,1,0.3487899899482727,0.7067769169807434,0.6217836737632751,74.31122589111328,4.867242076189563,12.16213321685791,3.3515625,0.2853147058819143
02482,0.6947113086281655,0.2683470416556116,1,0.29589855670928955,0.6175246238708496,0.727561891078949,75.72799682617188,5.372818557170342,11.99846363067627,4.8671875,0.4864280894687749
02492,0.7171016597874861,0.3741433741433741,1,0.2542605996131897,0.44704797863960266,0.6342581510543823,75.17074584960938,4.500583806838345,10.212174415588379,4.79296875,0.4632905027438996
02493,0.6859077741924489,0.2459480974367139,1,0.2608252763748169,0.4401080012321472,0.7473271489143372,75.55720520019531,4.2869739626066945,14.14171314239502,4.94140625,0.4329245878663322
02498,0.6065602554748176,0.22761487884837275,1,0.2474549412727356,0.5348909497261047,0.6615973114967346,74.29818725585938,2.4364783255878475,8.144625663757324,4.06640625,0.29655584319340317
02512,0.5834063439754695,0.24238491178259988,1,0.29420173168182373,0.531964898109436,0.6935073733329773,74.7816390991211,4.585128635142976,11.006368637084961,4.56640625,0.5226946305694817
02519,0.7116514569729212,0.26605492560791766,1,0.32293862104415894,0.5823016166687012,0.628861665725708,74.92427062988281,4.318782230264126,10.106892585754395,4.66015625,0.29885848875002513
02521,0.7596910533253988,0.32115896496050966,1,0.2065255045890808,0.584626317024231,0.5578941702842712,76.45671844482422,2.6546666759877446,9.281009674072266,4.80859375,0.4814575199577767
02529,0.7855772478185421,0.35726770607564845,1,0.27530086040496826,0.4554975628852844,0.539498507976532,68.84024047851562,3.0687788716452142,9.958240509033203,4.625,0.2522715304725828
02551,0.7570197854690714,0.33483813713006905,1,0.1763392686843872,0.4391641318798065,0.6442980766296387,73.7492446899414,4.079967415369627,12.799420356750488,4.9296875,0.5127578355414231
02559,0.7243931066720186,0.2995435728691222,1,0.28466349840164185,0.6883978247642517,0.5752116441726685,72.85653686523438,5.697625697414996,11.902265548706055,3.142578125,0.5884507314599344
02578,0.7859632926859823,0.2904641920149622,1,0.2327861785888672,0.558342695236206,0.6766493916511536,75.66800689697266,4.558059594629387,13.855853080749512,4.40234375,0.20689038203385923
02597,0.6935817033916288,0.35007262917617765,1,0.2279719114303589,0.4300788640975952,0.5286818146705627,67.7798080444336,3.5944808462094544,17.404438018798828,4.390625,0.7275041786118037
02607,0.7266291417628967,0.3174722915336854,1,0.17904138565063477,0.39869189262390137,0.7085477113723755,76.30353546142578,3.619582614589899,12.059979438781738,4.9453125,0.4121785214089531
02625,0.548066274901547,0.2134121539170757,1,0.2576135993003845,0.5625113248825073,0.7296661138534546,74.2432861328125,3.952068569240555,11.018871307373047,4.3125,0.4096946958059611
02627,0.6817746463628338,0.2661951909476662,1,0.24098312854766846,0.4176856577396393,0.551972508430481,75.63042449951172,3.6436909264293105,15.392984390258789,4.0546875,0.48412473804187856
02647,0.6483403616184886,0.27663717418781814,1,0.3695281147956848,0.6136466264724731,0.6726758480072021,74.09249114990234,3.932314294464811,7.957020282745361,4.7734375,0.20861340463631056
02660,0.7300578217991085,0.2833523189585028,1,0.33143043518066406,0.5829532146453857,0.7174844741821289,76.15580749511719,3.506792116584831,9.37153434753418,4.76171875,0.2605689991423091
02672,0.7609010870828421,0.31502860645688596,1,0.20159804821014404,0.4065512418746948,0.6053875684738159,69.63994598388672,3.076005355089816,11.702348709106445,3.919921875,0.32256247905886976
02679,0.7625087623699588,0.30225637993891025,1,0.23054218292236328,0.42215704917907715,0.6012683510780334,69.17578887939453,5.1465157041254725,14.43631362915039,4.2109375,0.1493163581061822
02680,0.8248035195579608,0.3054374562858063,1,0.27421873807907104,0.628719687461853,0.6460468769073486,69.63081359863281,4.931034767020625,12.024467468261719,4.23828125,0.19866816246919045
02720,0.668124170438801,0.2656161387020984,1,0.2725992798805237,0.5005142688751221,0.6240830421447754,71.1233139038086,3.194103535378031,9.735418319702148,4.9921875,0.30629938827840575
02730,0.6870018436349927,0.26084850162641016,1,0.2878562808036804,0.532302737236023,0.7199704647064209,70.25440216064453,4.537993876195669,10.466482162475586,4.0390625,0.1836792677019376
02744,0.3677943826653055,0.12776490001178642,1,0.3548544645309448,0.652371883392334,0.6407586336135864,72.82666015625,5.389864927604149,12.116315841674805,3.03125,0.35139314741061234
02756,0.5622687903257264,0.22884594388033627,1,0.33680957555770874,0.7282218933105469,0.5454808473587036,69.39195251464844,5.286217424547755,12.627869606018066,4.2890625,0.5981288827011886
02759,0.6296265484465859,0.24679854851925553,1,0.30790823698043823,0.56980299949646,0.7066944241523743,72.22282409667969,4.601894688402582,14.496369361877441,4.25,0.447172429417206
02762,0.7826698828148168,0.3358069303736207,1,0.30176496505737305,0.6649556159973145,0.5898202061653137,71.34600067138672,4.208064870903844,15.001386642456055,4.76171875,0.6901263421290422
02765,0.4904400543535068,0.17961081453418287,1,0.3812599182128906,0.8532020449638367,0.5954607725143433,61.435752868652344,5.847750736534015,9.928982734680176,3.447265625,0.44070522144707913
02771,0.7024855157693,0.28365160689333957,1,0.2240111231803894,0.4323120713233948,0.5545350909233093,70.14938354492188,4.12188882862194,14.410749435424805,4.43359375,0.5254758268011233
02794,0.8193801884978793,0.3097677057395909,1,0.27961641550064087,0.5846347808837891,0.7003780603408813,73.40482330322266,4.299190920856932,9.490884780883789,4.78125,0.17130575668295303
02821,0.570041311238184,0.2216593886462882,1,0.262228786945343,0.48297765851020813,0.6218180656433105,70.2726058959961,4.7154288853084765,14.295488357543945,4.65234375,0.5287814132116694
02825,0.5724817068747555,0.217423946665065,1,0.3053845763206482,0.6179575324058533,0.6243025064468384,71.17662048339844,3.6590200769496306,12.086021423339844,4.84375,0.39039787148771843
02830,0.9109460258957023,0.3907323967481246,1,0.24435561895370483,0.4773944616317749,0.649237334728241,74.42134857177734,3.180686589272646,10.34733772277832,4.84765625,0.42025788063435676
02851,0.6802818972922431,0.24890576385592997,1,0.3414064645767212,0.5541975498199463,0.7081875801086426,77.09568786621094,3.5187314783467625,9.42131233215332,4.921875,0.31124515086741195
02852,0.8349607519364629,0.3900431273599256,1,0.20751309394836426,0.41623514890670776,0.6972560286521912,74.39734649658203,4.40839671751517,13.098203659057617,4.8984375,0.5752009801820903
02859,0.6845900255895093,0.2836060921388705,1,0.2101200819015503,0.4170447885990143,0.7194869518280029,73.74888610839844,4.068848941550492,10.129895210266113,4.83984375,0.4136769280444352
02870,0.5925187445751678,0.22060448120556328,1,0.2924307584762573,0.6499022841453552,0.6704561114311218,71.4465103149414,4.356190727646627,11.105131149291992,4.3828125,0.36317921037925915
02881,0.7433360275023767,0.2937910146390712,1,0.2956145405769348,0.5604152679443359,0.7156674861907959,73.07788848876953,3.6909128829890485,9.78645133972168,4.94140625,0.21664083564667913
02903,0.7749555358003863,0.35429666868801474,1,0.2041274905204773,0.4427749216556549,0.6917644143104553,77.30052947998047,4.003483727655286,12.085775375366211,4.6171875,0.4663588558991523
02907,0.7685989229716355,0.2865079216625203,1,0.28641045093536377,0.5795329809188843,0.6854200959205627,73.20880126953125,4.148677029227147,11.772790908813477,4.35546875,0.23512567177819785
02910,0.7600755140083529,0.2824694000401311,1,0.2152441143989563,0.5115273594856262,0.7169107794761658,75.57003021240234,4.007237777042067,13.172273635864258,4.6875,0.35713111067833836
02915,0.7436169806562772,0.3144303274455118,1,0.2261192798614502,0.4904560446739197,0.7126034498214722,74.99592590332031,4.553531602506256,8.234930992126465,4.9609375,0.5451896673173566
02949,0.7157164482789351,0.29127971648084433,1,0.350467324256897,0.5479266047477722,0.6101914048194885,72.21991729736328,4.317329061631764,8.427124977111816,3.26171875,0.35585002189234277
02960,0.6537428339298111,0.23527157161793122,1,0.3346138596534729,0.5918388962745667,0.619778573513031,70.58698272705078,5.0666068319152595,13.64114761352539,4.859375,0.29385837130328335
02962,0.6105438058618752,0.2948769992693026,1,0.2532075047492981,0.4909808933734894,0.5716374516487122,74.3502426147461,4.352159004558124,16.59940528869629,4.453125,0.694920652346587
02969,0.7198247868607313,0.31303520456707895,1,0.3140183687210083,0.5805041790008545,0.6881728172302246,71.97967529296875,6.1632275412783315,6.141782283782959,4.5859375,0.2563505105300965
02974,0.19495031111362776,0.07684610766459876,1,0.4123794436454773,0.7839882373809814,0.5221276879310608,72.75513458251953,4.861490907421506,6.79046106338501,4.12109375,0.31525706522506636
02976,0.802933524861677,0.29206924837024567,1,0.2657741904258728,0.6326006650924683,0.7794208526611328,77.7367172241211,4.757337442507183,12.680160522460938,4.9765625,0.2036998724002007
02982,0.6176555816108135,0.25776977028505244,1,0.2776556611061096,0.5506169199943542,0.7026960849761963,76.25682067871094,4.165220430573046,12.075325012207031,4.6015625,0.5263297456711986
02994,0.5801606177368259,0.22796135483628435,1,0.25743240118026733,0.5271821618080139,0.6536809802055359,68.54888153076172,4.34200052371298,18.161834716796875,4.6640625,0.37788654782560066
03013,0.5952349331799938,0.25830078125,1,0.29939866065979004,0.597032368183136,0.6301015019416809,71.99646759033203,4.741744576056657,13.15264892578125,4.76171875,0.5528355647419491
03045,0.6854063429940134,0.25268602327495004,1,0.27737492322921753,0.560632586479187,0.42685467004776,74.18365478515625,3.4394067117687865,11.629887580871582,4.2109375,0.35287366677376575
03046,0.7689330024757122,0.2783623238592472,1,0.25492697954177856,0.35613781213760376,0.7247001528739929,76.75668334960938,4.097909513665113,12.956644058227539,4.94921875,0.6283639051372508
03063,0.7388136679026307,0.34497309342626176,1,0.22014987468719482,0.3830796480178833,0.6110261082649231,72.5257797241211,4.045273706912013,14.16801929473877,4.4765625,0.5342354567387684
03079,0.7433424394592837,0.2825548349486264,1,0.24727535247802734,0.5555247664451599,0.6250320076942444,74.5097885131836,3.395364286809162,14.619406700134277,4.1640625,0.45508438300541415
03088,0.6702164212457498,0.3075595099764284,1,0.232957124710083,0.45051950216293335,0.5878490209579468,71.92720031738281,3.711015247139443,13.686518669128418,4.3203125,0.5038272204358247
03108,0.6620713346369553,0.2264217590957259,1,0.37279146909713745,0.7715415954589844,0.7230626344680786,72.86654663085938,4.562209563943116,8.168586730957031,4.9609375,0.13244881959494312
03114,0.7637372593958525,0.39007645498517707,1,0.2806342840194702,0.5667551159858704,0.66498202085495,76.36634826660156,3.603918950734788,7.455052375793457,4.94140625,0.41771219378041907
03119,0.4876134298320175,0.20014855830913633,1,0.30663686990737915,0.5831085443496704,0.6038729548454285,71.2288818359375,4.922089344504298,16.175392150878906,4.55859375,0.5083396965076934
03125,0.5621422069606625,0.20175479104132996,1,0.27540820837020874,0.5752087235450745,0.6530160903930664,76.04395294189453,3.8898188674432186,12.909039497375488,4.88671875,0.332505119200427
03141,0.662127747405385,0.24753028342937786,1,0.31947898864746094,0.5203219056129456,0.6511008739471436,76.05345916748047,4.514915660931908,11.864097595214844,3.91015625,0.270644506691992
03165,0.769291563002358,0.3732956007203499,1,0.22255825996398926,0.27258145809173584,0.6307245492935181,75.04750061035156,5.1748004872934565,14.774456977844238,4.9375,0.7505130368725399
03178,0.6902648423732024,0.24691630650809174,1,0.2698526978492737,0.5959315299987793,0.6468236446380615,74.70675659179688,4.9851379357573995,14.00937271118164,3.93359375,0.41306251632208424
03192,0.7644945332252655,0.4168257147716321,1,0.20125997066497803,0.3977086544036865,0.6284829378128052,74.90612030029297,3.784123602423783,11.662030220031738,4.7109375,0.5242351307484655
03194,0.8166604679966836,0.31159992377426293,1,0.28912782669067383,0.5661727786064148,0.7055486440658569,74.62098693847656,3.8499632331488725,10.797795295715332,4.8828125,0.3486841955727801
03196,0.8058469036575774,0.2985428603954009,1,0.30378055572509766,0.5625686645507812,0.741274893283844,74.46148681640625,4.7273157140454,13.09184455871582,4.93359375,0.24949404498233319
03235,0.5607031840785551,0.2208382427200808,1,0.24817562103271484,0.5921337604522705,0.5871185660362244,71.13593292236328,2.6141346569199206,13.11581039428711,4.828125,0.35452689975545204
03239,0.7145911209204585,0.3044729270206644,1,0.2494577169418335,0.45267677307128906,0.6314162611961365,73.4746322631836,4.0317852792508155,11.249794006347656,4.62109375,0.3778140035387146
03242,0.5254095435259433,0.1861544411499291,1,0.43925732374191284,0.7610741257667542,0.636597752571106,66.55018615722656,6.001431621382706,10.357156753540039,3.724609375,0.39382646351935013
03247,0.7514084262998124,0.33676493526750895,1,0.19367510080337524,0.4223220646381378,0.6814013719558716,75.49163818359375,3.7495859968052585,12.435144424438477,4.79296875,0.49195131638822787
03254,0.6044771250582888,0.24670967741935484,1,0.20820075273513794,0.43016940355300903,0.6100216507911682,64.26724243164062,5.193232197808802,18.42466926574707,4.1640625,0.6826755312031183
03256,0.6069869452790486,0.3132568514977693,1,0.23716533184051514,0.47240525484085083,0.649052619934082,73.99229431152344,5.454283088693249,16.158832550048828,3.40234375,0.665877137163693
03259,0.6976602308679074,0.2648464580756486,1,0.3075116276741028,0.6119968295097351,0.7769413590431213,75.2957763671875,3.8263819262633625,9.894551277160645,4.859375,0.31845997646133267
03260,0.6609248321639071,0.3803729146221786,1,0.24469643831253052,0.48431843519210815,0.49854305386543274,62.52039337158203,5.823793211306615,12.640604019165039,3.984375,0.7216749563040308
03261,0.7662256546369958,0.286052187916761,1,0.2295224666595459,0.4975319504737854,0.6751266121864319,71.35494232177734,3.757615722480134,10.840643882751465,4.55078125,0.2885922455248052
03265,0.7928884850511716,0.2824499191767026,1,0.258622407913208,0.6073554754257202,0.739283561706543,75.32817840576172,5.517817020653967,14.505285263061523,4.5078125,0.194208066357555
03268,0.8711994582772672,0.32855077299521745,1,0.3465687036514282,0.5809838771820068,0.7378021478652954,76.55291748046875,4.651479950213215,10.385679244995117,4.90625,0.3006487441619711
03273,0.8199622214126536,0.3021382144732316,1,0.25133776664733887,0.5224538445472717,0.7136859893798828,75.857421875,3.7538135054803794,10.695954322814941,4.765625,0.2528823446060438
03279,0.769163412438357,0.2767644226875557,1,0.3729623556137085,0.7437816858291626,0.5748618245124817,70.77377319335938,5.893735812128818,11.796302795410156,3.384765625,0.20836456289502284
03284,0.3704241896935728,0.1386880239693469,1,0.31582069396972656,0.6274188756942749,0.7169027924537659,74.81725311279297,4.338030541088894,12.264545440673828,4.41015625,0.3171969281698088
03288,0.8628324667131777,0.5244136870434448,1,0.20552200078964233,0.2979457676410675,0.6161800026893616,73.74159240722656,4.980133582371211,11.998678207397461,4.62109375,0.8353695402384488
03294,0.6791637813214374,0.2785765714659743,1,0.2126026749610901,0.4396793842315674,0.6126658320426941,66.74645233154297,3.3554968065069257,16.392826080322266,4.734375,0.41933790050145603
03297,0.8650635245102553,0.3266916756448033,1,0.3295934200286865,0.5586021542549133,0.6533788442611694,74.0566635131836,4.891843681181987,10.757452011108398,4.19140625,0.4453308256472181
03305,0.7905818961580829,0.3677547499147323,1,0.2082616686820984,0.4109709560871124,0.5240799188613892,71.25028991699219,2.744520697104165,13.62789249420166,4.34375,0.40840401040197905
03316,0.8079431520358742,0.2960172812435548,1,0.2738349437713623,0.48321622610092163,0.6496943831443787,73.39545440673828,3.0731112455951966,10.705351829528809,4.77734375,0.2664783354678661
03331,0.8515003538645037,0.3568787405176686,1,0.413486123085022,0.6086418628692627,0.6336464881896973,73.06477355957031,5.203935225724561,8.902039527893066,3.0703125,0.21481618273812297
03341,0.7309936100011474,0.27414901125571145,1,0.2648603320121765,0.5348319411277771,0.6151784062385559,72.05448913574219,4.317759304944963,14.415392875671387,4.203125,0.2861450006730632
03353,0.6867162465734288,0.2550545555357532,1,0.40385007858276367,0.7483619451522827,0.6636448502540588,70.62454223632812,5.098012360351696,10.017528533935547,4.16796875,0.2831194257880759
03373,0.760733519973314,0.3078185467327545,1,0.21213632822036743,0.3913172781467438,0.6800517439842224,73.46891784667969,3.545393646163304,12.328205108642578,4.5859375,0.34461895610843085
03391,0.6989491690970331,0.2708950800237107,1,0.23771005868911743,0.48046809434890747,0.5718705058097839,75.10896301269531,4.109087625498363,15.022238731384277,4.3359375,0.5620105479564829
03399,0.7312503293735908,0.2629869673410283,1,0.27314066886901855,0.6436429619789124,0.6770990490913391,74.60200500488281,4.937503225413642,8.871602058410645,4.80859375,0.3240078984306635
03412,0.4311264528592783,0.14558945819740293,1,0.39088577032089233,0.8848875164985657,0.6602703332901001,73.42259979248047,4.9650059569752685,13.021347045898438,4.41796875,0.16947962859749557
03449,0.7511285030892948,0.3031713540644365,1,0.2594170570373535,0.554214596748352,0.6396386623382568,71.30540466308594,3.292383916856601,11.71236515045166,4.12890625,0.26869237548816494
03463,0.7249201178125413,0.27337445195808874,1,0.3273612856864929,0.4813087582588196,0.6151056289672852,71.55892181396484,5.3905924621312415,11.89975357055664,4.0859375,0.4240985153487925
03469,0.774492205505547,0.3858647936786655,1,0.28007984161376953,0.622237503528595,0.38201960921287537,69.56018829345703,4.25673085721684,12.920979499816895,4.9609375,0.4659020954386701
03477,0.7761537379105657,0.29698200538421576,1,0.2591678500175476,0.5032682418823242,0.6802995204925537,71.63665771484375,5.16504058168955,13.489599227905273,4.28125,0.4697407816872438
03478,0.675727688158877,0.24881516587677724,1,0.29209190607070923,0.5479298830032349,0.6797904372215271,74.9169921875,3.056082895392996,12.179579734802246,4.49609375,0.5476316308188266
03485,0.6135237807602865,0.22964269960299957,1,0.20460748672485352,0.5377449989318848,0.6413866281509399,72.66007232666016,3.5280149508315812,14.813579559326172,4.83984375,0.3920838505489109
03493,0.6906108831395887,0.3374731145493652,1,0.20485228300094604,0.3861243724822998,0.7362488508224487,75.2408447265625,3.833819301817066,12.623584747314453,4.6875,0.7043825407940507
03502,0.624264735756129,0.22258450891668885,1,0.24159204959869385,0.5801976323127747,0.7011055946350098,74.78101348876953,3.874415016845462,15.010809898376465,4.11328125,0.3278631403732969
03512,0.7982838736339458,0.34314935188836454,1,0.22611480951309204,0.43913862109184265,0.6755476593971252,71.4200439453125,3.113220130486004,10.436025619506836,4.8203125,0.33420758510939497
03513,0.7122318276815601,0.3113990565474413,1,0.1925705075263977,0.47618621587753296,0.6857119798660278,75.1732406616211,2.98291060593142,11.152729988098145,4.7890625,0.3869866768966047
03516,0.7322525598615642,0.2653812395594439,1,0.27932584285736084,0.5466436147689819,0.620408833026886,73.32366180419922,3.5111713713041324,8.667924880981445,4.81640625,0.30198712084922297
03529,0.839050694111994,0.45663542180562405,1,0.28773027658462524,0.47449201345443726,0.5932624936103821,71.93568420410156,4.86332434397353,9.187548637390137,4.70703125,0.5675342696472074
03532,0.6056309873075413,0.22569643761607294,1,0.2868010997772217,0.6488781571388245,0.5222135782241821,66.79501342773438,3.111408468495835,10.375104904174805,4.09765625,0.3471861109972499
03539,0.673316874597028,0.24856834223649357,1,0.23935824632644653,0.5683505535125732,0.6336233615875244,69.9686279296875,4.754813478192226,16.872146606445312,4.1015625,0.26709472857821753
03550,0.6441780608645407,0.24485242557531714,1,0.3370213508605957,0.632568895816803,0.7082992196083069,75.19022369384766,4.001963347102179,10.486196517944336,4.90625,0.43965951597246977
03565,0.663075906048481,0.2423238347691628,1,0.2902812361717224,0.5886719822883606,0.6628425717353821,70.5881118774414,6.0201883686360755,9.493249893188477,3.962890625,0.387353409020504
03567,0.7701657602971029,0.2871770192004514,1,0.27162885665893555,0.5606480240821838,0.6859000325202942,74.11377716064453,4.594985226938974,11.836763381958008,4.74609375,0.18178969485565483
03652,0.8063608765149439,0.3720207428928565,1,0.15981870889663696,0.3320139944553375,0.7162667512893677,75.15601348876953,3.560593725329388,13.424233436584473,4.82421875,0.5034460619469739
03655,0.774261296502914,0.28701938979633623,1,0.31818169355392456,0.6023954749107361,0.8048774600028992,73.4182357788086,4.699312802617136,10.73875617980957,4.8515625,0.14906526358661654
03658,0.6252440485690349,0.2282392886945012,1,0.22972190380096436,0.5011933445930481,0.732271671295166,72.31375122070312,3.095162731370603,14.605243682861328,4.98828125,0.34362327715967134
03669,0.701722473772356,0.2463287912949711,1,0.3225669860839844,0.5695463418960571,0.6178558468818665,74.36518096923828,4.554054213371192,11.355653762817383,3.35546875,0.3984570549619586
03703,0.628471106420422,0.21694214876033058,1,0.36638039350509644,0.6811566352844238,0.6651967167854309,73.76564025878906,4.077927305910721,10.571822166442871,4.09765625,0.350578744905586
03705,0.6050541657701707,0.23933012560144973,1,0.27670443058013916,0.5505378842353821,0.6102350354194641,73.25992584228516,3.5124089659517694,11.934080123901367,4.03515625,0.428580150602277
03726,0.7196676605926957,0.2683913915049737,1,0.35170257091522217,0.6382555365562439,0.6396983861923218,73.44619750976562,4.557258086650386,9.360368728637695,4.359375,0.291388978188688
03744,0.8251404599233776,0.3360218517277811,1,0.1937727928161621,0.3762093186378479,0.6734463572502136,72.87812042236328,4.044808680802834,11.051441192626953,4.3359375,0.30516077426603766
03749,0.664993770122979,0.2762410962866544,1,0.23465001583099365,0.4852466583251953,0.6299895644187927,71.58763885498047,3.8691802917759124,10.320700645446777,4.41796875,0.3968668949157887
03753,0.6152409997052358,0.24878689579367846,1,0.29880887269973755,0.6017955541610718,0.7124624252319336,73.18763732910156,3.429393444357227,7.407393455505371,4.95703125,0.20379192784493377
03772,0.8172788494923994,0.39497307001795334,1,0.18338489532470703,0.2473093867301941,0.6149190068244934,73.57402801513672,4.171095668101743,16.613529205322266,4.140625,0.6031701712460339
03782,0.6923066319294375,0.26341946341946343,1,0.28076601028442383,0.5006999373435974,0.6164773106575012,72.25358581542969,4.2495721202755865,12.185745239257812,3.896484375,0.3911891869240653
03785,0.5912445332699916,0.23386765310316482,1,0.28066372871398926,0.5521498918533325,0.6686837673187256,68.34233856201172,4.048665583521085,11.651339530944824,4.57421875,0.4426079861476422
03786,0.8678188814145731,0.49941901870384947,1,0.16611188650131226,0.31760597229003906,0.6854609251022339,73.10551452636719,3.847748824344136,15.67857551574707,4.93359375,0.6531794428361963
03820,0.8578745882338518,0.32294330212801925,1,0.3488786816596985,0.687817394733429,0.6035498380661011,74.16708374023438,4.214942249375646,8.066946029663086,4.27734375,0.1590459350595406
03835,0.7728549667867759,0.28460657492067665,1,0.28076207637786865,0.6222668290138245,0.6328234672546387,71.9131851196289,3.0052924952728772,9.80561637878418,4.37109375,0.20145445547285007
03846,0.8313419452282266,0.33569592647402446,1,0.20837736129760742,0.36455458402633667,0.6947869658470154,75.84928894042969,3.9713556035645827,11.334535598754883,4.82421875,0.44807115173931406
03856,0.8068228822728507,0.2928028354198822,1,0.30570584535598755,0.5220097899436951,0.6026245951652527,71.92374420166016,3.9938673338883732,12.451913833618164,4.82421875,0.5244222513687476
03859,0.7532950055957145,0.320180633698549,1,0.2199692726135254,0.5237487554550171,0.5410669445991516,73.55531311035156,3.691559986366392,12.295714378356934,4.91796875,0.47521845687910713
03860,0.7544921301323559,0.2710411617238617,1,0.3035505414009094,0.6241000294685364,0.5682806968688965,72.28266906738281,4.194622553376901,13.397762298583984,3.857421875,0.21251461222580836
03868,0.6279974481677049,0.26943275597742766,1,0.299724817276001,0.5271530747413635,0.5966710448265076,72.65556335449219,4.06898570605031,11.833311080932617,4.5390625,0.33070047233803157
03870,0.681581415036714,0.2408731963451441,1,0.23431849479675293,0.6221707463264465,0.6948188543319702,72.62013244628906,4.00315530114413,13.375349044799805,4.84375,0.25425225664721746
03879,0.7137926362129529,0.27432111462082814,1,0.2476939558982849,0.5734561681747437,0.6518535017967224,72.1346664428711,3.5274573612329823,12.826539039611816,4.73046875,0.2761393206677779
03885,0.6898581377799078,0.24237815745075209,1,0.28706270456314087,0.6805886030197144,0.6873056888580322,72.01069641113281,3.7279727317382765,12.4756441116333,4.63671875,0.21118100085832353
03917,0.9250734044524822,0.4080834794607181,1,0.2722976803779602,0.4565493166446686,0.6905063986778259,74.35569763183594,4.709731113756694,9.160297393798828,4.91796875,0.640810498564501
03930,0.750664100775474,0.2748226348484334,1,0.29313355684280396,0.42871329188346863,0.6217083930969238,73.06043243408203,6.105116883654978,14.552597999572754,3.88671875,0.6455213046961722
03937,0.6988332152725109,0.29902716644705485,1,0.26695406436920166,0.4668698012828827,0.6542717218399048,72.04729461669922,4.801194219848332,7.777552127838135,4.72265625,0.35293876261563584
03944,0.4964772546001615,0.18544333807491703,1,0.26556408405303955,0.6039125323295593,0.7459479570388794,77.41593933105469,3.503694212124292,13.279913902282715,4.9140625,0.3965386382761456
03948,0.8200794645116019,0.32291423124651547,1,0.17226696014404297,0.41739505529403687,0.6807410717010498,73.5042724609375,3.264066755884016,12.432693481445312,4.80859375,0.25139663358070924
03951,0.7538623291576176,0.2910814716247544,1,0.22726845741271973,0.5086876153945923,0.7788473963737488,75.50487518310547,3.862963981099101,11.483268737792969,4.8671875,0.24954153818350738
03964,0.7555957302651998,0.26886583123771685,1,0.2997139096260071,0.5350202918052673,0.7325448989868164,75.42863464355469,4.638156284722974,12.388261795043945,4.7890625,0.26180481504834424
03970,0.8792232809181941,0.3360315406887205,1,0.17958086729049683,0.35272330045700073,0.7130179405212402,74.9442367553711,3.4406722439609387,11.551885604858398,4.9375,0.34270463146425106
03978,0.719164541019719,0.30450699642043605,1,0.245955228805542,0.4373575448989868,0.7522716522216797,73.76663208007812,4.092954128277655,9.217556953430176,4.9140625,0.34836807458610086
03997,0.597197380997515,0.2101733725875041,1,0.31564146280288696,0.5840855836868286,0.6194963455200195,72.44364166259766,4.4362471479232095,11.080917358398438,3.7734375,0.2493964297138312
04006,0.8560486965050487,0.3134120722655338,1,0.17833811044692993,0.47229430079460144,0.7077683210372925,74.51641845703125,4.534203824479935,13.875457763671875,4.640625,0.3016804209407095
04009,0.6661552385875154,0.24488132435422205,1,0.3316182494163513,0.6294174194335938,0.6314485669136047,70.87740325927734,4.72883225663109,12.017512321472168,2.57421875,0.32480460659021637
04015,0.8049230540160829,0.3016879769545661,1,0.24726229906082153,0.5402216911315918,0.6928786039352417,71.85623931884766,3.532816582423455,12.491272926330566,4.73046875,0.31688203846652474
04016,0.8241252128262571,0.38203141459303824,1,0.2731434106826782,0.5698766112327576,0.6730323433876038,71.448974609375,3.516763399464776,8.23977279663086,4.60546875,0.4266829405308207
04025,0.5398276108370886,0.25324059437243124,1,0.2517569065093994,0.49825984239578247,0.5909109711647034,70.9561538696289,8.070186689530967,15.58177375793457,3.681640625,0.5644162233335538
04037,0.6115114960498291,0.22156508138227674,1,0.2435605525970459,0.5725201368331909,0.5562283992767334,69.61570739746094,5.434370097873989,15.954026222229004,4.83203125,0.30055565218650254
04054,0.8938090216107071,0.47495339467195863,1,0.25855231285095215,0.46421515941619873,0.7181237936019897,75.06229400634766,3.791401876936822,8.480419158935547,4.9453125,0.4869366182090975
04057,0.7933625760404516,0.31329852760016424,1,0.3088277578353882,0.5552964210510254,0.5115826725959778,70.95195770263672,3.90443184747865,11.072025299072266,3.283203125,0.35502706613963614
04062,0.651126437415021,0.2447418738049713,1,0.29546797275543213,0.5690286159515381,0.499683141708374,65.69715881347656,3.7693964401135336,11.056490898132324,3.7578125,0.685674411192578
04068,0.6790526419824133,0.3100041382164287,1,0.2203027606010437,0.48503097891807556,0.5185471177101135,71.0452880859375,2.1980159892560884,11.483963966369629,4.91015625,0.31624633262232366
04070,0.7744176216670191,0.38984753035697983,1,0.25138962268829346,0.4012943506240845,0.7066478133201599,76.51609802246094,5.116892702999284,14.315921783447266,4.8359375,0.813101738930982
04078,0.5220571014224071,0.2581132075471698,1,0.41688042879104614,0.6329129934310913,0.6826817393302917,74.30427551269531,4.354905813197064,6.245927333831787,4.859375,0.4201664206989159
04090,0.723545762914656,0.3498981031509641,1,0.3339056372642517,0.5170681476593018,0.5589901804924011,74.8254623413086,4.698775667096257,8.52541732788086,3.90234375,0.46066019054467167
04094,0.5546237980668748,0.21890430284505055,1,0.27483177185058594,0.47696083784103394,0.776696503162384,77.68431854248047,3.2515172746728207,13.891552925109863,4.5703125,0.43758036941230644
04101,0.7222540400265984,0.29502819067145053,1,0.2803111672401428,0.5503823757171631,0.6690846681594849,74.26649475097656,4.43703309090602,10.237743377685547,4.19921875,0.41427306147540854
04102,0.8640235582846102,0.34270952207772665,1,0.16622328758239746,0.36549368500709534,0.6334834098815918,73.18540954589844,3.2846313422521085,12.245949745178223,4.82421875,0.3354796592758669
04116,0.7162671689442937,0.26020352068801234,1,0.2463291883468628,0.5255228281021118,0.619432806968689,72.41461181640625,4.607414853079348,13.39998722076416,4.52734375,0.2420824247764378
04121,0.83910472143512,0.3095143615884741,1,0.3035404682159424,0.6086507439613342,0.7243319749832153,73.6846923828125,5.317752665042072,12.962169647216797,4.1171875,0.3425311944072303
04130,0.6675600622991019,0.3435134429652832,1,0.2279038429260254,0.29205065965652466,0.5154050588607788,61.84778594970703,8.793916056468682,22.259410858154297,4.2265625,0.708357235892304
04132,0.6495535689660223,0.35162200282087447,1,0.23126161098480225,0.5673916935920715,0.5855802297592163,74.58794403076172,3.7872103577116105,14.089681625366211,4.86328125,0.6032129165654082
04140,0.6350637333374156,0.26513480392156863,1,0.2983017563819885,0.520734965801239,0.5809404253959656,69.82233428955078,5.163303296188262,13.22741985321045,4.26953125,0.40021059861624186
04142,0.6944080037424774,0.2725688574475279,1,0.24123066663742065,0.566518247127533,0.712445855140686,75.39991760253906,3.5856497497462647,11.023106575012207,4.921875,0.36610515188688025
04163,0.5589644149844302,0.2618595825426945,1,0.24163341522216797,0.5079060792922974,0.7150518894195557,76.48277282714844,5.968553270050657,13.661508560180664,4.95703125,0.5020990296825104
04175,0.742909380653108,0.3204124735992049,1,0.18967974185943604,0.2609575688838959,0.5654000043869019,71.0860824584961,6.649758676669205,16.048967361450195,3.97265625,0.7159975400624887
04223,0.7743753921512193,0.3524711684015044,1,0.2193591594696045,0.4629025161266327,0.7115830183029175,74.34686279296875,3.256496435481087,12.80453872680664,4.5625,0.39747820439465836
04224,0.7626758145713795,0.2805964802292777,1,0.33627355098724365,0.6816279888153076,0.7144485712051392,75.11495971679688,4.161747656119803,10.052284240722656,3.77734375,0.4664133871916579
04230,0.6558761805573015,0.2470790234096905,1,0.25187522172927856,0.5041645169258118,0.5953485369682312,77.18069458007812,2.9213683806544406,11.888877868652344,4.7109375,0.3390641386554947
04235,0.7757150758145495,0.3344414698008296,1,0.24187523126602173,0.44690102338790894,0.635362446308136,75.34424591064453,4.5728457906313364,9.191370964050293,4.21484375,0.566746315794207
04256,0.8497242774137904,0.5004816122897577,1,0.3117884397506714,0.3735707402229309,0.7355647087097168,75.97827911376953,3.867531123949476,11.385835647583008,4.84765625,0.45235691999723604
04259,0.8156049343250187,0.3530731412388029,1,0.29393965005874634,0.40190261602401733,0.7032313346862793,72.57662963867188,4.316912383401679,8.255321502685547,4.91015625,0.2107074537426945
04260,0.6462469922445372,0.2527371211248127,1,0.2906394600868225,0.6292389035224915,0.45945534110069275,69.3541259765625,4.048411398219572,12.771232604980469,4.40234375,0.3464230357127457
04262,0.7635365827072167,0.2893420448164974,1,0.25319385528564453,0.485086053609848,0.7241771221160889,74.95313262939453,4.002463807895783,13.334006309509277,4.83984375,0.32215322457695894
04267,0.723135406093286,0.28827305629672684,1,0.40305960178375244,0.7464859485626221,0.6174880862236023,73.51144409179688,6.318634859296091,6.8287248611450195,3.453125,0.06389267300300035
04268,0.538025570232801,0.2218419965779692,1,0.2520323395729065,0.6048574447631836,0.6392830014228821,72.15447235107422,3.6160104820385754,11.306230545043945,4.46484375,0.39308320879695435
04270,0.8271054085285761,0.33548493876199936,1,0.21889841556549072,0.38524240255355835,0.6692625284194946,74.70694732666016,4.195319214538359,17.89255142211914,4.73046875,0.6221127206543398
04272,0.7689783819535873,0.32844430375294575,1,0.25560683012008667,0.4890640377998352,0.5990885496139526,71.47791290283203,3.3253216237788124,13.184281349182129,4.6484375,0.45444711015419675
04278,0.9138560434906531,0.41412520064205455,1,0.1842063069343567,0.09102477878332138,0.5338191390037537,69.33999633789062,9.656850508872742,19.326749801635742,3.892578125,0.9397255164909162
04291,0.6866467539283743,0.2984157580868622,1,0.19059258699417114,0.5405770540237427,0.6730882525444031,74.46168518066406,3.1197393719247457,11.355095863342285,4.6796875,0.44473071664249114
04297,0.6588013053865035,0.2949878384305594,1,0.3230287432670593,0.6660071611404419,0.5863428115844727,73.42816162109375,4.346452381281346,6.58210563659668,4.06640625,0.32569064012287446
04302,0.7834384503199391,0.32927531226616014,1,0.19984912872314453,0.2889673113822937,0.5778226256370544,71.56182861328125,5.956025710269191,11.428327560424805,4.3671875,0.469426487968039
04317,0.6702168328375037,0.2585280781304499,1,0.3041924834251404,0.5880298018455505,0.7230344414710999,74.75308227539062,3.8074987615915368,8.602580070495605,4.90234375,0.30902363493640683
04337,0.8420926572069415,0.3649287833034927,1,0.23331218957901,0.4304470121860504,0.679571270942688,77.46627044677734,4.439776272278846,10.948019981384277,4.27734375,0.582537746464697
04344,0.8238503721399583,0.30513383698197,1,0.29457753896713257,0.5854150056838989,0.753208339214325,74.0667953491211,4.764948441298981,9.368576049804688,4.68359375,0.26117311212409167
04360,0.672075799171904,0.23589905505063033,1,0.33101916313171387,0.5782626867294312,0.620245635509491,73.84187316894531,4.34238379698756,11.198311805725098,4.63671875,0.48141608390145274
04366,0.6813281042331184,0.30359937402190923,1,0.14694541692733765,0.23689894378185272,0.7220819592475891,75.54179382324219,4.191173757970704,16.401050567626953,4.97265625,0.8030899093041972
04368,0.7172218233927382,0.27052037980174476,1,0.20545756816864014,0.3913308084011078,0.604837954044342,73.78460693359375,4.388568650730245,15.596009254455566,4.109375,0.44163763143462825
04376,0.7942262161675083,0.2832462479155086,1,0.21684348583221436,0.44868287444114685,0.7278409600257874,74.88459777832031,5.791083156826285,15.44669246673584,4.640625,0.394972776498012
04380,0.9132060101586964,0.5455754500898948,1,0.2818654775619507,0.41992366313934326,0.5589850544929504,74.53890228271484,4.662598793157921,10.412636756896973,3.763671875,0.6649473630503797
04388,0.705731798272028,0.3220891550232868,1,0.26029932498931885,0.5295901894569397,0.7128097414970398,73.8084716796875,4.433240909145623,13.585241317749023,4.85546875,0.5059960773770549
04403,0.7719739132191937,0.327087220612172,1,0.23271065950393677,0.38599780201911926,0.695158839225769,75.95777130126953,4.022080615043572,14.582372665405273,4.90625,0.523812852311932
04407,0.8171340120042653,0.3110180058855803,1,0.23095029592514038,0.5716288089752197,0.7246464490890503,74.04149627685547,3.958649053363259,11.446466445922852,4.1328125,0.24801939957341845
04420,0.8514142225998743,0.5229210637399747,1,0.21393942832946777,0.24276548624038696,0.5468113422393799,68.57432556152344,5.81274422995034,19.52680778503418,4.36328125,0.7811315399129947
04433,0.5579278844345139,0.2111303724071971,1,0.3071863651275635,0.5289785265922546,0.7284486293792725,73.7105712890625,5.882745668412926,12.795642852783203,4.34765625,0.4636916839501102
04443,0.6862686504572864,0.24812123009987144,1,0.29725217819213867,0.5862128138542175,0.6801310777664185,74.15065002441406,2.7206045313145917,11.452413558959961,4.5234375,0.24473599972153579
04451,0.25587425643522205,0.09589505823815447,1,0.47391200065612793,0.5022197961807251,0.5964943170547485,75.06005096435547,5.645833004233346,11.41851806640625,4.94921875,0.7290061293964788
04453,0.7448995338371778,0.32490056725565625,1,0.21586084365844727,0.36139485239982605,0.5230017900466919,72.0145263671875,6.372333300335298,11.22686767578125,4.46875,0.3261450395343868
04463,0.8365048886593612,0.3135659965655705,1,0.21508628129959106,0.46733638644218445,0.6417744755744934,73.79088592529297,4.626010758228378,13.773733139038086,4.8125,0.40896280847906225
04497,0.8064236531442879,0.34094768394784636,1,0.23862528800964355,0.454217791557312,0.6455510854721069,73.97249603271484,4.116985517253386,9.796674728393555,4.68359375,0.4388557038495867
04509,0.5540880244438794,0.20609953248569057,1,0.40909940004348755,0.8434542417526245,0.6555488109588623,74.32068634033203,4.223720292231909,7.530369758605957,4.171875,0.189676175340809
04524,0.7244655696764958,0.2930479326747164,1,0.32884329557418823,0.6167081594467163,0.6763131618499756,72.36851501464844,3.414714510429091,9.414467811584473,3.9921875,0.2395175304756009
04525,0.6932841861707062,0.3109109878644775,1,0.37283098697662354,0.5789409875869751,0.6586447954177856,72.9788818359375,5.222390073760327,11.546038627624512,4.3828125,0.42673843299999037
04526,0.7863808357342791,0.38193291265360346,1,0.20859098434448242,0.46663665771484375,0.6786915063858032,76.0445556640625,3.7073714486173888,11.286422729492188,4.93359375,0.4693614671739831
04528,0.6298194339929237,0.26155287773923624,1,0.23875802755355835,0.4648304879665375,0.7509960532188416,74.303466796875,3.56783766788966,11.08966064453125,4.89453125,0.34166903824892364
04535,0.7377997128674776,0.27260563976627994,1,0.2577745318412781,0.46168506145477295,0.710692822933197,76.3525390625,4.8077688527488815,5.544193267822266,4.95703125,0.15383306582887687
04537,0.7386246470136729,0.3116393779543742,1,0.33715343475341797,0.5928756594657898,0.7057135701179504,75.5691146850586,2.5660399277713135,5.267502784729004,4.85546875,0.1383782556080655
04548,0.8381667470435441,0.3088047250806795,1,0.30641645193099976,0.7094739079475403,0.7272146344184875,75.2091064453125,5.341048920323882,11.087427139282227,4.94921875,0.16287100040084557
04568,0.7935181620463596,0.306432281262485,1,0.2285277247428894,0.4187927842140198,0.6165210008621216,68.26583862304688,4.063615326080116,10.733660697937012,3.16015625,0.5146749682260157
04579,0.7644643327382924,0.3059932833893051,1,0.2921278476715088,0.613484263420105,0.6859153509140015,74.71826171875,5.242023818410503,12.116726875305176,4.35546875,0.45682316289560754
04581,0.8404402828316795,0.322808024464393,1,0.23215436935424805,0.44419246912002563,0.5777427554130554,67.31166076660156,3.6489859198205337,11.79353141784668,3.857421875,0.22539512549894433
04583,0.831119186385334,0.33320586360739324,1,0.262259840965271,0.44207459688186646,0.5883168578147888,76.22564697265625,5.09600407980469,14.286252975463867,4.7734375,0.7247003835675585
04592,0.8293612984740485,0.35186551315583575,1,0.2346029281616211,0.4535411596298218,0.6324262619018555,67.63290405273438,3.729863192034494,16.209007263183594,4.5546875,0.5000123659533263
04608,0.7572975651700721,0.3068623392578151,1,0.3048390746116638,0.4839136302471161,0.641880989074707,73.01158905029297,3.769172246211966,11.557846069335938,4.3203125,0.2781011720219632
04641,0.7347485863832399,0.28263971662161935,1,0.2931949496269226,0.616286039352417,0.6064806580543518,70.72633361816406,3.3523678089720343,11.086665153503418,4.01953125,0.37256140711707214
04653,0.6836623542538407,0.3584467308330568,1,0.48435455560684204,0.7483360171318054,0.5063978433609009,68.24396514892578,4.285123055408899,5.132116794586182,3.54296875,0.11268207571311947
04659,0.8555415149145466,0.3145578563223649,1,0.3116105794906616,0.5837278962135315,0.75334233045578,74.3316650390625,4.777254509734561,11.070178985595703,4.91015625,0.33552600976042213
04675,0.724082376003633,0.2992890729959696,1,0.3065791130065918,0.5508242249488831,0.6130602359771729,70.69649505615234,3.4828565968620904,11.626690864562988,4.1640625,0.33612418011203365
04678,0.7200434952838949,0.30019867095978625,1,0.3330721855163574,0.6476312279701233,0.46714264154434204,69.79385375976562,4.7930065072531916,13.287896156311035,4.9453125,0.6126975366356533
04694,0.7327177952214021,0.3744906926579851,1,0.2500149607658386,0.4757947623729706,0.6098770499229431,70.71942138671875,2.540382450518488,8.643686294555664,4.47265625,0.37157916944287167
04697,0.6691325109103372,0.2731984341401555,1,0.19598990678787231,0.429058700799942,0.6463311314582825,74.28209686279297,2.860390708914863,12.330886840820312,4.984375,0.5068452651566464
04701,0.5861151936724796,0.21289027435491506,1,0.28064191341400146,0.6063989400863647,0.6149604320526123,72.96343231201172,4.384118627530312,13.464717864990234,3.82421875,0.2785280477406888
04704,0.819212226964241,0.42554301255541893,1,0.23376888036727905,0.39752519130706787,0.7588456869125366,74.19171905517578,4.440794410979357,10.466160774230957,4.89453125,0.47836153878951726
04712,0.7433505288133345,0.3045896861337888,1,0.23680949211120605,0.5600619316101074,0.6816720962524414,73.5560302734375,3.104999067516634,10.28791332244873,4.8828125,0.3024185224671365
04719,0.6518898507829376,0.27076433121019106,1,0.2549329996109009,0.6799594163894653,0.604126513004303,76.7400131225586,3.232173610972085,11.307635307312012,4.76953125,0.3928156276494684
04720,0.6958625304460858,0.2518662358540118,1,0.26122820377349854,0.582076370716095,0.5357107520103455,68.2044448852539,6.5878362103738315,14.856426239013672,2.966796875,0.26949621933338963
04756,0.7437714242187725,0.2919602789842666,1,0.21817928552627563,0.4595727026462555,0.660038948059082,72.68831634521484,3.240504780404062,15.694618225097656,4.80859375,0.4256892956604037
04765,0.8152007414573479,0.29590732352587484,1,0.22748571634292603,0.5453505516052246,0.696876585483551,74.56430053710938,4.250335583324516,10.94262981414795,4.859375,0.2716003349314904
04774,0.754836435784623,0.32612337406385494,1,0.2963835597038269,0.4312487840652466,0.5792855620384216,67.03590393066406,3.9150962016528776,12.477945327758789,4.41015625,0.47097059958150683
04775,0.7606496734034496,0.2837638599963646,1,0.1869955062866211,0.45621922612190247,0.5703554749488831,75.24547576904297,2.585068310695833,11.407896041870117,4.9453125,0.29919297185785854
04780,0.7125472557889146,0.2937793115653482,1,0.22126919031143188,0.41396117210388184,0.770559549331665,74.00972747802734,4.437292759083979,10.659400939941406,4.9453125,0.49263918173674687
04783,0.824841271350588,0.34219240000700785,1,0.21870559453964233,0.41210857033729553,0.6763983368873596,72.34452056884766,3.8623355752578146,10.11012077331543,4.91796875,0.5053562109861397
04795,0.7184187771265249,0.2795558828527729,1,0.2126283049583435,0.4578936994075775,0.7257103323936462,74.79584503173828,2.743525851320743,12.950471878051758,4.9765625,0.28090899933772734
04830,0.832770896419308,0.4849594559246665,1,0.2866777181625366,0.5939518213272095,0.5936650633811951,72.57757568359375,9.221806615484983,8.987231254577637,3.869140625,0.6833465830142925
04839,0.7726892766118216,0.30174241249159817,1,0.2309424877166748,0.3980964720249176,0.7529098391532898,76.28414916992188,5.676626409781212,15.368365287780762,4.46875,0.6418172631209155
04856,0.7722255968714908,0.3578708946772367,1,0.2668895125389099,0.5075275301933289,0.6032437086105347,74.10269927978516,5.0450985620311695,12.708078384399414,4.08984375,0.6545415782452754
04864,0.7053647547461392,0.29386281588447655,1,0.24607634544372559,0.5375693440437317,0.6545392870903015,71.37494659423828,2.967493200465415,8.96710205078125,4.64453125,0.41432649806944205
04870,0.7968779500838978,0.3273780573479027,1,0.24967992305755615,0.43589910864830017,0.6335088610649109,72.6409912109375,4.22506069490178,9.757092475891113,4.8984375,0.21877066874942033
04873,0.5441220786723372,0.19333112227976632,1,0.23931384086608887,0.5467292666435242,0.6969715356826782,72.75362396240234,4.52777228208967,14.514434814453125,4.15625,0.3787549642872537
04878,0.7601017675527331,0.2896512670473314,1,0.21778053045272827,0.4578796625137329,0.625737726688385,74.59490966796875,2.885971747264844,13.615714073181152,4.84765625,0.42499472351039774
04890,0.7551422960069322,0.2693339684051758,1,0.2642247676849365,0.5861537456512451,0.712425947189331,72.0571517944336,4.114196142131852,12.813714981079102,4.8515625,0.36977044594014835
04897,0.6857062251736538,0.29321519760818804,1,0.21459746360778809,0.3600485920906067,0.7348800301551819,74.73106384277344,3.7078226283868143,11.356399536132812,4.91796875,0.4855208427522103
04911,0.6040377240881311,0.21765056648777578,1,0.35147345066070557,0.7036929130554199,0.5488354563713074,67.91751098632812,5.190102705478778,6.7686848640441895,3.88671875,0.3625462514332523
04916,0.3762208708877989,0.18892120107914928,1,0.2531975507736206,0.45383062958717346,0.6246826648712158,72.66445922851562,3.581960131089551,16.7947998046875,4.6484375,0.5859392239036151
04953,0.6829344114667235,0.2676875635140344,1,0.2037295699119568,0.5010199546813965,0.7306991219520569,75.51371765136719,2.6271076458902716,13.736952781677246,4.953125,0.40134814925228046
04958,0.5883143834221622,0.21931810093245072,1,0.36038845777511597,0.7056856155395508,0.7837091684341431,74.84782409667969,5.136807023770169,9.062003135681152,4.890625,0.24489394914578347
04960,0.6240301484466207,0.25864073565162243,1,0.34757208824157715,0.5853172540664673,0.7662519216537476,76.08824920654297,6.272607895643577,10.126591682434082,4.98046875,0.5255006378746798
04969,0.7382834181784755,0.2880356803291441,1,0.29019564390182495,0.5567907094955444,0.7452987432479858,73.64912414550781,4.790862043966891,7.334444046020508,4.62890625,0.23343956180250464
04972,0.7437057856635041,0.29617441382147264,1,0.2147267460823059,0.41430404782295227,0.7183003425598145,73.119873046875,5.537356341621614,15.278891563415527,4.76171875,0.7463649227203898
04976,0.7918067865207412,0.32705717182747057,1,0.19206655025482178,0.37891581654548645,0.7707868814468384,75.87622833251953,3.573700084840605,13.649157524108887,4.921875,0.47501250325581407
04994,0.6747830222356755,0.25324853587115664,1,0.3372676968574524,0.7008175253868103,0.7504512667655945,76.7158203125,5.362564120516215,9.172791481018066,4.95703125,0.4166985748299157
