sample_id,maniqa,musiq,niqe,qalign,subject_clip_i,subject_clip_t,subject_dino
00000,0.6856154203414917,75.94886016845703,4.442212520464329,4.76171875,0.8944153785705566,0.2709212005138397,0.49998462200164795
00001,0.5415740013122559,76.10869598388672,4.057395250734317,4.2890625,0.803795576095581,0.249546080827713,0.39935168623924255
00002,0.6171526908874512,75.5297622680664,5.084850993350735,4.53125,0.8617541193962097,0.24015888571739197,0.35432982444763184
00003,0.5254867672920227,74.58256530761719,4.056481282523465,4.52734375,0.8803515434265137,0.2566412389278412,0.47748515009880066
00004,0.6856492161750793,76.6037826538086,5.717059005954951,4.328125,0.8157574534416199,0.2685468792915344,0.49505266547203064
00005,0.6880785822868347,76.7029037475586,4.913431429647265,4.89453125,0.9037627577781677,0.24135451018810272,0.5410912036895752
00006,0.16430580615997314,59.78822326660156,5.785844485775026,1.9189453125,0.6778719425201416,0.20889276266098022,0.10666899383068085
00007,0.49958258867263794,66.88516998291016,4.345582603683866,3.51171875,0.7567929029464722,0.2085723876953125,0.18555471301078796
00008,0.7001791596412659,77.3309555053711,5.326684885219787,4.54296875,0.7549726366996765,0.20641694962978363,0.1590302437543869
00009,0.6273960471153259,75.67152404785156,5.715777817025481,3.9921875,0.9053202867507935,0.2648126482963562,0.5365968942642212
00010,0.4594297409057617,68.78748321533203,6.030925776736542,4.5625,0.7357770800590515,0.22448982298374176,0.09232893586158752
00011,0.6475188732147217,76.57581329345703,4.881956391660993,4.5546875,0.928402304649353,0.2893019914627075,0.590805172920227
00012,0.5535954236984253,73.16787719726562,5.8506539478032975,4.20703125,0.7013454437255859,0.2094729095697403,0.11904589831829071
00013,0.6485836505889893,74.81962585449219,4.879687876832501,4.40234375,0.8362460136413574,0.22199244797229767,0.4048486649990082
00014,0.6112962365150452,76.15284729003906,5.203016163011887,4.13671875,0.7473377585411072,0.2403242439031601,0.3960079848766327
00015,0.657312273979187,77.4862060546875,3.7894403608117524,4.60546875,0.9176950454711914,0.2833389639854431,0.5628711581230164
00016,0.6304339170455933,76.36553955078125,4.36577558923161,4.55859375,0.8997675776481628,0.213568776845932,0.4973922669887543
00017,0.2624141275882721,69.89327239990234,5.027508011616049,3.85546875,0.8894643783569336,0.2622123062610626,0.2747573256492615
00018,0.6050597429275513,76.39666748046875,2.7231333885791695,4.68359375,0.8760608434677124,0.20008227229118347,0.36669573187828064
00019,0.6770319938659668,76.1884536743164,3.042914965632467,4.6171875,0.8761143684387207,0.22919093072414398,0.5492768883705139
00020,0.6506732106208801,76.7604751586914,4.570196552258295,4.578125,0.9211553335189819,0.24259468913078308,0.6240121722221375
00021,0.64936363697052,76.91777801513672,4.534980379540635,4.265625,0.9097777605056763,0.23829756677150726,0.6391997933387756
00022,0.6448789238929749,76.53065490722656,4.59317217076975,4.39453125,0.8305587768554688,0.2575666904449463,0.6290938258171082
00023,0.6432520747184753,76.6515884399414,5.07636160463525,4.21484375,0.9224473834037781,0.2220575511455536,0.6163423657417297
00024,0.6891141533851624,77.13229370117188,4.45559655066427,4.5078125,0.9137327075004578,0.2326735556125641,0.6327512860298157
00025,0.6543760895729065,76.05947875976562,3.1325436940550357,4.765625,0.7408907413482666,0.3151635229587555,0.5949026942253113
00026,0.6909369230270386,76.93183898925781,4.077740897556766,4.9375,0.7124037742614746,0.29684028029441833,0.541590690612793
00027,0.6691314578056335,76.86936950683594,4.335144980413441,4.9375,0.7139654159545898,0.27485281229019165,0.540526807308197
00028,0.6027020812034607,76.14957427978516,3.947450779186625,4.94140625,0.7571644186973572,0.26406559348106384,0.6395921111106873
00029,0.7665330171585083,77.20196533203125,6.5847160958209825,4.921875,0.7564179301261902,0.21898242831230164,0.5642756819725037
00030,0.7232045531272888,76.5479965209961,4.215293537433557,4.94921875,0.758084237575531,0.26139047741889954,0.630250871181488
00031,0.6613327860832214,76.13336944580078,3.3998791865316247,4.9453125,0.7636635303497314,0.2769485116004944,0.6778721809387207
00032,0.6684735417366028,76.80509185791016,3.828485541303996,4.94140625,0.7569440007209778,0.30620715022087097,0.5640752911567688
00033,0.6898086071014404,76.39360809326172,3.5321187777861502,4.90234375,0.7311667799949646,0.27655214071273804,0.6327436566352844
00034,0.6760777831077576,77.68794250488281,4.494899020059384,4.828125,0.7303034067153931,0.3173501193523407,0.6415305137634277
00035,0.5240862965583801,71.54525756835938,5.130852124357874,4.89453125,0.44963714480400085,0.23230402171611786,0.08720693737268448
00036,0.6533176898956299,77.5572738647461,3.4142004456290214,4.8984375,0.7231456637382507,0.3056371212005615,0.6191291213035583
00037,0.6696450114250183,76.71165466308594,3.1813109686936585,4.98828125,0.6838536262512207,0.3484823405742645,0.6615437865257263
00038,0.7765544652938843,76.38021850585938,4.109516463420453,4.88671875,0.6981725096702576,0.2624422609806061,0.5706795454025269
00039,0.6879920363426208,75.38611602783203,7.050899269967177,4.8515625,0.637612521648407,0.26131758093833923,0.575372040271759
00040,0.7341610193252563,79.06194305419922,3.9607828678652037,4.9140625,0.7508415579795837,0.29005417227745056,0.5573638081550598
00041,0.7019246220588684,76.49504089355469,3.696517116958894,4.9140625,0.7978758215904236,0.21904504299163818,0.6321842670440674
00042,0.5717567205429077,75.80524444580078,4.236444071722918,4.92578125,0.757504403591156,0.24829481542110443,0.6340618133544922
00043,0.6549832820892334,76.46568298339844,3.8979310621440453,4.8984375,0.7598509788513184,0.24642448127269745,0.615975022315979
00044,0.6736430525779724,77.10294342041016,3.423976067979572,4.90234375,0.7793542146682739,0.2186841070652008,0.6308345794677734
00045,0.681749701499939,76.16171264648438,4.383672677781456,4.92578125,0.668214738368988,0.28046679496765137,0.38722482323646545
00046,0.6831154227256775,75.521484375,3.6327736084392077,4.8125,0.6567378640174866,0.21020172536373138,0.5585888028144836
00047,0.7181759476661682,76.50582885742188,3.6238483827771213,4.96484375,0.8272644281387329,0.23809930682182312,0.6583316326141357
00048,0.6959343552589417,76.37040710449219,3.2065265718508424,4.88671875,0.8198632597923279,0.2343202531337738,0.6627734303474426
00049,0.6675449013710022,76.02074432373047,3.6523073697818864,4.9375,0.6737597584724426,0.2572365403175354,0.5639736652374268
00050,0.7866708636283875,77.43343353271484,4.922341882756678,4.92578125,0.7302343845367432,0.2203073501586914,0.6617746353149414
00051,0.7912253141403198,77.90435028076172,5.916618071228732,4.703125,0.6773155331611633,0.24141262471675873,0.6143189668655396
00052,0.7367342710494995,76.53253936767578,4.253711092915335,4.90234375,0.7126631736755371,0.24399378895759583,0.6430702209472656
00053,0.6971821784973145,75.74531555175781,4.395515850370053,4.9609375,0.7341582179069519,0.2584854066371918,0.6997563242912292
00054,0.7732027173042297,75.7556381225586,6.511295195503572,4.82421875,0.6650347113609314,0.23129910230636597,0.5547224283218384
00055,0.8084290623664856,76.81819915771484,5.916061692060172,4.9375,0.6307610869407654,0.2716507017612457,0.6060379147529602
00056,0.7242574095726013,76.00865936279297,4.3897602118832335,4.9375,0.7007027864456177,0.27060139179229736,0.6521164178848267
00057,0.6490879654884338,75.54363250732422,3.0209397959685513,4.71484375,0.538532555103302,0.24065598845481873,0.3770308494567871
00058,0.7735528945922852,76.27281188964844,4.962111834556059,4.90625,0.5328757166862488,0.1752059906721115,0.18471761047840118
00059,0.7173585295677185,76.8218002319336,4.456226498741172,4.76953125,0.7281258702278137,0.2942301332950592,0.6977421045303345
00060,0.5138945579528809,73.28636932373047,4.80845534927084,4.83203125,0.45934829115867615,0.2191893458366394,0.06653168052434921
00061,0.7692800164222717,77.24800109863281,4.519064024945467,4.94921875,0.7512094378471375,0.2506532669067383,0.6572864651679993
00062,0.5904133915901184,75.50679779052734,3.90752216144052,4.72265625,0.6173345446586609,0.29296690225601196,0.5746656656265259
00063,0.7854775786399841,77.08457946777344,3.718900826604243,4.78125,0.7292918562889099,0.2426680326461792,0.5919718742370605
00064,0.7782533764839172,75.68128967285156,4.805513955431427,4.83984375,0.567912757396698,0.31775587797164917,0.5918049216270447
00065,0.7938606142997742,79.91277313232422,3.7802509147732586,4.90234375,0.6905889511108398,0.27190008759498596,0.6846190094947815
00066,0.7534015774726868,75.68817901611328,4.211422498202219,4.8984375,0.6681148409843445,0.2516583800315857,0.6366494297981262
00067,0.6498361229896545,75.57138061523438,4.146176104507374,4.62109375,0.7540991306304932,0.22625574469566345,0.707480251789093
00068,0.7346504330635071,76.8431396484375,3.9587269033556023,4.953125,0.7883596420288086,0.24097616970539093,0.7050153613090515
00069,0.7174041271209717,75.82444763183594,3.839525215107818,4.6953125,0.5734202861785889,0.2690993547439575,0.5754435658454895
00070,0.7780317664146423,77.18478393554688,5.200463592500618,4.9296875,0.7029339671134949,0.20931538939476013,0.7058219909667969
00071,0.7689229846000671,77.8764419555664,5.673033849325951,4.9296875,0.6998111009597778,0.25219064950942993,0.670723557472229
00072,0.802013099193573,77.15562438964844,5.161024651877806,4.9453125,0.7455520629882812,0.18909277021884918,0.687171220779419
00073,0.8070176243782043,77.12805938720703,5.302694562655382,4.9296875,0.7993313074111938,0.19243818521499634,0.6996411681175232
00074,0.797442615032196,76.89361572265625,5.2545351054820575,4.88671875,0.7765291929244995,0.21702079474925995,0.6822935938835144
00075,0.5093823075294495,76.76714324951172,6.25900972834016,4.71484375,0.7783386707305908,0.2117656171321869,0.7677721977233887
00076,0.5334267020225525,75.42697143554688,4.463838447164923,4.1953125,0.8828644752502441,0.224980890750885,0.8350366353988647
00077,0.5434487462043762,77.04960632324219,4.756198010722768,4.734375,0.8600070476531982,0.24062509834766388,0.8538965582847595
00078,0.39695900678634644,75.24655151367188,5.7804295245646,4.765625,0.5802478790283203,0.24999435245990753,0.6520035266876221
00079,0.5625990629196167,76.43782806396484,5.2384470965582555,4.64453125,0.7299240827560425,0.17605511844158173,0.8311138153076172
00080,0.560984194278717,77.49036407470703,4.557955783651707,4.546875,0.8485190272331238,0.1837041825056076,0.7790571451187134
00081,0.39344871044158936,74.0103530883789,6.111122390367034,4.4453125,0.6862332820892334,0.2423986941576004,0.7627637386322021
00082,0.49342626333236694,75.20132446289062,5.906377097653731,4.48828125,0.8565621376037598,0.2302887886762619,0.7735705375671387
00083,0.4085257053375244,75.3678207397461,5.247106623766942,4.171875,0.8159998655319214,0.2560473680496216,0.8746561408042908
00084,0.45426174998283386,77.27819061279297,4.812070367005433,4.36328125,0.8231526613235474,0.30003419518470764,0.6737825870513916
00085,0.5054387450218201,70.67471313476562,6.446445608023008,4.7109375,0.6749352216720581,0.2245558351278305,0.0762946754693985
00086,0.46785426139831543,76.29134368896484,6.444853495605946,4.83984375,0.8130316734313965,0.23286788165569305,0.749983012676239
00087,0.45572832226753235,74.7869873046875,5.2083505815727005,4.5390625,0.8368856906890869,0.23588046431541443,0.8805416822433472
00088,0.5182011127471924,75.42347717285156,4.6637542367788996,4.13671875,0.8766650557518005,0.15088000893592834,0.8777615427970886
00089,0.5194841623306274,75.08956909179688,4.841096967793041,4.234375,0.8894470930099487,0.1700744926929474,0.8452368974685669
00090,0.5424240231513977,77.41535949707031,4.328334983211286,4.66015625,0.8225697875022888,0.2225959450006485,0.7065529823303223
00091,0.5177847743034363,75.62666320800781,4.698394323892944,4.140625,0.8454440832138062,0.16250571608543396,0.8920375108718872
00092,0.3234453499317169,73.25423431396484,5.9662953231765785,4.0625,0.7540967464447021,0.24044807255268097,0.5792892575263977
00093,0.48633676767349243,76.30279541015625,4.692104669012694,4.58984375,0.7410660982131958,0.2340601235628128,0.6670481562614441
00094,0.5192948579788208,75.30818939208984,4.3910098609970465,4.3828125,0.8175100088119507,0.18055444955825806,0.8754278421401978
00095,0.5101456046104431,75.89292907714844,4.791614904260102,4.1328125,0.8812762498855591,0.21940188109874725,0.7848474383354187
00096,0.4885046184062958,74.8438491821289,4.747864568232619,3.96484375,0.8743637800216675,0.23416553437709808,0.7800501585006714
00097,0.503439724445343,74.68274688720703,4.992957108190406,4.0078125,0.8887326121330261,0.1662442684173584,0.8369263410568237
00098,0.5104801654815674,75.01679229736328,4.965027915797731,4.1328125,0.8824009895324707,0.156769797205925,0.8460330963134766
00099,0.5156421065330505,74.26917266845703,4.94998093734284,4.1640625,0.8836609721183777,0.1668672263622284,0.8669317960739136
00100,0.63819819688797,75.64540100097656,4.068581880112628,4.875,0.8298773169517517,0.15926696360111237,0.7448028922080994
00101,0.6353474259376526,75.04674530029297,4.391622017299127,4.859375,0.7964037656784058,0.2522904872894287,0.7278047800064087
00102,0.6658482551574707,75.36348724365234,6.294296258506242,4.90625,0.7286855578422546,0.24904461205005646,0.761485755443573
00103,0.6152017116546631,74.24691772460938,4.777004786823178,4.90625,0.7339253425598145,0.22687174379825592,0.7293305397033691
00104,0.6058951616287231,74.86919403076172,6.488322658207763,4.68359375,0.7856122851371765,0.17630954086780548,0.6739703416824341
00105,0.6451143026351929,75.42241668701172,4.942699216576333,4.9140625,0.8385155200958252,0.21412627398967743,0.7726051211357117
00106,0.6113669276237488,73.7890396118164,4.53608597717593,4.88671875,0.8171507716178894,0.2575629949569702,0.7691569328308105
00107,0.6495484113693237,74.90660858154297,4.799286789956112,4.875,0.6904277205467224,0.24971041083335876,0.7538717985153198
00108,0.62102210521698,73.82376098632812,4.7761014795903405,4.85546875,0.8202421069145203,0.23290710151195526,0.771823525428772
00109,0.6328213214874268,76.69239807128906,5.305811779701238,4.78125,0.6854367256164551,0.26347386837005615,0.6960884928703308
00110,0.4824981093406677,69.37214660644531,6.746946537261463,4.6171875,0.4038315713405609,0.2091413140296936,0.1499345898628235
00111,0.5797670483589172,75.9649887084961,4.648770643113156,4.8984375,0.8211700320243835,0.21865825355052948,0.7128351926803589
00112,0.5329603552818298,74.26665496826172,4.354102176241404,4.8359375,0.66642826795578,0.2284999042749405,0.7583362460136414
00113,0.6213375926017761,74.7701644897461,4.157121771060494,4.76171875,0.8367877006530762,0.20081576704978943,0.7911157011985779
00114,0.6471344232559204,74.35090637207031,4.62509510298485,4.8046875,0.7648985385894775,0.18601368367671967,0.7320717573165894
00115,0.6130113005638123,77.86115264892578,3.5743452528967663,4.88671875,0.8068224191665649,0.2626831829547882,0.6609998941421509
00116,0.6326469779014587,74.57830047607422,4.426632426923493,4.6875,0.8223016262054443,0.14465205371379852,0.7475841045379639
00117,0.5984115600585938,73.8048095703125,4.489925369963872,4.8125,0.8110471963882446,0.19849485158920288,0.773347020149231
00118,0.6445590257644653,75.05621337890625,4.3307356764281275,4.85546875,0.7756752967834473,0.22289972007274628,0.7549475431442261
00119,0.6269404292106628,75.1786117553711,3.591198128744117,4.87109375,0.8224441409111023,0.1969325840473175,0.7471091151237488
00120,0.6420783400535583,75.40602111816406,5.351681232898225,4.875,0.8297830820083618,0.16836605966091156,0.7802929878234863
00121,0.639642596244812,74.1562728881836,4.6387307651303145,4.90234375,0.8375668525695801,0.16444090008735657,0.7896007299423218
00122,0.6366318464279175,75.20989990234375,5.020511108856628,4.86328125,0.7996706962585449,0.18635262548923492,0.7671143412590027
00123,0.6326825022697449,74.90580749511719,4.448152222752679,4.86328125,0.824500560760498,0.19734689593315125,0.7734705805778503
00124,0.6293033361434937,74.19071197509766,4.719486024503504,4.85546875,0.7787704467773438,0.15929824113845825,0.7159642577171326
00125,0.5859368443489075,75.20494842529297,4.126820504732677,4.31640625,0.6662223935127258,0.28322917222976685,0.3560647666454315
00126,0.5308748483657837,74.97907257080078,3.8756135085347427,4.28515625,0.6396595239639282,0.28180328011512756,0.3022724688053131
00127,0.5537407398223877,75.20559692382812,3.7056679240960064,4.49609375,0.6669182181358337,0.2814790904521942,0.3974096477031708
00128,0.5094703435897827,74.80390167236328,3.7855189875669772,4.4453125,0.6878257393836975,0.30954286456108093,0.4464520514011383
00129,0.5297245383262634,75.96107482910156,4.978270723622273,4.4765625,0.6549338698387146,0.2697547376155853,0.37515684962272644
00130,0.6321617960929871,75.78225708007812,5.94969272424757,4.81640625,0.6600152254104614,0.2955894470214844,0.37778136134147644
00131,0.4883784055709839,74.39446258544922,3.3602255191829244,4.5,0.6584674715995789,0.29796460270881653,0.37439286708831787
00132,0.6146851181983948,75.5598373413086,4.195080554437527,4.8515625,0.6791009902954102,0.2985127568244934,0.33907684683799744
00133,0.5682054162025452,74.86225891113281,4.459214752362178,4.62890625,0.7081283330917358,0.24821899831295013,0.4213668406009674
00134,0.5554978847503662,76.00559997558594,4.0837881195809125,4.453125,0.6922667622566223,0.2991219460964203,0.4374736249446869
00135,0.5089260935783386,75.540283203125,5.146831374795914,4.890625,0.5923935770988464,0.3345852196216583,0.3253820836544037
00136,0.564527690410614,75.84938049316406,4.422510273552995,4.4375,0.6881076097488403,0.30895134806632996,0.415353387594223
00137,0.5559210181236267,75.3669662475586,3.9382391568679385,4.7578125,0.666064441204071,0.3059723973274231,0.3339967429637909
00138,0.5325247049331665,76.1137466430664,3.68356147078666,4.27734375,0.6660159230232239,0.3035012185573578,0.3689562976360321
00139,0.5513746738433838,73.19361877441406,7.079335632882428,4.06640625,0.6501302123069763,0.2962661683559418,0.3394664525985718
00140,0.6351808905601501,79.11431884765625,3.666803534905141,4.75,0.6600992679595947,0.2989005446434021,0.42046061158180237
00141,0.552017331123352,73.4238510131836,3.786198218526618,4.64453125,0.716804027557373,0.19990506768226624,0.4022400975227356
00142,0.5088114738464355,75.14010620117188,4.175342264173098,4.0625,0.6802871823310852,0.2766777276992798,0.42976972460746765
00143,0.5750055909156799,75.93769073486328,3.9927923317265184,4.5859375,0.7523442506790161,0.24238266050815582,0.47394999861717224
00144,0.5227838158607483,73.39295959472656,3.7912981089912074,4.34765625,0.7045497298240662,0.23882979154586792,0.4176176190376282
00145,0.6161290407180786,75.87130737304688,4.742694669397324,4.60546875,0.6755174994468689,0.2823560833930969,0.34791430830955505
00146,0.5827900171279907,75.65380096435547,4.698949123305067,4.6796875,0.7118629813194275,0.3086360692977905,0.34634485840797424
00147,0.5533227920532227,74.76655578613281,4.020136134874233,4.5546875,0.7323512434959412,0.22422190010547638,0.37316104769706726
00148,0.6302232146263123,75.58678436279297,4.122588101735854,4.828125,0.7406488656997681,0.23306360840797424,0.389652281999588
00149,0.5580193996429443,73.9267807006836,3.8496555008007345,4.34375,0.6954405903816223,0.26469287276268005,0.3487499952316284
00150,0.63714998960495,75.78167724609375,3.6629479740908995,4.515625,0.9555967450141907,0.22787068784236908,0.8146963119506836
00151,0.6814901828765869,77.6170425415039,5.493052155879807,4.91015625,0.8355199694633484,0.3000680208206177,0.7544916868209839
00152,0.6187981367111206,76.06023406982422,4.374727612780685,4.703125,0.8998395204544067,0.3006410598754883,0.7462102770805359
00153,0.5810268521308899,75.58119201660156,4.938436984030347,4.8515625,0.9084770083427429,0.29270443320274353,0.7671617269515991
00154,0.5933877825737,70.83167266845703,7.664147550522901,4.28125,0.5730351805686951,0.23036344349384308,0.11049868911504745
00155,0.6411389112472534,76.41217041015625,4.697655254258278,4.80859375,0.9587340354919434,0.22675342857837677,0.8133126497268677
00156,0.558974027633667,75.5426254272461,4.277465880772637,4.6015625,0.8342713713645935,0.3033333420753479,0.7529870271682739
00157,0.6025269031524658,76.26074981689453,4.102082708564387,4.5546875,0.8965610861778259,0.2723228633403778,0.6587199568748474
00158,0.6590182185173035,76.68474578857422,4.517595430298176,4.74609375,0.7351252436637878,0.1778877079486847,0.08881771564483643
00159,0.632522463798523,77.51506042480469,4.421441566520159,4.6015625,0.9010028839111328,0.3193657100200653,0.8249975442886353
00160,0.6597920656204224,77.14399719238281,4.5330016360625365,4.80078125,0.8356732726097107,0.30544885993003845,0.7726806402206421
00161,0.6661133170127869,76.7071533203125,3.9194477367453993,4.93359375,0.8280611038208008,0.261205792427063,0.7505351305007935
00162,0.6925637125968933,78.63661193847656,3.6235443992029555,4.671875,0.8147860765457153,0.332868754863739,0.7772273421287537
00163,0.668238639831543,75.79169464111328,4.718469520121305,4.79296875,0.7698153257369995,0.2814062237739563,0.7424451112747192
00164,0.6245200634002686,77.47541046142578,3.80493292701578,4.9140625,0.7698708772659302,0.30278342962265015,0.7228816747665405
00165,0.6580645442008972,77.10899353027344,3.5515327967170074,4.95703125,0.7758825421333313,0.3337229788303375,0.34447717666625977
00166,0.6897121071815491,76.77233123779297,4.1033340036738,4.93359375,0.8052369952201843,0.3207681477069855,0.7521054148674011
00167,0.6917361617088318,77.34471893310547,4.4286154797390775,4.9140625,0.8502258658409119,0.28607648611068726,0.7240971922874451
00168,0.6825056076049805,77.7752685546875,3.9379981864517477,4.88671875,0.8362043499946594,0.2916755676269531,0.7622261047363281
00169,0.7106593251228333,77.44003295898438,5.264130649162521,4.90625,0.7606298327445984,0.33671268820762634,0.5551303029060364
00170,0.7027434706687927,77.35743713378906,4.235997554119879,4.85546875,0.9447740912437439,0.23345769941806793,0.8131540417671204
00171,0.6806938052177429,76.8145751953125,4.5896780986564245,4.87890625,0.9398151636123657,0.19515717029571533,0.8324532508850098
00172,0.6319099068641663,77.19762420654297,4.136635291050694,4.76171875,0.9423294067382812,0.20347869396209717,0.827248215675354
00173,0.6554882526397705,76.59239196777344,4.137801637088155,4.765625,0.951800525188446,0.18844252824783325,0.82851642370224
00174,0.6794018149375916,77.33714294433594,4.5786053366341655,4.8828125,0.9398321509361267,0.18952633440494537,0.8225947618484497
00175,0.616948664188385,76.3147964477539,4.270845283278454,4.953125,0.8531128764152527,0.22863948345184326,0.700943648815155
00176,0.6559732556343079,74.86136627197266,4.2563526273115135,4.171875,0.7967953085899353,0.26633918285369873,0.6763991713523865
00177,0.6302986145019531,75.34005737304688,4.353118620866184,4.88671875,0.8528881072998047,0.29660531878471375,0.7099021673202515
00178,0.5526803731918335,72.69335174560547,3.7122431402269966,4.3828125,0.8245097994804382,0.29788753390312195,0.671252965927124
00179,0.596764326095581,76.87393188476562,3.7154368957496198,4.9375,0.850293755531311,0.19514445960521698,0.7615492343902588
00180,0.6199937462806702,76.2404556274414,3.573058817319667,4.95703125,0.8989596366882324,0.24519675970077515,0.8044994473457336
00181,0.5820298790931702,73.55699920654297,3.788133252173837,4.921875,0.7883152365684509,0.31982216238975525,0.6736437678337097
00182,0.6371065378189087,75.4007339477539,4.175318393744064,4.9453125,0.8072401881217957,0.2848510146141052,0.5735889077186584
00183,0.5919897556304932,75.43775939941406,3.4185219469560475,4.8828125,0.8517506718635559,0.29003384709358215,0.7229068875312805
00184,0.6210710406303406,76.96054077148438,4.487449530022787,4.93359375,0.7811369299888611,0.3215737044811249,0.7324222326278687
00185,0.6290090680122375,76.5864028930664,4.06061342239047,4.97265625,0.7367264032363892,0.3070183992385864,0.7061964869499207
00186,0.6686450839042664,76.84159851074219,3.4477337982262255,4.97265625,0.8058351874351501,0.27308419346809387,0.7025806307792664
00187,0.6557239890098572,77.53146362304688,3.402314594079827,4.96484375,0.791110634803772,0.3191293478012085,0.7058544158935547
00188,0.6225618720054626,75.1111831665039,4.164688729842989,4.84765625,0.7492150664329529,0.30949029326438904,0.7032961845397949
00189,0.6518853902816772,74.7091293334961,4.8830724577828875,4.91015625,0.7442381978034973,0.31441229581832886,0.39404362440109253
00190,0.6745437383651733,77.42416381835938,4.174920894599363,4.97265625,0.688302218914032,0.33271950483322144,0.46987080574035645
00191,0.648019552230835,74.41939544677734,3.8731617640057405,4.92578125,0.7352972626686096,0.32080531120300293,0.7099878191947937
00192,0.5739504098892212,75.49702453613281,2.94060961591605,4.953125,0.7711474895477295,0.3058806359767914,0.7299127578735352
00193,0.6737083792686462,77.15242767333984,4.9748918784628495,4.97265625,0.7923540472984314,0.3182322680950165,0.7427603602409363
00194,0.6909497380256653,75.95220947265625,4.868937600419759,4.953125,0.7335214614868164,0.3373079001903534,0.3695019483566284
00195,0.655170738697052,76.62889862060547,4.045806937501334,4.95703125,0.8841585516929626,0.17401549220085144,0.7600167393684387
00196,0.6179279685020447,75.19829559326172,3.433885972718747,4.96484375,0.9145647883415222,0.21276484429836273,0.7939891219139099
00197,0.6367184519767761,75.99444580078125,3.589800461798374,4.953125,0.8912420272827148,0.21221986413002014,0.7645224928855896
00198,0.6086605191230774,74.46085357666016,3.315887171459369,4.91796875,0.8960604667663574,0.18647688627243042,0.7780384421348572
00199,0.6673188805580139,75.02269744873047,3.4942027364096435,4.796875,0.8941168785095215,0.2038484811782837,0.757868230342865
00200,0.5708496570587158,75.87310028076172,5.838445571523044,4.18359375,0.8604464530944824,0.24538679420948029,0.3458671271800995
00201,0.5889196991920471,76.09429168701172,7.193216887591493,4.66796875,0.7077364325523376,0.23048152029514313,0.265938401222229
00202,0.554625928401947,75.3690185546875,6.7009275836533355,4.8984375,0.7977678179740906,0.2086307257413864,0.2747422456741333
00203,0.49015164375305176,74.32427215576172,5.161741797362617,4.6640625,0.7452908754348755,0.19472430646419525,0.3170963525772095
00204,0.4830836057662964,59.692935943603516,12.708818867643835,1.818359375,0.6422038078308105,0.20492160320281982,0.12825539708137512
00205,0.4529518187046051,69.7426528930664,8.418528831136692,4.375,0.7088953852653503,0.1883048713207245,0.17031250894069672
00206,0.1965152770280838,54.48033142089844,7.876750166178041,1.7197265625,0.7203232645988464,0.21175719797611237,0.07973503321409225
00207,0.20883922278881073,55.985076904296875,8.998725615635054,1.6240234375,0.6695852279663086,0.20981569588184357,0.11834027618169785
00208,0.5667037963867188,73.56610107421875,8.289697466069208,4.4609375,0.7843729853630066,0.19013115763664246,0.18454758822917938
00209,0.5689120888710022,77.5898208618164,6.200269064903047,4.140625,0.8730496168136597,0.31564638018608093,0.4871498942375183
00210,0.20061656832695007,50.78633499145508,8.616752531700575,1.9775390625,0.7120575904846191,0.2605658173561096,0.008485233411192894
00211,0.630098819732666,76.33018493652344,7.6040445407112305,4.73046875,0.8679546117782593,0.25297674536705017,0.36170873045921326
00212,0.23430685698986053,55.382625579833984,8.46758746623,1.849609375,0.694243848323822,0.23301173746585846,0.13111990690231323
00213,0.5488285422325134,73.38259887695312,6.151872354639619,4.234375,0.6858918070793152,0.24476327002048492,0.288264662027359
00214,0.5719743967056274,73.98831176757812,9.32690754081313,4.4453125,0.7206590175628662,0.321754515171051,0.24309027194976807
00215,0.6406084895133972,78.21452331542969,5.675625397814274,4.859375,0.8872326612472534,0.2686295509338379,0.3870879113674164
00216,0.543825089931488,73.92914581298828,8.997903851824663,4.1171875,0.6369234919548035,0.15594729781150818,0.28085872530937195
00217,0.48153430223464966,73.75578308105469,6.112211298882552,4.0859375,0.8303894996643066,0.1963624507188797,0.3204108476638794
00218,0.4576756954193115,75.55467987060547,5.119163172327436,4.79296875,0.6105790138244629,0.17180116474628448,0.233601376414299
00219,0.3021203279495239,55.67987823486328,10.239502042635616,1.791015625,0.5726145505905151,0.13303989171981812,0.1104583591222763
00220,0.6490703821182251,76.41998291015625,7.424034153719942,4.94921875,0.8774904012680054,0.21694131195545197,0.42476674914360046
00221,0.4763367474079132,58.95022964477539,15.84226630321457,1.65625,0.6737440824508667,0.23035018146038055,0.16900798678398132
00222,0.43966615200042725,52.99822998046875,13.577642577982239,1.9404296875,0.6330797672271729,0.15015050768852234,0.15808501839637756
00223,0.7042197585105896,74.07027435302734,8.986193317000344,4.828125,0.8781610727310181,0.20396141707897186,0.431231826543808
00224,0.5497098565101624,69.36007690429688,9.558832263981554,4.21484375,0.6926397085189819,0.12724919617176056,0.2543901801109314
00225,0.7056623101234436,75.29650115966797,3.9434016575644124,4.640625,0.5032960772514343,0.1444288045167923,0.15240022540092468
00226,0.7088332176208496,76.9981918334961,3.6771118642245058,4.78515625,0.7686014175415039,0.29280513525009155,0.6674433946609497
00227,0.5576892495155334,75.35354614257812,2.8392648371170965,4.80859375,0.7509400844573975,0.28740984201431274,0.4925641119480133
00228,0.5570904016494751,75.10700988769531,3.9006412790866456,4.86328125,0.834110677242279,0.26363053917884827,0.7350342869758606
00229,0.5338882207870483,73.62882232666016,9.156987852298256,4.09375,0.5223331451416016,0.22503377497196198,0.14440806210041046
00230,0.7037113904953003,76.19395446777344,3.986028815824241,4.9375,0.7351032495498657,0.2436027079820633,0.68630450963974
00231,0.43496009707450867,74.61327362060547,4.168561291155798,4.83203125,0.744012176990509,0.3089306354522705,0.6947838664054871
00232,0.6656410694122314,74.92366790771484,4.436948599321588,4.86328125,0.7449260950088501,0.2917425036430359,0.6228380799293518
00233,0.7369558811187744,76.21051025390625,5.16871017607796,4.8828125,0.43249961733818054,0.17823642492294312,0.09503041207790375
00234,0.49960052967071533,76.23635864257812,4.452457009566784,4.81640625,0.7518531680107117,0.316739022731781,0.7359586954116821
00235,0.4662420451641083,68.76407623291016,6.271900208157413,4.79296875,0.4433208405971527,0.23905818164348602,0.06088241934776306
00236,0.6682090163230896,76.31359100341797,3.7065527449777806,4.953125,0.7734331488609314,0.3148938715457916,0.45462679862976074
00237,0.596998393535614,75.60881805419922,4.444967251345865,4.9453125,0.7810136079788208,0.3123244345188141,0.6868393421173096
00238,0.7013533115386963,75.4778823852539,3.617594265231035,4.86328125,0.7789653539657593,0.2641626298427582,0.6375347971916199
00239,0.7616891860961914,74.9292984008789,5.142513849442367,4.484375,0.7630770206451416,0.214923694729805,0.6353128552436829
00240,0.6402890682220459,78.58277130126953,3.7253731807325634,4.82421875,0.7631373405456543,0.3113318085670471,0.6541743278503418
00241,0.6906187534332275,75.24720001220703,6.8957751382631916,4.81640625,0.7603197693824768,0.21480724215507507,0.700953483581543
00242,0.3541676700115204,73.15364074707031,3.148894458517054,4.09765625,0.7546303868293762,0.30638110637664795,0.6707703471183777
00243,0.448462575674057,74.7763671875,2.499440472847221,4.66015625,0.6727067828178406,0.31810083985328674,0.4762337803840637
00244,0.5905700325965881,75.27361297607422,6.004293379126853,4.5546875,0.7979118824005127,0.22495023906230927,0.7052426338195801
00245,0.6721407771110535,75.17218780517578,4.044611638689276,4.8984375,0.7422897219657898,0.1575327068567276,0.466828316450119
00246,0.6879462003707886,74.95320129394531,3.3968560794634186,4.859375,0.8338886499404907,0.24710454046726227,0.7263059020042419
00247,0.6462201476097107,75.56192016601562,3.4703335187766835,4.83203125,0.7953914999961853,0.2188413441181183,0.7164167761802673
00248,0.5525767803192139,74.8819808959961,3.2400982148867867,4.77734375,0.8219016194343567,0.21619069576263428,0.7544280886650085
00249,0.5832991600036621,75.28520202636719,5.683834810825544,4.52734375,0.7571731805801392,0.26110127568244934,0.7107994556427002
00250,0.5823497772216797,77.08969116210938,4.8135203766936066,4.96484375,0.8981744647026062,0.2597557604312897,0.7234334945678711
00251,0.6764766573905945,77.39246368408203,4.778913205877391,4.97265625,0.8783318400382996,0.2835056185722351,0.8022958040237427
00252,0.6792770028114319,77.80703735351562,4.886403431845923,4.984375,0.903462827205658,0.2816533148288727,0.8093304634094238
00253,0.6666404604911804,77.00491333007812,4.592648856151777,4.9765625,0.8720806241035461,0.3005220592021942,0.8133090138435364
00254,0.49223679304122925,59.19633483886719,11.86956215881489,1.8564453125,0.6135071516036987,0.20813453197479248,0.032003577798604965
00255,0.42522257566452026,67.7247314453125,8.102947321172547,3.712890625,0.6156141757965088,0.21603113412857056,0.08250915259122849
00256,0.1692771315574646,58.50205612182617,6.62507355080806,1.646484375,0.6373655200004578,0.18878068029880524,0.07136411219835281
00257,0.5153331756591797,75.86338806152344,4.5146585286892025,4.8203125,0.7894400358200073,0.28719696402549744,0.5452979207038879
00258,0.5563828349113464,74.5436782836914,5.755494667354767,4.03125,0.5977259874343872,0.19994625449180603,0.1416516751050949
00259,0.6776527166366577,77.29022979736328,5.990272463682481,4.95703125,0.8959240317344666,0.3333415389060974,0.7770654559135437
00260,0.7029673457145691,76.28794860839844,4.10815287132632,4.98828125,0.8360538482666016,0.30587026476860046,0.7125739455223083
00261,0.7396077513694763,76.54319763183594,4.304795231490143,4.98828125,0.8179716467857361,0.2852766811847687,0.7612060308456421
00262,0.7514860033988953,77.30711364746094,4.618862647481523,4.98828125,0.8581456542015076,0.3451215326786041,0.8082432150840759
00263,0.6852759122848511,74.96109008789062,4.818779027592091,4.98828125,0.7592140436172485,0.3056095838546753,0.6934515237808228
00264,0.6907925009727478,78.38654327392578,4.94024060043874,4.984375,0.772979199886322,0.30200496315956116,0.7711105942726135
00265,0.706519603729248,77.9237060546875,3.804403281692367,4.98828125,0.7877044677734375,0.32587236166000366,0.6398958563804626
00266,0.6819764375686646,77.13371276855469,3.7642107215536713,4.98828125,0.8087135553359985,0.3167751133441925,0.7370736002922058
00267,0.5493319630622864,71.1654052734375,8.060139141594009,4.23046875,0.5522928237915039,0.22874683141708374,0.12055552005767822
00268,0.6856232285499573,77.6763916015625,4.541156308083844,4.98046875,0.8474342226982117,0.2884819805622101,0.7299082279205322
00269,0.7210935950279236,76.92081451416016,4.955413027213162,4.984375,0.7811827063560486,0.3502591550350189,0.6772183179855347
00270,0.7343834638595581,76.76753997802734,4.458010407385275,4.984375,0.8824324011802673,0.22361509501934052,0.8085671663284302
00271,0.74490886926651,77.24468994140625,5.245076722876448,4.94140625,0.7871392965316772,0.29872626066207886,0.6084912419319153
00272,0.6568155288696289,77.40091705322266,4.13208990672443,4.98828125,0.9148330688476562,0.21550509333610535,0.8025849461555481
00273,0.7138577699661255,78.23919677734375,4.241673855402129,4.9765625,0.8861753344535828,0.17019712924957275,0.7618856430053711
00274,0.7365865707397461,77.07029724121094,4.609554934515928,4.9921875,0.9095312356948853,0.21310362219810486,0.835810661315918
00275,0.5674591064453125,74.38652038574219,4.748144182980693,4.953125,0.9212755560874939,0.21603097021579742,0.7272766828536987
00276,0.655368983745575,75.87110137939453,4.429774252931035,4.9296875,0.9024600386619568,0.24331989884376526,0.7105737924575806
00277,0.5987208485603333,75.19438171386719,4.358852472030507,4.9453125,0.8784371614456177,0.25862905383110046,0.685716986656189
00278,0.5829472541809082,75.20327758789062,4.119352327446807,4.9765625,0.9040803909301758,0.2619597613811493,0.7762216925621033
00279,0.55716472864151,76.77012634277344,6.065058936714893,4.79296875,0.8427257537841797,0.26118046045303345,0.7119649648666382
00280,0.5997019410133362,76.40726470947266,4.427998697832805,4.96875,0.9318565130233765,0.21247516572475433,0.8178445100784302
00281,0.554751992225647,74.76630401611328,4.331444170540147,4.7890625,0.8579937815666199,0.24778932332992554,0.6989458799362183
00282,0.594881534576416,76.26596069335938,4.250265908941495,4.7265625,0.7571724653244019,0.26359084248542786,0.560731828212738
00283,0.6222195625305176,74.65105438232422,4.650591482106555,4.609375,0.652036190032959,0.24734576046466827,0.13118934631347656
00284,0.587673544883728,76.97956848144531,4.960607318366376,4.8828125,0.9118887782096863,0.2881259024143219,0.78762286901474
00285,0.7116938829421997,77.98538208007812,4.184930817722368,4.98046875,0.7617964744567871,0.31786173582077026,0.6481643915176392
00286,0.6999080181121826,77.38377380371094,3.9682875204081505,4.98828125,0.841338038444519,0.2683181166648865,0.7489044070243835
00287,0.7039750814437866,78.42361450195312,4.365152008511046,4.984375,0.8195893168449402,0.33326300978660583,0.6629619002342224
00288,0.7100158333778381,77.01226043701172,4.463392985246709,4.9921875,0.7443561553955078,0.2948058247566223,0.3649953305721283
00289,0.7049311995506287,77.22783660888672,4.274917547170357,4.9921875,0.7535581588745117,0.30998721718788147,0.693983256816864
00290,0.6678484678268433,77.8614501953125,3.5736765241141746,4.984375,0.7893240451812744,0.3220098614692688,0.756590723991394
00291,0.679125964641571,76.8135986328125,4.532230087077329,4.98828125,0.7562775611877441,0.2967633605003357,0.5045585036277771
00292,0.6259332299232483,77.72125244140625,4.132107631709571,4.96484375,0.8393298983573914,0.29783159494400024,0.6103575229644775
00293,0.6537160277366638,77.72357177734375,4.354648771277873,4.98046875,0.8545977473258972,0.3123403489589691,0.7538854479789734
00294,0.7006869912147522,77.48686981201172,4.313971993199225,4.984375,0.7456492781639099,0.34925833344459534,0.3412753939628601
00295,0.6344242095947266,77.52181243896484,4.1146898030299734,4.98828125,0.9294509887695312,0.21613439917564392,0.755591869354248
00296,0.6089592576026917,74.53816223144531,4.193309090558276,3.9375,0.6837412118911743,0.30653634667396545,0.4524269104003906
00297,0.6163320541381836,77.3486557006836,4.465283981621073,4.984375,0.9088391661643982,0.2271416038274765,0.7268301248550415
00298,0.6530917286872864,77.2815170288086,4.278814024749004,4.984375,0.9115079641342163,0.19501455128192902,0.7715241312980652
00299,0.6558017134666443,77.32534790039062,3.8529049604601546,4.98046875,0.9192129373550415,0.208282008767128,0.7205988168716431
00300,0.6774311065673828,76.55034637451172,3.7009773964506367,4.79296875,0.7596019506454468,0.23099711537361145,0.4824005365371704
00301,0.7440145611763,78.3453598022461,3.9874988999676595,4.93359375,0.714276909828186,0.24091047048568726,0.4703896641731262
00302,0.7266282439231873,76.23483276367188,4.288219315529828,4.97265625,0.7689332962036133,0.24226227402687073,0.540917694568634
00303,0.6904740929603577,76.54048156738281,4.251520111901641,4.9296875,0.7161417007446289,0.26389777660369873,0.5733703374862671
00304,0.43686234951019287,61.35895538330078,8.42988836853493,1.779296875,0.46150755882263184,0.2045973837375641,-0.029546797275543213
00305,0.7107553482055664,76.9549789428711,3.7516637464912863,4.875,0.7173981666564941,0.20658354461193085,0.5333796739578247
00306,0.5770810842514038,74.61222839355469,3.6886842790707166,4.734375,0.7482144236564636,0.2696670889854431,0.5569761991500854
00307,0.6213335990905762,75.60647583007812,3.640872951520239,4.90625,0.739665150642395,0.2635948956012726,0.5313593149185181
00308,0.726891279220581,76.34281158447266,4.869275496348851,4.953125,0.5423789024353027,0.23075267672538757,0.04320743680000305
00309,0.7036846876144409,77.1421127319336,3.4530544215268617,4.92578125,0.7683509588241577,0.26290541887283325,0.548149585723877
00310,0.7109408378601074,77.50607299804688,3.5617369516787747,4.93359375,0.7193291187286377,0.286750853061676,0.47063061594963074
00311,0.7281022071838379,77.53758239746094,3.6540742409229705,4.96875,0.7411316633224487,0.2529534697532654,0.5628265738487244
00312,0.7278939485549927,78.44007873535156,3.7703948301756234,4.9765625,0.7679588794708252,0.32269755005836487,0.5260172486305237
00313,0.7473021149635315,76.65544128417969,4.2848270918597535,4.97265625,0.6929111480712891,0.28852081298828125,0.3927615284919739
00314,0.6453155279159546,76.93022918701172,3.6288425046017063,4.93359375,0.6701127886772156,0.339406818151474,0.5710551738739014
00315,0.7374781370162964,77.55960845947266,3.8877182777418655,4.984375,0.6790131330490112,0.3190962076187134,0.4221075773239136
00316,0.732355535030365,76.91436004638672,4.518946301115438,4.984375,0.6794751882553101,0.2907271683216095,0.4415561854839325
00317,0.6534033417701721,77.24043273925781,4.09403815009945,4.91015625,0.7345010638237,0.2751849591732025,0.5245793461799622
00318,0.7431575059890747,77.75968170166016,3.915017711582701,4.97265625,0.7451674342155457,0.2545507252216339,0.49425041675567627
00319,0.7332265973091125,78.0921401977539,3.925201594735361,4.97265625,0.657602071762085,0.3547988831996918,0.32311707735061646
00320,0.7178764343261719,76.9097900390625,3.801287958771782,4.8515625,0.772937536239624,0.18890386819839478,0.5075837969779968
00321,0.6984067559242249,77.01348876953125,3.961732465322844,4.796875,0.6622601747512817,0.29609134793281555,0.4918728768825531
00322,0.6009494662284851,77.41830444335938,3.667569175737472,4.94921875,0.7840685248374939,0.17171610891819,0.5215728282928467
00323,0.6476209759712219,76.9350357055664,3.414865636600853,4.94921875,0.7847378253936768,0.15824423730373383,0.5455273389816284
00324,0.7721656560897827,77.17451477050781,3.5373794929897544,4.89453125,0.7795447111129761,0.20474693179130554,0.5660195350646973
00325,0.5664592981338501,76.04296875,3.646211824890513,4.54296875,0.8163463473320007,0.2668420374393463,0.5895534157752991
00326,0.683664858341217,77.34025573730469,4.329506876614399,4.7265625,0.7661774158477783,0.2579288184642792,0.512915313243866
00327,0.6635330319404602,77.09812927246094,4.35111238129463,4.92578125,0.8163042068481445,0.2526933550834656,0.48455649614334106
00328,0.5954269170761108,75.20629119873047,3.787738602366586,4.88671875,0.7630829215049744,0.27589643001556396,0.5794659852981567
00329,0.6525147557258606,76.84235382080078,4.424560027694874,4.9453125,0.8485431671142578,0.23804223537445068,0.46257081627845764
00330,0.6499953269958496,76.99446868896484,4.1732026164194,4.96875,0.8471707701683044,0.26076364517211914,0.6929171681404114
00331,0.5990619659423828,75.22187042236328,4.3354957973394725,4.7109375,0.7724319696426392,0.2793848216533661,0.5754557847976685
00332,0.6596164703369141,76.57280731201172,3.6292866817013305,4.97265625,0.724693775177002,0.26270434260368347,0.27995848655700684
00333,0.5804811120033264,76.41239166259766,3.5750973213107393,4.65234375,0.6671504974365234,0.18753260374069214,0.16921401023864746
00334,0.6332284808158875,76.76727294921875,4.1400892503486615,4.74609375,0.7737006545066833,0.29490119218826294,0.5230936408042908
00335,0.6656748652458191,76.22576904296875,4.23072355212629,4.9296875,0.8159027099609375,0.2869648039340973,0.6152679920196533
00336,0.7081406116485596,76.79328155517578,3.9976838574549376,4.984375,0.8187949061393738,0.24855035543441772,0.638717770576477
00337,0.6882207989692688,77.47657775878906,4.350612075768035,4.9765625,0.7687737345695496,0.3351035714149475,0.7169918417930603
00338,0.6605787873268127,76.74217224121094,4.047996133552034,4.98046875,0.6904474496841431,0.3047124743461609,0.6625171303749084
00339,0.6554348468780518,77.16458892822266,3.7557312880412392,4.9765625,0.7684751152992249,0.29553574323654175,0.6462567448616028
00340,0.7018755078315735,77.426513671875,3.749339934501882,4.9921875,0.7515067458152771,0.30329039692878723,0.5467296242713928
00341,0.6906387209892273,76.73210906982422,4.0593331437720455,4.96875,0.7240564227104187,0.3010253310203552,0.712983250617981
00342,0.6794256567955017,76.47846984863281,3.918255541726201,4.9453125,0.8147587180137634,0.27191221714019775,0.617596447467804
00343,0.6596346497535706,76.59716033935547,4.052537839558797,4.953125,0.8418001532554626,0.2648494243621826,0.6931077837944031
00344,0.6378109455108643,76.19032287597656,4.333486820881317,4.8671875,0.782026469707489,0.3290938436985016,0.6254361271858215
00345,0.6841244697570801,76.97208404541016,4.130129104905811,4.98046875,0.8524932861328125,0.20709332823753357,0.7147505283355713
00346,0.6402614116668701,75.86595916748047,3.8446276295953705,4.8828125,0.8553470969200134,0.19570089876651764,0.730137825012207
00347,0.6854408979415894,77.537353515625,4.204960377224342,4.98828125,0.8720599412918091,0.18721693754196167,0.7022374868392944
00348,0.703116238117218,77.3674545288086,4.3223088163798185,4.96484375,0.7955944538116455,0.19168046116828918,0.6795198321342468
00349,0.6113138198852539,76.03075408935547,3.4563587033162633,4.9296875,0.8770584464073181,0.1811065375804901,0.7302899360656738
00350,0.3852497935295105,64.71378326416016,5.778419493043311,2.2109375,0.6734549403190613,0.09531170129776001,0.4697619378566742
00351,0.7518030405044556,76.89340209960938,5.014299300678181,4.984375,0.8691021800041199,0.20684438943862915,0.7888113260269165
00352,0.6735029816627502,76.40448760986328,5.198270262176036,4.953125,0.8656072616577148,0.254719078540802,0.7622016072273254
00353,0.644328236579895,75.16510772705078,5.344091797096783,4.92578125,0.760886013507843,0.2538757026195526,0.6999984979629517
00354,0.48902592062950134,60.70582580566406,13.547028941816935,1.955078125,0.6273855566978455,0.2053278535604477,0.11390916258096695
00355,0.5064094066619873,63.0804328918457,10.03390187714244,3.26953125,0.6149038672447205,0.1818292886018753,0.19571025669574738
00356,0.37384650111198425,62.33951950073242,9.895195035790486,1.4697265625,0.5836644172668457,0.15056787431240082,0.14651142060756683
00357,0.47008609771728516,70.93854522705078,9.612168670618273,2.26171875,0.6015173196792603,0.18868796527385712,0.16412566602230072
00358,0.3878049850463867,65.93357849121094,8.475088435349225,1.8984375,0.6123821139335632,0.21856682002544403,0.14431269466876984
00359,0.6384530663490295,77.11197662353516,5.349539590039623,4.95703125,0.8873273134231567,0.30847427248954773,0.8022809028625488
00360,0.514332115650177,59.30588912963867,13.363652274427679,1.95703125,0.6341623067855835,0.1215774342417717,0.12561920285224915
00361,0.515877366065979,60.00007629394531,13.86551857433101,1.95703125,0.6301063299179077,0.09531183540821075,0.13720831274986267
00362,0.5116881132125854,59.48523712158203,12.914554202038339,1.9111328125,0.6406670808792114,0.12337302416563034,0.11776385456323624
00363,0.5123001337051392,59.2735595703125,11.944278605641271,1.90625,0.6387588381767273,0.10729784518480301,0.11754870414733887
00364,0.5146765112876892,59.366580963134766,12.529757115470893,1.943359375,0.63277667760849,0.13356944918632507,0.12838158011436462
00365,0.5179152488708496,60.15827178955078,11.847540658428764,1.95703125,0.6310739517211914,0.0959903821349144,0.12543420493602753
00366,0.5170900225639343,59.99228286743164,12.891259133366088,1.9462890625,0.6314753890037537,0.10648174583911896,0.12267623096704483
00367,0.5108628273010254,59.219749450683594,12.165601362566026,1.912109375,0.6412233114242554,0.13857190310955048,0.11740213632583618
00368,0.5067216753959656,62.14139938354492,13.164230837848363,1.8310546875,0.6223596334457397,0.21754898130893707,0.11341168731451035
00369,0.6734020113945007,77.61883544921875,6.869820765005394,4.953125,0.7157863974571228,0.299278199672699,0.2135286182165146
00370,0.5126692056655884,62.454017639160156,13.15066826984025,1.78515625,0.6097869277000427,0.1977851688861847,0.12370997667312622
00371,0.5147131681442261,60.20075607299805,12.259977854397347,1.9541015625,0.6304594874382019,0.12107031792402267,0.1297125369310379
00372,0.5106059312820435,59.31793212890625,13.300424676605518,1.8798828125,0.6433181166648865,0.11564026027917862,0.11478092521429062
00373,0.5134651064872742,59.25988006591797,12.711395012578274,1.9794921875,0.6312211751937866,0.12461905926465988,0.12525586783885956
00374,0.5157974362373352,59.633914947509766,12.093197697623454,1.9404296875,0.6389369964599609,0.13156543672084808,0.1189345121383667
00375,0.6206715703010559,75.8714599609375,3.815234398035184,4.96484375,0.8894850611686707,0.21500591933727264,0.761823296546936
00376,0.6829460263252258,76.87554168701172,3.445693597103149,4.94921875,0.859172523021698,0.22982151806354523,0.7770113945007324
00377,0.6695153713226318,75.41146850585938,3.461244213333467,4.93359375,0.8424925208091736,0.24682532250881195,0.7505292296409607
00378,0.6231494545936584,74.31552124023438,4.027639571234329,4.94921875,0.7842878699302673,0.27873674035072327,0.724557101726532
00379,0.5521515011787415,75.00858306884766,5.21313464436136,4.65234375,0.7626415491104126,0.2661187946796417,0.5620371699333191
00380,0.6306652426719666,76.60692596435547,3.9939445474787574,4.97265625,0.8960075378417969,0.21289192140102386,0.7450376749038696
00381,0.5010708570480347,74.28260803222656,3.8826138300867545,4.53515625,0.8100802302360535,0.27412790060043335,0.6945350766181946
00382,0.6142255067825317,75.41234588623047,4.478701842683055,4.9296875,0.832272469997406,0.2711741030216217,0.745789647102356
00383,0.5691042542457581,75.22850036621094,3.780689461767938,4.8125,0.6258136630058289,0.20746110379695892,0.17174839973449707
00384,0.5976750254631042,77.3303451538086,4.199381506386961,4.890625,0.8104550242424011,0.2567330002784729,0.7420753836631775
00385,0.6565256118774414,76.01162719726562,3.887430155071708,4.953125,0.7788845300674438,0.30878859758377075,0.6820152997970581
00386,0.6216095089912415,76.04542541503906,3.8178408136632282,4.953125,0.8147498965263367,0.27419987320899963,0.7113913893699646
00387,0.6744944453239441,77.3337173461914,3.999603476024124,4.953125,0.8830308318138123,0.2624436914920807,0.7269620895385742
00388,0.6482866406440735,76.22035217285156,3.8932702493200915,4.95703125,0.7342748045921326,0.3171584904193878,0.6468339562416077
00389,0.6346217393875122,76.72154998779297,3.5301683997919846,4.97265625,0.7847526669502258,0.29725217819213867,0.7113844752311707
00390,0.6402180194854736,75.65843200683594,3.8351944115331937,4.97265625,0.7418807744979858,0.33236175775527954,0.6325846314430237
00391,0.6454290151596069,77.07488250732422,4.10583071376764,4.98046875,0.7303065657615662,0.3073049783706665,0.49100255966186523
00392,0.5607113838195801,75.4142837524414,3.708968106622465,4.859375,0.8409575819969177,0.2849048376083374,0.7253674864768982
00393,0.656693160533905,76.16375732421875,3.997033866987775,4.9453125,0.8487297296524048,0.2924410402774811,0.717215895652771
00394,0.6640194058418274,78.19380187988281,4.0998286759476725,4.96484375,0.7453243136405945,0.3480423092842102,0.4702102243900299
00395,0.6052606105804443,75.99347686767578,3.9274566977273118,4.96484375,0.892586886882782,0.2150489091873169,0.7589330077171326
00396,0.6659471392631531,75.90975952148438,3.955251895998148,4.9296875,0.902552604675293,0.19652707874774933,0.7410081028938293
00397,0.6499649286270142,75.99812316894531,4.260180117627324,4.96875,0.8745018243789673,0.1932208240032196,0.7597208023071289
00398,0.6876127123832703,76.73873901367188,4.052229141709055,4.9609375,0.8991510272026062,0.17376461625099182,0.7537325024604797
00399,0.6988427042961121,76.14945220947266,4.263698528065659,4.96484375,0.8960176706314087,0.1751270741224289,0.7487429976463318
00400,0.5847302675247192,77.23677825927734,4.198956988836736,4.9609375,0.832162082195282,0.2336999624967575,0.7274420857429504
00401,0.6368308067321777,76.63970947265625,4.359519322665858,4.734375,0.8049729466438293,0.26246801018714905,0.704967200756073
00402,0.5422182679176331,76.78239440917969,4.470893625222073,4.86328125,0.8619180917739868,0.2626003324985504,0.631898820400238
00403,0.5958300828933716,76.12686920166016,4.178451751343923,4.96484375,0.8163167238235474,0.278377503156662,0.7080318927764893
00404,0.6068742871284485,70.80055236816406,7.5112370346481505,4.2421875,0.5930752158164978,0.24133487045764923,0.11021893471479416
00405,0.6737104654312134,76.9891357421875,4.281850900934627,4.9609375,0.8553463220596313,0.2693658471107483,0.7089349627494812
00406,0.5368567109107971,76.87720489501953,4.35709776683485,4.91796875,0.8083549737930298,0.29295551776885986,0.6722659468650818
00407,0.594542920589447,77.75580596923828,3.635006827612168,4.953125,0.8384791612625122,0.2808362543582916,0.6562240123748779
00408,0.6015888452529907,77.0353012084961,4.010116952296907,4.4921875,0.6667575836181641,0.19755084812641144,0.1453849822282791
00409,0.606402575969696,77.87531280517578,4.4181579219743865,4.97265625,0.8210926055908203,0.3154374361038208,0.718470573425293
00410,0.6500577330589294,78.03965759277344,4.392448428547253,4.9765625,0.7699556350708008,0.309684693813324,0.6621112823486328
00411,0.6408259272575378,77.9101791381836,4.480676147093101,4.96484375,0.7795734405517578,0.2783336937427521,0.6789817214012146
00412,0.6477673053741455,77.62909698486328,4.9236632937397005,4.984375,0.8069630861282349,0.3011433780193329,0.704393208026886
00413,0.6339260935783386,75.52613067626953,3.450720494544254,4.90625,0.7481260299682617,0.32021284103393555,0.6144745945930481
00414,0.6623121500015259,77.28791809082031,4.4720596705185125,4.9765625,0.8092951774597168,0.20285063982009888,0.6884831786155701
00415,0.6638869047164917,77.11170959472656,3.7043610232217787,4.98828125,0.7232151031494141,0.3351532816886902,0.5712258219718933
00416,0.6753687262535095,77.53437805175781,4.4914046814939885,4.98828125,0.7458891272544861,0.3169793486595154,0.6335851550102234
00417,0.6095004677772522,76.32369232177734,4.523466581053435,4.94921875,0.8115013241767883,0.27313604950904846,0.643382728099823
00418,0.6341026425361633,77.63432312011719,4.2231745248700765,4.9765625,0.7853438258171082,0.3028517961502075,0.715723991394043
00419,0.6933282613754272,78.6745376586914,4.260001744019777,4.984375,0.7274523973464966,0.35619109869003296,0.2812102437019348
00420,0.594616174697876,78.02185821533203,4.189671049776043,4.9765625,0.8445648550987244,0.18865205347537994,0.726601243019104
00421,0.5950658917427063,77.58263397216797,4.046306371040946,4.97265625,0.8405200839042664,0.22142073512077332,0.7472802996635437
00422,0.5796298980712891,77.60514068603516,3.898426079339834,4.96484375,0.8449609875679016,0.19332155585289001,0.7303673624992371
00423,0.6125493049621582,77.57360076904297,4.075699815076863,4.97265625,0.8532344698905945,0.16980578005313873,0.7285584807395935
00424,0.6195700764656067,77.61354064941406,4.137624471668993,4.97265625,0.8309144973754883,0.20443090796470642,0.7293644547462463
00425,0.5973138213157654,77.83409881591797,4.134221957515617,4.65234375,0.8148336410522461,0.18439362943172455,0.6625075340270996
00426,0.6367871165275574,77.58151245117188,4.523693400940239,4.65234375,0.7639029026031494,0.21913503110408783,0.5703219771385193
00427,0.5809180736541748,78.62947082519531,4.490655505102981,4.8515625,0.826100766658783,0.2305680364370346,0.7159820795059204
00428,0.5500738620758057,77.36664581298828,4.407635255634058,4.5546875,0.828885555267334,0.25493308901786804,0.7000973224639893
00429,0.5917072892189026,78.12578582763672,5.252327761801759,4.4609375,0.8353434801101685,0.23075515031814575,0.7193104028701782
00430,0.6242964267730713,78.46690368652344,5.967422038186852,4.68359375,0.8473483324050903,0.23383073508739471,0.6928176879882812
00431,0.502760112285614,78.22586822509766,4.632410871470834,4.515625,0.8028392791748047,0.19150573015213013,0.731338620185852
00432,0.5808557271957397,77.84957122802734,4.277621995301808,4.54296875,0.794513463973999,0.23822878301143646,0.7191145420074463
00433,0.5980177521705627,77.0078125,3.6893094644014313,4.86328125,0.6582344770431519,0.24497924745082855,0.15286877751350403
00434,0.5191910862922668,78.2677001953125,4.586623732564861,4.13671875,0.7565746307373047,0.3520362377166748,0.6612058877944946
00435,0.5276896357536316,77.68588256835938,4.551790611394657,4.828125,0.8180842399597168,0.26786237955093384,0.6110826730728149
00436,0.6277438402175903,77.86278533935547,3.573334121099532,4.72265625,0.7724995613098145,0.2882988154888153,0.4726753532886505
00437,0.2852468192577362,75.01973724365234,4.807284897291141,4.39453125,0.6853581666946411,0.25113606452941895,0.286523699760437
00438,0.6034806370735168,79.16075897216797,4.318813345127875,4.60546875,0.8498656153678894,0.22199749946594238,0.7528325319290161
00439,0.5886049866676331,76.19114685058594,7.374753330500229,4.42578125,0.8133232593536377,0.23925969004631042,0.7005189061164856
00440,0.6411754488945007,78.61979675292969,4.775410051190241,4.6015625,0.8171859383583069,0.2618959844112396,0.6221756935119629
00441,0.6007384061813354,78.51608276367188,6.392142202357337,4.62890625,0.7649141550064087,0.17924945056438446,0.622641384601593
00442,0.5108373165130615,77.56153106689453,4.52996790288915,4.4453125,0.8310697078704834,0.25373029708862305,0.757797360420227
00443,0.5753840804100037,77.88799285888672,3.903346716000349,4.6171875,0.8068538904190063,0.2340480387210846,0.682873547077179
00444,0.6683266162872314,78.4323959350586,4.44395508979782,4.79296875,0.7644635438919067,0.2704232633113861,0.7134572267532349
00445,0.6010246872901917,78.18230438232422,4.585059284975506,4.6328125,0.7791332006454468,0.1936170607805252,0.7369775772094727
00446,0.614236056804657,78.36152648925781,5.172913160718636,4.921875,0.7990837097167969,0.25977933406829834,0.7078520059585571
00447,0.6109053492546082,78.61272430419922,4.511409052492659,4.7890625,0.8378596305847168,0.17086881399154663,0.7687394618988037
00448,0.6036096811294556,78.30396270751953,4.341274928391597,4.73828125,0.8529298305511475,0.22329199314117432,0.7767044901847839
00449,0.6073939800262451,78.41830444335938,4.5670394893848565,4.859375,0.8134579658508301,0.1434810608625412,0.7569494247436523
00450,0.7024120092391968,76.21372985839844,3.5924346108653347,4.9375,0.7940195798873901,0.24857068061828613,0.6090424060821533
00451,0.7074550986289978,76.55023193359375,4.417714855965442,4.71875,0.8085479736328125,0.23492789268493652,0.5911624431610107
00452,0.6892921924591064,76.4344711303711,3.646390594901183,4.9921875,0.8301846981048584,0.2460888922214508,0.5983904004096985
00453,0.6875401139259338,75.72184753417969,3.7000610643068694,4.94921875,0.8244630098342896,0.22284217178821564,0.6304669380187988
00454,0.4804992973804474,59.928260803222656,11.921617288060233,1.8623046875,0.40194937586784363,0.22067759931087494,0.014019273221492767
00455,0.7221162915229797,75.95063781738281,3.6300360823346387,4.9609375,0.8027294874191284,0.2095048874616623,0.6076359152793884
00456,0.6165874004364014,76.01280975341797,3.8265394373123636,4.95703125,0.8280390501022339,0.2667374312877655,0.6161575317382812
00457,0.6850479245185852,75.39315795898438,3.5431269947030826,4.8203125,0.7158333659172058,0.26547476649284363,0.5382868051528931
00458,0.6660104393959045,76.16364288330078,2.8034598482409665,4.89453125,0.8845252394676208,0.19602833688259125,0.6440811157226562
00459,0.6506402492523193,77.00653839111328,4.34776073706068,4.66796875,0.721537709236145,0.2762034833431244,0.5749598145484924
00460,0.6090807318687439,74.93744659423828,4.722712551889256,4.93359375,0.6802651286125183,0.26082536578178406,0.41253432631492615
00461,0.6930614113807678,77.6453628540039,3.373986832670713,4.94140625,0.7898006439208984,0.26085296273231506,0.6109167337417603
00462,0.5555388927459717,75.40721893310547,3.2872171280638756,4.89453125,0.648872971534729,0.2992593050003052,0.5178255438804626
00463,0.7417812943458557,77.3188247680664,3.9311700164409924,4.9609375,0.7221535444259644,0.26100730895996094,0.5670782923698425
00464,0.7093696594238281,75.12670135498047,4.590240416285038,4.8984375,0.7869662046432495,0.20304709672927856,0.5638001561164856
00465,0.7033818960189819,79.24169921875,3.980096864854178,4.90234375,0.7914018630981445,0.26331737637519836,0.5957125425338745
00466,0.7316429615020752,75.39020538330078,5.2686209690150125,4.96484375,0.7906327247619629,0.2296510636806488,0.5411959886550903
00467,0.6634882688522339,75.2975082397461,4.529726019055915,4.92578125,0.8205599188804626,0.21230292320251465,0.6393804550170898
00468,0.6917028427124023,77.0081558227539,3.50814903753724,4.94921875,0.8673534393310547,0.20578762888908386,0.6440034508705139
00469,0.7081152200698853,74.91239166259766,3.5786176787508595,4.94140625,0.7829209566116333,0.26190218329429626,0.5772754549980164
00470,0.6357350945472717,77.24443054199219,4.16839822036062,4.94921875,0.7012897729873657,0.2837616205215454,0.4662815034389496
00471,0.6560856103897095,77.0600357055664,5.1486687850182555,4.94140625,0.743828296661377,0.29755446314811707,0.5141654014587402
00472,0.696746289730072,76.25077819824219,3.5240070077527283,4.9609375,0.8216842412948608,0.19244153797626495,0.6552762389183044
00473,0.7053570747375488,76.90217590332031,3.1175138934871813,4.94921875,0.8420567512512207,0.20745959877967834,0.6515271663665771
00474,0.741628885269165,75.15330505371094,5.258127083771848,4.9375,0.7507807612419128,0.24157804250717163,0.5861048102378845
00475,0.758110523223877,78.04314422607422,3.769754932595843,4.73828125,0.7789892554283142,0.23763379454612732,0.7174224853515625
00476,0.8356958031654358,76.65494537353516,4.772695194591205,4.9296875,0.7587167620658875,0.2633829712867737,0.6614881157875061
00477,0.6664943099021912,75.9732437133789,4.112528046769174,4.89453125,0.767105758190155,0.2878873348236084,0.5560378432273865
00478,0.7491392493247986,75.84236907958984,4.788108118750367,4.95703125,0.7841783761978149,0.2860387861728668,0.751198947429657
00479,0.7554029822349548,76.4677963256836,4.945997398422241,4.6796875,0.7926688194274902,0.2247447818517685,0.6241226196289062
00480,0.8480239510536194,77.0372085571289,5.802246221074124,4.94921875,0.7588964104652405,0.2223840057849884,0.6790732741355896
00481,0.6275118589401245,76.2986068725586,3.5220922827040524,4.9453125,0.7660124897956848,0.29799163341522217,0.629998505115509
00482,0.7555362582206726,77.52998352050781,3.7673410763219897,4.9375,0.6886460185050964,0.2812478244304657,0.682677686214447
00483,0.690842866897583,77.87056732177734,3.743114711441711,4.9453125,0.5053169131278992,0.1849880814552307,0.16145899891853333
00484,0.7611808776855469,77.40096282958984,3.977307542442226,4.92578125,0.7547000646591187,0.26695001125335693,0.7446449398994446
00485,0.7199883460998535,77.19599151611328,4.591371003952817,4.9453125,0.6961750388145447,0.33371806144714355,0.5541384816169739
00486,0.7616384029388428,75.56234741210938,4.86958635687681,4.78515625,0.7666640877723694,0.2521026134490967,0.7086840271949768
00487,0.6901529431343079,76.65423583984375,3.459872303139095,4.98046875,0.710296094417572,0.30884063243865967,0.6382848620414734
00488,0.746120035648346,76.5712661743164,3.8057400259423297,4.828125,0.7226025462150574,0.26056766510009766,0.6146703958511353
00489,0.7642825245857239,75.75350952148438,4.62335111703989,4.76953125,0.6508805155754089,0.28769123554229736,0.6473984122276306
00490,0.699515700340271,79.45387268066406,3.8210020499202786,4.7265625,0.5031363368034363,0.2367272824048996,0.22595444321632385
00491,0.7896925210952759,77.77071380615234,4.5421206949264485,4.85546875,0.7608774304389954,0.22257231175899506,0.6735453009605408
00492,0.69667649269104,75.18974304199219,4.5797353138735994,4.93359375,0.7816101908683777,0.23678091168403625,0.7037232518196106
00493,0.7439684271812439,77.10948944091797,3.585574617332481,4.953125,0.7848162651062012,0.25479692220687866,0.6921242475509644
00494,0.7689835429191589,75.71844482421875,4.338256170138783,4.8828125,0.7049009203910828,0.24537234008312225,0.7145060896873474
00495,0.7680157423019409,78.46700286865234,3.618680317684899,4.89453125,0.6795840263366699,0.2824246287345886,0.6712855696678162
00496,0.8241390585899353,78.53359985351562,4.8371042067489665,4.89453125,0.7858749628067017,0.21279288828372955,0.7554346919059753
00497,0.8043895363807678,79.02360534667969,4.448976321151479,4.94921875,0.7913306355476379,0.21300984919071198,0.6649524569511414
00498,0.8069025278091431,78.36792755126953,4.236685484770088,4.9453125,0.7773243188858032,0.18922357261180878,0.7324539422988892
00499,0.8077523708343506,78.70396423339844,4.434653523974465,4.91015625,0.7812120914459229,0.17544367909431458,0.7224703431129456
00500,0.622564435005188,77.29615020751953,3.819015025784811,4.73046875,0.7266140580177307,0.26278266310691833,0.5556254982948303
00501,0.6442201733589172,77.26451873779297,5.147723226163242,4.4453125,0.6369528770446777,0.2425515055656433,0.48638153076171875
00502,0.6311902403831482,75.79439544677734,3.8449667632415707,4.7265625,0.6907368898391724,0.2574571967124939,0.4571375548839569
00503,0.5899829268455505,76.72552490234375,4.352527246204587,4.8359375,0.6702268719673157,0.24783185124397278,0.5108128786087036
00504,0.6510832905769348,77.2924575805664,5.39393447595796,4.76171875,0.7054236531257629,0.2194894552230835,0.47665759921073914
00505,0.687200129032135,77.6781005859375,4.721172820201521,4.8515625,0.7594075202941895,0.18324635922908783,0.5829624533653259
00506,0.16282415390014648,65.95877838134766,5.466299129212942,2.349609375,0.4939784109592438,0.2019277811050415,0.13644173741340637
00507,0.6392264366149902,73.79778289794922,3.6165123482951342,4.296875,0.5259988903999329,0.23651286959648132,0.19420002400875092
00508,0.6498723030090332,76.25556182861328,3.9357697721864007,4.58203125,0.5891707539558411,0.2627027630805969,0.2498539239168167
00509,0.6639596223831177,77.26184844970703,4.927953733283981,4.82421875,0.708250880241394,0.2878548502922058,0.5167667269706726
00510,0.4876405596733093,68.64808654785156,6.358371424964047,4.8359375,0.42385539412498474,0.21890638768672943,0.09733618050813675
00511,0.6624613404273987,78.4442138671875,4.591070890444921,4.8515625,0.6943681240081787,0.3056769073009491,0.5120168924331665
00512,0.5977275371551514,71.40501403808594,4.845073725696519,4.80859375,0.43157872557640076,0.2005758136510849,0.10169633477926254
00513,0.7025656700134277,76.52422332763672,4.30312074396611,4.71484375,0.6281645894050598,0.2008724808692932,0.48800286650657654
00514,0.702521026134491,75.88168334960938,6.492973777118852,4.6953125,0.6800565123558044,0.2188616544008255,0.5386890769004822
00515,0.6788172125816345,78.68250274658203,4.0641173913587245,4.6796875,0.6801804900169373,0.25609710812568665,0.4796719551086426
00516,0.6590725183486938,77.2379379272461,4.262021248154269,4.75,0.7184427380561829,0.224361389875412,0.6048166155815125
00517,0.5449097752571106,75.53468322753906,4.656158789640774,4.625,0.6771982312202454,0.22972646355628967,0.506320595741272
00518,0.6431846022605896,77.341552734375,3.589994843599805,4.70703125,0.671543538570404,0.23640352487564087,0.5271485447883606
00519,0.6745707988739014,76.51161193847656,3.475499564444429,4.90625,0.7783763408660889,0.24524354934692383,0.5842820405960083
00520,0.6910942792892456,77.48002624511719,4.4727092064669245,4.92578125,0.8199867606163025,0.22591103613376617,0.621839165687561
00521,0.694940984249115,77.03825378417969,4.23251749433898,4.93359375,0.7277247905731201,0.21069404482841492,0.5948301553726196
00522,0.6527383327484131,77.1492691040039,4.356832086083322,4.89453125,0.7895679473876953,0.13118629157543182,0.6497704386711121
00523,0.7099516987800598,77.45024871826172,4.04031519474597,4.91015625,0.7957007884979248,0.20488902926445007,0.6153512597084045
00524,0.754770040512085,76.04841613769531,4.801509661170826,4.6640625,0.6636189818382263,0.26203611493110657,0.4108169674873352
00525,0.5564786195755005,78.30339050292969,5.874079297895725,4.38671875,0.5908374190330505,0.1862490028142929,0.1512671709060669
00526,0.3799913823604584,52.01862335205078,7.891321359687207,1.626953125,0.7433492541313171,0.13403719663619995,0.2493486851453781
00527,0.5324153900146484,76.39076232910156,4.526724118602027,4.3359375,0.8328536748886108,0.23507234454154968,0.6598755717277527
00528,0.39923837780952454,75.71694946289062,3.9810317269015623,4.12109375,0.7722787857055664,0.30389854311943054,0.569025993347168
00529,0.4839436113834381,59.757755279541016,11.975183114284649,1.8388671875,0.6324788928031921,0.22070395946502686,0.09315665811300278
00530,0.49087995290756226,76.01055145263672,4.113485892359134,4.1875,0.7992395162582397,0.17905591428279877,0.6536929607391357
00531,0.18412727117538452,58.45378494262695,7.442944206322326,1.9892578125,0.6979562640190125,0.2206728309392929,0.010890769772231579
00532,0.48406434059143066,72.4636001586914,4.900472199783434,3.869140625,0.5685093402862549,0.19859427213668823,0.08314666152000427
00533,0.5914280414581299,73.28533935546875,9.60896617869859,4.51953125,0.6819424033164978,0.2105383276939392,0.17687153816223145
00534,0.42090991139411926,74.85520935058594,5.638726447908076,4.0625,0.7901450991630554,0.34773504734039307,0.4980672001838684
00535,0.44842591881752014,69.03142547607422,7.586335285092903,4.33984375,0.6049187183380127,0.23050568997859955,0.07211855053901672
00536,0.535675585269928,72.99150085449219,6.558250740857301,4.09765625,0.6721820831298828,0.20959286391735077,0.18752405047416687
00537,0.33915209770202637,75.32674407958984,5.816648396751015,4.26953125,0.8367602229118347,0.28016048669815063,0.6072240471839905
00538,0.5362354516983032,75.40095520019531,7.368935322053965,4.46484375,0.8407478332519531,0.1788824498653412,0.6816379427909851
00539,0.5103189945220947,75.22321319580078,7.561180749131827,4.1171875,0.8514505624771118,0.14626051485538483,0.7471920251846313
00540,0.5043317079544067,79.26548767089844,5.426053881859452,4.2265625,0.6651272773742676,0.2560359537601471,0.11908086389303207
00541,0.4936506748199463,75.03742218017578,8.401805328214623,4.1015625,0.8242873549461365,0.19281475245952606,0.6841286420822144
00542,0.32523253560066223,71.27593231201172,5.672849606972898,3.92578125,0.8048996925354004,0.24809792637825012,0.6259399056434631
00543,0.3924829661846161,75.18180084228516,3.8717216491682875,4.1640625,0.7823691368103027,0.23509527742862701,0.5183306932449341
00544,0.31544867157936096,73.35022735595703,6.777015530008568,3.150390625,0.8818138837814331,0.21276123821735382,0.6949295997619629
00545,0.4167049527168274,48.1380500793457,13.1567384420519,1.416015625,0.682530403137207,0.15848733484745026,0.21974055469036102
00546,0.45770618319511414,56.4549674987793,14.56326206353692,1.4296875,0.6302756071090698,0.17981290817260742,0.11199524998664856
00547,0.44101789593696594,51.662681579589844,13.14324816937097,1.45703125,0.6498832702636719,0.15229566395282745,0.08198707550764084
00548,0.5965980291366577,75.7508316040039,7.861282903623043,4.51171875,0.8042091727256775,0.19725492596626282,0.6998206973075867
00549,0.6215128898620605,76.23707580566406,8.12562525181432,4.6015625,0.8014005422592163,0.19840791821479797,0.7074138522148132
00550,0.6513397097587585,77.00276184082031,4.31594736774556,4.8671875,0.8577191233634949,0.19300265610218048,0.6216004490852356
00551,0.6681935787200928,77.16637420654297,4.0121048395878205,4.5,0.7511928677558899,0.24839520454406738,0.4134269654750824
00552,0.6409158110618591,76.11107635498047,3.7900079212360596,4.88671875,0.8540962338447571,0.24440304934978485,0.5965139269828796
00553,0.3700774312019348,75.14823150634766,4.163382390309228,4.5546875,0.783122718334198,0.22402673959732056,0.5693634152412415
00554,0.5793834328651428,74.2286148071289,10.118024686453738,4.06640625,0.7402183413505554,0.19274982810020447,0.45240354537963867
00555,0.6120064854621887,76.89289855957031,5.6934596617154005,4.8828125,0.794196605682373,0.22581423819065094,0.5860509872436523
00556,0.5947950482368469,76.10839080810547,6.685996604293534,4.8203125,0.7996840476989746,0.23932518064975739,0.5392311215400696
00557,0.6656556725502014,76.0638198852539,5.403765188620825,4.9296875,0.7953147292137146,0.25352737307548523,0.594063401222229
00558,0.6448500156402588,76.57392120361328,3.846970398751544,4.609375,0.7145175337791443,0.2546466886997223,0.27437591552734375
00559,0.604147732257843,76.66973114013672,4.888141681550314,4.75390625,0.8608686327934265,0.20829913020133972,0.6479976177215576
00560,0.5313835740089417,75.71821594238281,5.522632793395688,4.77734375,0.7603535652160645,0.26737841963768005,0.34108486771583557
00561,0.6525073647499084,77.18325805664062,5.294469190232083,4.91015625,0.8413807153701782,0.21342164278030396,0.6222743988037109
00562,0.5837700963020325,76.3685531616211,5.2018910435823535,4.93359375,0.7674438953399658,0.24666249752044678,0.5435413718223572
00563,0.583223283290863,75.21878051757812,3.2672129014521682,4.546875,0.7155101895332336,0.23711581528186798,0.46247386932373047
00564,0.6563044786453247,73.93939971923828,8.783047145309775,4.7265625,0.7757101655006409,0.16586706042289734,0.4693851172924042
00565,0.6505963206291199,79.4978256225586,4.718749697025867,4.796875,0.7607409358024597,0.23676887154579163,0.5837464332580566
00566,0.682503342628479,75.92044830322266,7.446221462292152,4.890625,0.7588238716125488,0.17528961598873138,0.47265109419822693
00567,0.38091227412223816,74.78449249267578,4.109938041043985,4.32421875,0.802973210811615,0.20582258701324463,0.565115749835968
00568,0.6409071087837219,76.46216583251953,3.9376159555841093,4.921875,0.8459398150444031,0.21916544437408447,0.6649223566055298
00569,0.5995116829872131,73.97480010986328,5.75079434434469,4.41015625,0.4727242887020111,0.22037756443023682,0.2510596513748169
00570,0.6885939836502075,76.401123046875,3.40478655057027,4.8984375,0.7958904504776001,0.20494362711906433,0.6724168658256531
00571,0.5993743538856506,74.72998809814453,4.170230901431769,4.22265625,0.7196528315544128,0.21864181756973267,0.41124120354652405
00572,0.6234347224235535,76.84709167480469,3.7605842138000405,4.82421875,0.8437082171440125,0.1538173407316208,0.6207100749015808
00573,0.6344109177589417,76.12934875488281,3.671252999166027,4.859375,0.8457403182983398,0.1914152354001999,0.6455228924751282
00574,0.650096595287323,76.95044708251953,3.65960275149799,4.58984375,0.6245638728141785,0.23545405268669128,0.42464765906333923
00575,0.6485018134117126,77.12955474853516,4.807525452896392,4.8046875,0.770979106426239,0.2243620902299881,0.636212944984436
00576,0.6274867653846741,76.73252868652344,4.3703936917719135,4.93359375,0.7215770483016968,0.26803523302078247,0.618529200553894
00577,0.6430490016937256,76.63023376464844,3.990298531054428,4.8671875,0.7559881806373596,0.2500973641872406,0.6582669615745544
00578,0.5831996202468872,76.59303283691406,4.266934046757494,4.796875,0.7241338491439819,0.24683606624603271,0.5844213366508484
00579,0.6506614089012146,77.16560363769531,5.411430243315651,4.62109375,0.7536892890930176,0.1714583784341812,0.6415505409240723
00580,0.6616337299346924,76.85087585449219,4.57715800253177,4.92578125,0.7335652709007263,0.2354799509048462,0.6754076480865479
00581,0.6630909442901611,76.60074615478516,5.2306955220561555,4.89453125,0.6960780024528503,0.2803080379962921,0.6639823317527771
00582,0.6606495976448059,76.68130493164062,4.729166701166763,4.90625,0.7739831805229187,0.25995051860809326,0.6693738102912903
00583,0.6178097724914551,77.04170227050781,4.40164658039536,4.91796875,0.7390726804733276,0.2585757374763489,0.6554005146026611
00584,0.6262333989143372,77.89218139648438,4.293066495091552,4.73828125,0.77522212266922,0.2704736292362213,0.6878801584243774
00585,0.4395822286605835,71.14682006835938,5.5449173817574735,4.69921875,0.5297667384147644,0.21296395361423492,0.15260522067546844
00586,0.6472824811935425,77.51759338378906,5.214913245998225,4.70703125,0.7555254101753235,0.2711981236934662,0.6329350471496582
00587,0.6100782752037048,76.55318450927734,4.236341916727315,4.93359375,0.6995745301246643,0.29300451278686523,0.5956183671951294
00588,0.6792270541191101,77.00283813476562,4.189344585718513,4.8046875,0.7218546271324158,0.23570546507835388,0.6420073509216309
00589,0.6591157913208008,76.89934539794922,4.254650424251255,4.86328125,0.7171410918235779,0.18741102516651154,0.6505129933357239
00590,0.593038022518158,77.64053344726562,4.022108913607926,4.84765625,0.7527127861976624,0.2788059711456299,0.6472294926643372
00591,0.6396390199661255,76.89793395996094,4.915718006226886,4.81640625,0.734856367111206,0.2322210669517517,0.6735183596611023
00592,0.5732153058052063,77.076416015625,5.311171464141143,4.75390625,0.7949351072311401,0.24878092110157013,0.5832666754722595
00593,0.63657546043396,77.13336944580078,4.476399775646035,4.8046875,0.8252646327018738,0.23746159672737122,0.7032679319381714
00594,0.6381623148918152,76.74418640136719,3.365603008512045,4.9375,0.7465907335281372,0.22009527683258057,0.6414574980735779
00595,0.6262040138244629,77.11843872070312,4.390324545710933,4.8671875,0.7863443493843079,0.21984440088272095,0.7006521224975586
00596,0.623765230178833,77.1339111328125,4.681572865961333,4.91015625,0.743843674659729,0.18157966434955597,0.6990365386009216
00597,0.6421290040016174,77.32535552978516,5.0366353796164995,4.91015625,0.7577778100967407,0.16358351707458496,0.65688556432724
00598,0.6572736501693726,77.42733764648438,4.770422686475543,4.9140625,0.782430112361908,0.17300860583782196,0.68513423204422
00599,0.6566846966743469,77.25397491455078,4.958208265219873,4.8828125,0.735458493232727,0.18876710534095764,0.6825146675109863
00600,0.6615614295005798,77.11907958984375,5.901040720720338,4.4609375,0.6846384406089783,0.20750682055950165,0.5492494106292725
00601,0.6883454918861389,75.64306640625,8.886407516139913,4.34765625,0.8122899532318115,0.20655053853988647,0.7873249053955078
00602,0.7149007320404053,76.61138153076172,7.332943551403751,4.578125,0.7697926759719849,0.22275763750076294,0.7367146015167236
00603,0.5885813236236572,76.62498474121094,5.2969942416305775,4.62890625,0.7463060617446899,0.22006472945213318,0.46304062008857727
00604,0.7077090740203857,75.9316635131836,7.638750975440224,4.4609375,0.8496147394180298,0.18659789860248566,0.805702805519104
00605,0.6911574602127075,76.51705932617188,7.049405373898471,4.53515625,0.8720027208328247,0.1741849035024643,0.7854722738265991
00606,0.7049180269241333,77.46897888183594,6.0273262770151765,4.22265625,0.774385392665863,0.18427406251430511,0.6558772325515747
00607,0.6578693985939026,77.18431854248047,5.08357822294283,4.34375,0.7957037091255188,0.21829183399677277,0.6106456518173218
00608,0.6793407797813416,77.10505676269531,5.113529492253512,4.21484375,0.5699703693389893,0.23066610097885132,0.3826031982898712
00609,0.6273760795593262,77.95362854003906,6.58457375539132,4.29296875,0.6942859888076782,0.23343870043754578,0.4474638104438782
00610,0.6568778157234192,77.0025634765625,7.7197785493438875,4.38671875,0.8418837785720825,0.1929072141647339,0.720384418964386
00611,0.6390042901039124,78.111328125,5.082357029886308,4.546875,0.6337920427322388,0.28681042790412903,0.42079049348831177
00612,0.5695381760597229,76.03700256347656,4.47983037812859,4.01171875,0.7707748413085938,0.2591213583946228,0.5817452073097229
00613,0.7205268740653992,76.65866088867188,6.972267514798314,4.3671875,0.8234074115753174,0.21084962785243988,0.8110222220420837
00614,0.7042986750602722,75.7708740234375,6.326859654848363,4.75390625,0.7361925840377808,0.29746773838996887,0.5304328203201294
00615,0.674541711807251,78.28120422363281,5.352750873557854,4.5078125,0.7954092025756836,0.2168067991733551,0.5840654969215393
00616,0.7249160408973694,77.27584838867188,8.826888805341568,4.40234375,0.8176969289779663,0.16009820997714996,0.7371329069137573
00617,0.5424841046333313,76.776123046875,5.498958018680084,4.60546875,0.7339041829109192,0.18583182990550995,0.3980892300605774
00618,0.6819273233413696,77.02041625976562,5.160541505931617,4.4765625,0.7796517610549927,0.18337735533714294,0.7169491052627563
00619,0.681720495223999,76.57894134521484,9.076924876829457,4.640625,0.8664562702178955,0.1845894306898117,0.8498590588569641
00620,0.6763180494308472,75.8270034790039,11.120301542863325,4.6328125,0.8891808390617371,0.2211574763059616,0.8618342876434326
00621,0.6995058059692383,75.00057983398438,9.741507228608294,4.36328125,0.8474816083908081,0.24035021662712097,0.8282426595687866
00622,0.6809452176094055,76.42071533203125,10.037066244152417,4.62109375,0.8709565997123718,0.17830568552017212,0.8425916433334351
00623,0.681768000125885,76.39907836914062,9.559760138221895,4.61328125,0.8695993423461914,0.17198234796524048,0.8320664167404175
00624,0.6719229817390442,75.24705505371094,10.27444643451356,4.28515625,0.8333374261856079,0.20797845721244812,0.8362869024276733
00625,0.7119144797325134,77.36589050292969,5.063214380537787,4.9296875,0.8410378694534302,0.22116003930568695,0.6157309412956238
00626,0.7362914085388184,77.17508697509766,4.998577409353333,4.90625,0.790509045124054,0.22982625663280487,0.5085576176643372
00627,0.7142881751060486,76.94367218017578,4.125231147987696,4.9609375,0.7963334321975708,0.2476101666688919,0.5462566614151001
00628,0.6731958389282227,76.49516296386719,5.143353390472889,4.95703125,0.7900355458259583,0.20058393478393555,0.5223976373672485
00629,0.7519832849502563,77.2340087890625,5.678446423407859,4.953125,0.824070930480957,0.1760168820619583,0.6147311925888062
00630,0.7054526805877686,77.68305969238281,4.4355043838399455,4.95703125,0.8621944785118103,0.18738777935504913,0.6241958737373352
00631,0.6889033317565918,77.29910278320312,5.084078657281834,4.9453125,0.8366579413414001,0.19223466515541077,0.6129564642906189
00632,0.7327079176902771,76.75010681152344,4.578389060110184,4.97265625,0.8308632969856262,0.23925858736038208,0.5978592038154602
00633,0.7288175821304321,77.01075744628906,5.183292785917661,4.953125,0.845524251461029,0.22203689813613892,0.5412311553955078
00634,0.703268826007843,77.7635726928711,4.9955937306769735,4.93359375,0.8463594317436218,0.2343098521232605,0.5870446562767029
00635,0.6299115419387817,77.40115356445312,4.404516949935855,4.94921875,0.7210673689842224,0.27098360657691956,0.5395802855491638
00636,0.6972257494926453,77.51577758789062,5.241858269068638,4.93359375,0.8378087282180786,0.24209488928318024,0.6652533411979675
00637,0.6428548693656921,76.78113555908203,4.1026747222480475,4.96875,0.7572609186172485,0.23074334859848022,0.5385537147521973
00638,0.7300351858139038,76.90019989013672,3.8255600220694452,4.95703125,0.7568989992141724,0.23263637721538544,0.5541343688964844
00639,0.7446427345275879,76.7151870727539,4.296526231064468,4.91015625,0.7722846865653992,0.2227458655834198,0.5690345168113708
00640,0.7078696489334106,79.43135070800781,3.8762378129692,4.90625,0.7988068461418152,0.2447771281003952,0.6029638648033142
00641,0.7110847234725952,76.6962661743164,4.267256409592295,4.94921875,0.8522621393203735,0.20861761271953583,0.5863994359970093
00642,0.656011164188385,76.35636901855469,5.610403984069118,4.90234375,0.8120629191398621,0.20974554121494293,0.5044819116592407
00643,0.6946934461593628,77.62183380126953,4.174397602856809,4.9765625,0.8434549570083618,0.1868952512741089,0.6295612454414368
00644,0.6988169550895691,77.10692596435547,3.4780816631940006,4.96484375,0.8208160400390625,0.17226721346378326,0.5796990394592285
00645,0.7466599941253662,77.9864273071289,5.308228134416461,4.96484375,0.8072366714477539,0.21549217402935028,0.5043562650680542
00646,0.7734790444374084,77.52799987792969,5.503728421217109,4.8828125,0.835026741027832,0.20103701949119568,0.5513752698898315
00647,0.7132276296615601,77.15247344970703,5.085355844478099,4.9453125,0.8630124926567078,0.16038471460342407,0.5887178182601929
00648,0.7461002469062805,77.03085327148438,4.3557615297658,4.8984375,0.8326258063316345,0.15754753351211548,0.5712559819221497
00649,0.7432100176811218,76.49788665771484,4.735225914493323,4.9375,0.8501225709915161,0.17148752510547638,0.573537290096283
00650,0.4359501302242279,75.90991973876953,4.084089167767251,4.62109375,0.7508451342582703,0.26910659670829773,0.6921903491020203
00651,0.7002447247505188,77.66785430908203,3.340195717374527,4.81640625,0.7626261711120605,0.290242075920105,0.5368219614028931
00652,0.510036826133728,76.30014038085938,3.4551920776070464,4.88671875,0.7156614661216736,0.26532644033432007,0.5966674089431763
00653,0.42717352509498596,74.87530517578125,3.7010749658763302,4.83984375,0.772171676158905,0.27298176288604736,0.7025654315948486
00654,0.7256512641906738,75.99335479736328,6.118036788649533,4.49609375,0.7956509590148926,0.26892003417015076,0.6696375608444214
00655,0.6201984882354736,75.99082946777344,4.683541609197574,4.83203125,0.7857491374015808,0.22857382893562317,0.7457586526870728
00656,0.41565442085266113,74.55640411376953,4.432475424692158,4.88671875,0.7612079977989197,0.26868465542793274,0.7379853129386902
00657,0.6769524216651917,75.17989349365234,3.465063879349093,4.8359375,0.7893695831298828,0.30824437737464905,0.7065975069999695
00658,0.529981791973114,75.37531280517578,2.5658678322275064,4.89453125,0.6914801597595215,0.29780471324920654,0.5399211049079895
00659,0.5658009648323059,76.67849731445312,4.392985986411486,4.6484375,0.81663978099823,0.2752218246459961,0.738606333732605
00660,0.49928686022758484,69.72010803222656,5.796199661118502,4.8359375,0.385357141494751,0.24325361847877502,0.025881825014948845
00661,0.5453492999076843,77.42351531982422,3.1266002522229384,4.8671875,0.7886607050895691,0.30099424719810486,0.668460488319397
00662,0.6352909207344055,76.34992218017578,4.898407337542265,4.9140625,0.80931556224823,0.31443163752555847,0.7246413230895996
00663,0.6096922755241394,76.68020629882812,3.656202958498992,4.87890625,0.803120493888855,0.26197996735572815,0.6965691447257996
00664,0.7703707814216614,77.62274932861328,4.8268050601035,4.421875,0.8107105493545532,0.2608296871185303,0.6439856290817261
00665,0.6481450200080872,77.8094711303711,4.050625610815881,4.765625,0.8122256994247437,0.2845188081264496,0.6549712419509888
00666,0.554719090461731,76.01449584960938,3.63658261881675,4.75,0.7823471426963806,0.22004690766334534,0.7941066026687622
00667,0.39852282404899597,74.56564331054688,3.5334829837615347,4.65234375,0.7200164794921875,0.2162218540906906,0.7499482035636902
00668,0.4718618392944336,75.61093139648438,2.4933076851233653,4.625,0.6835497617721558,0.20226410031318665,0.584541916847229
00669,0.6734750866889954,76.02025604248047,3.91088810823901,4.66015625,0.8140405416488647,0.2455427646636963,0.5452830195426941
00670,0.6173865795135498,76.04415130615234,3.82027876403846,4.875,0.8016375303268433,0.12824119627475739,0.8003746867179871
00671,0.6209113001823425,76.07669830322266,3.9601151877028595,4.83203125,0.8178194761276245,0.2062956690788269,0.8060512542724609
00672,0.5682367086410522,76.16699981689453,3.6584103017442433,4.80078125,0.7995454668998718,0.25354769825935364,0.8046660423278809
00673,0.58192378282547,75.68041229248047,3.9319392094800634,4.6484375,0.7844895720481873,0.22595591843128204,0.7948051691055298
00674,0.5728354454040527,76.45610046386719,3.588217237745255,4.55859375,0.7589032649993896,0.22183464467525482,0.7955800890922546
00675,0.5455300211906433,76.33485412597656,3.761920659117643,4.26953125,0.9054619669914246,0.24628327786922455,0.5267456769943237
00676,0.5722137093544006,76.69038391113281,3.990911844184551,4.77734375,0.8941506743431091,0.2836567759513855,0.4981200695037842
00677,0.5543299317359924,76.34825134277344,3.458999580919343,4.35546875,0.8746454119682312,0.2782664895057678,0.4346233010292053
00678,0.3290040194988251,74.42182922363281,5.334082823343637,4.84765625,0.8300991058349609,0.3099885880947113,0.45611706376075745
00679,0.508733332157135,75.79113006591797,5.875460269494099,4.1484375,0.8827606439590454,0.23717635869979858,0.49932795763015747
00680,0.5770195722579956,76.89684295654297,4.045851962844002,4.15234375,0.910652756690979,0.24615173041820526,0.5297079086303711
00681,0.5351117253303528,75.4626235961914,5.798077964288622,4.5703125,0.8304294943809509,0.28929442167282104,0.523608386516571
00682,0.6586592197418213,76.03768157958984,5.798534764522044,4.71875,0.8363991975784302,0.2750150263309479,0.5100290179252625
00683,0.6016905903816223,76.35586547851562,5.486920309716504,4.7734375,0.8816307187080383,0.26431766152381897,0.5454067587852478
00684,0.5048425197601318,76.625,4.553450275769857,4.21484375,0.8785317540168762,0.3157394528388977,0.4820956289768219
00685,0.34591612219810486,75.48924255371094,4.693702778362585,4.609375,0.823486328125,0.33011093735694885,0.42779120802879333
00686,0.5825406908988953,76.3720932006836,5.534293743474241,4.9453125,0.9024959802627563,0.2873584032058716,0.5572279095649719
00687,0.5957289338111877,75.61050415039062,6.922343176821762,4.7421875,0.8386062979698181,0.3289347290992737,0.5175117254257202
00688,0.5829251408576965,73.27501678466797,5.08312673646575,3.953125,0.9104499220848083,0.25937125086784363,0.5368878841400146
00689,0.5793883800506592,75.67945098876953,4.821662949046827,4.17578125,0.8660864233970642,0.218986377120018,0.5189663171768188
00690,0.6078293323516846,77.92755126953125,4.00502611370377,4.21484375,0.8557367324829102,0.2862468659877777,0.48823681473731995
00691,0.5967915654182434,76.6490707397461,3.868093017934172,4.68359375,0.8857588768005371,0.21067820489406586,0.5529531240463257
00692,0.3277502655982971,74.0331039428711,5.832570392956736,4.34375,0.86530601978302,0.27319666743278503,0.4359457194805145
00693,0.529008150100708,74.7524642944336,3.7358336238322742,4.3046875,0.8785455822944641,0.2633492946624756,0.5151050686836243
00694,0.5985246896743774,74.91812133789062,3.5103118999877045,4.11328125,0.8823652267456055,0.28759765625,0.47240662574768066
00695,0.5338099598884583,74.37150573730469,4.829560647722722,4.4453125,0.8963348269462585,0.24896296858787537,0.4763949513435364
00696,0.4704495370388031,76.06155395507812,6.1139774189378135,4.0859375,0.8549867868423462,0.27043530344963074,0.5015521049499512
00697,0.5437440872192383,76.06971740722656,4.82547851151717,4.75390625,0.8821936845779419,0.22613117098808289,0.5138064622879028
00698,0.6072984337806702,75.67042541503906,4.574343571600366,4.69921875,0.8999848365783691,0.2062048763036728,0.5273039937019348
00699,0.579887866973877,76.61975860595703,4.264672573101533,4.5859375,0.903736412525177,0.22014440596103668,0.5431901812553406
00700,0.6529877781867981,78.69482421875,5.757927546982844,4.8828125,0.7930711507797241,0.2385951280593872,0.6055737137794495
00701,0.6521309614181519,76.58848571777344,4.912147493242286,4.90234375,0.8199687004089355,0.2546209394931793,0.6173958778381348
00702,0.6131064295768738,76.66246795654297,5.113689641546144,4.4140625,0.7994455695152283,0.21023029088974,0.580617368221283
00703,0.5792863965034485,75.70285034179688,4.775194958921735,4.82421875,0.7785447835922241,0.2579566240310669,0.5972537398338318
00704,0.6334241032600403,75.22029113769531,5.7059286721742115,4.65625,0.7800912857055664,0.26253750920295715,0.5981585383415222
00705,0.6620036363601685,76.14493560791016,5.385254638473776,4.8828125,0.7973960638046265,0.24906235933303833,0.644595205783844
00706,0.5494266748428345,75.23716735839844,4.436570834734822,4.796875,0.8130097389221191,0.2532878518104553,0.5449457168579102
00707,0.6310137510299683,75.49401092529297,5.1544704230285925,4.59375,0.8100748062133789,0.2518622577190399,0.5550462603569031
00708,0.5804720520973206,74.22244262695312,6.444561076710766,4.20703125,0.7695915699005127,0.2807285189628601,0.5224694013595581
00709,0.6365330219268799,78.18079376220703,5.757141459181182,4.52734375,0.792630136013031,0.2693224251270294,0.612469494342804
00710,0.5872191786766052,76.59217834472656,5.153193457797288,4.91796875,0.7908794283866882,0.22941018640995026,0.6568558812141418
00711,0.641470193862915,77.60549926757812,4.792892783751105,4.94921875,0.8077088594436646,0.29995110630989075,0.5907831192016602
00712,0.5645073652267456,75.22970581054688,4.820397401228569,4.875,0.7711181640625,0.3246728479862213,0.592341423034668
00713,0.6370669007301331,75.22938537597656,4.992625417674131,4.734375,0.8227847814559937,0.24501459300518036,0.6088259220123291
00714,0.6026660799980164,74.26216888427734,5.143539957704013,4.80078125,0.8074582815170288,0.2144734263420105,0.664924144744873
00715,0.6980857253074646,79.05471801757812,3.960222376782306,4.921875,0.7941009998321533,0.2506948411464691,0.5938820242881775
00716,0.637678861618042,75.89178466796875,5.285003345006767,4.8359375,0.8359254598617554,0.20625101029872894,0.6282845735549927
00717,0.5665166974067688,74.8578109741211,4.901208693135334,4.73828125,0.7834393978118896,0.26779279112815857,0.6122094988822937
00718,0.634975016117096,78.52362060546875,5.036827026134468,4.86328125,0.759880781173706,0.2494877725839615,0.5720271468162537
00719,0.6388829350471497,76.27534484863281,5.172743063320441,4.65234375,0.8278255462646484,0.23302589356899261,0.568993091583252
00720,0.6274150609970093,75.65794372558594,5.251926278139913,4.703125,0.8323405981063843,0.2657681405544281,0.6261634826660156
00721,0.6424608826637268,75.96575927734375,5.571193073928748,4.71484375,0.8316275477409363,0.22875869274139404,0.6330439448356628
00722,0.6322631239891052,75.75056457519531,5.271638624829227,4.93359375,0.8238639235496521,0.21567025780677795,0.6215943098068237
00723,0.6622644662857056,76.39771270751953,5.217258294326745,4.921875,0.8226749300956726,0.2338518649339676,0.6420692801475525
00724,0.624513566493988,75.51119995117188,5.316974687472346,4.86328125,0.8248704671859741,0.2194930613040924,0.6018191576004028
00725,0.7455877661705017,76.56012725830078,3.835063627717457,4.85546875,0.7606479525566101,0.24695566296577454,0.5561555027961731
00726,0.7386453747749329,76.76390838623047,3.7968843367733247,4.89453125,0.7470740675926208,0.2506750822067261,0.550604522228241
00727,0.6778644919395447,77.19940185546875,3.4873936073737237,4.87890625,0.7185841798782349,0.2726183235645294,0.5840776562690735
00728,0.7243813276290894,75.53892517089844,2.9934553006173643,4.91015625,0.7859238982200623,0.31786513328552246,0.6887224912643433
00729,0.6198358535766602,77.7535400390625,4.525493886089244,4.5234375,0.7124338746070862,0.16390836238861084,0.5812186598777771
00730,0.7543235421180725,76.48257446289062,3.332383542333313,4.94140625,0.7991755604743958,0.23374538123607635,0.5898656845092773
00731,0.594361424446106,76.74593353271484,3.923912082604687,4.9375,0.7706231474876404,0.29322847723960876,0.6381301879882812
00732,0.6088199615478516,76.48969268798828,3.2541838839943535,4.94140625,0.644997775554657,0.2338942438364029,0.6374943852424622
00733,0.7453773617744446,77.04827880859375,4.300485227240779,4.8125,0.6835634708404541,0.2946014702320099,0.47314807772636414
00734,0.754521369934082,77.36620330810547,3.9542807715493704,4.84765625,0.7464986443519592,0.2932637631893158,0.6588742136955261
00735,0.5436188578605652,69.74957275390625,6.016005324868964,4.87890625,0.4815126359462738,0.21489280462265015,0.033449437469244
00736,0.7317559123039246,76.51414489746094,4.256603642013171,4.91796875,0.7543049454689026,0.27777016162872314,0.5910585522651672
00737,0.5633910894393921,76.34172821044922,4.095928182392755,4.94921875,0.7416447997093201,0.3187233805656433,0.6077266931533813
00738,0.7497273087501526,76.6038818359375,3.0051773390676955,4.70703125,0.7292369604110718,0.26075196266174316,0.6072778701782227
00739,0.7647966146469116,76.28874969482422,4.022085270812885,4.671875,0.6946269869804382,0.25791776180267334,0.5977325439453125
00740,0.762819230556488,79.40608215332031,3.765538738956938,4.8359375,0.6906535625457764,0.2931271195411682,0.6382579207420349
00741,0.743117094039917,76.3790512084961,3.011174062053574,4.86328125,0.8146156668663025,0.20834390819072723,0.6400569677352905
00742,0.6217302680015564,75.07425689697266,3.7000108421121642,4.7734375,0.7969228625297546,0.25018420815467834,0.683538556098938
00743,0.740051805973053,77.16898345947266,3.7970202576718886,4.875,0.8142725825309753,0.2154369056224823,0.6336874961853027
00744,0.710990846157074,76.15106964111328,3.2178925007718355,4.859375,0.705449104309082,0.2286238819360733,0.5707718133926392
00745,0.7406553030014038,76.83961486816406,4.066121191328421,4.90234375,0.7521968483924866,0.19068145751953125,0.566325843334198
00746,0.7529112100601196,76.68161010742188,5.01273849819118,4.734375,0.7719889283180237,0.1777491718530655,0.567618727684021
00747,0.7705602645874023,77.19182586669922,4.523148714558149,4.89453125,0.8289265036582947,0.1911451369524002,0.6264055371284485
00748,0.7757723927497864,77.0754165649414,3.912746231816319,4.890625,0.8177106976509094,0.18672651052474976,0.6657261848449707
00749,0.7920547723770142,77.10147857666016,4.0592026532556105,4.9375,0.8263531923294067,0.20959250628948212,0.6395979523658752
