sample_id,canny_edge_density,canny_f1,canny_f1_strict,canny_precision,canny_recall,canny_tol_px,maniqa,musiq,niqe,qalign
00022,0.2205371856689453,0.7480191549876972,0.24927482152160751,0.6562594594594594,0.8696100117011886,4,0.4695352017879486,77.07050323486328,2.222065551666847,4.61328125
00027,0.049051523208618164,0.6631755074759715,0.2021587884442205,0.5262495321697118,0.8964158330600197,4,0.4787871837615967,74.53389739990234,4.188878134933794,4.77734375
00057,0.0035402774810791016,0.5912492971577195,0.14502709539668357,0.7287359418142636,0.4974063481381786,4,0.2823934257030487,57.86838150024414,4.924461570541122,4.5234375
00064,0.04315495491027832,0.6607284082361647,0.21468361825604934,0.704068948371592,0.6224143026004728,4,0.311666339635849,73.787353515625,3.1193879600677517,4.90234375
00072,0.0936136245727539,0.6880693803040371,0.21510902216105743,0.5881867544136673,0.8288139951557782,4,0.538291335105896,76.06320190429688,2.0726368401569646,4.921875
00078,0.1836411952972412,0.8448679997320004,0.2817811870886715,0.7625735640645144,0.9470730099243528,4,0.5102829337120056,75.84558868408203,2.6529049774111435,4.84375
00080,0.15668106079101562,0.545786313830581,0.1806745051516235,0.38511765636793027,0.9364797663848297,4,0.3744959235191345,69.42094421386719,3.6645115732962523,4.19921875
00101,0.15772581100463867,0.6376315230950372,0.19071566396414324,0.48820043836444715,0.9188906427068156,4,0.3257048726081848,72.57738494873047,4.601335104755186,4.1015625
00106,0.09382081031799316,0.7968842182859834,0.19856454422450692,0.7813439454350937,0.8130552013016997,4,0.4769701063632965,75.7850570678711,2.414972542570923,4.5703125
00115,0.06800103187561035,0.6836621655529088,0.20451785771425973,0.5954974633349345,0.8024695359087374,4,0.34562739729881287,69.22740173339844,2.6682261783392955,4.90234375
00155,0.1756439208984375,0.7765157109501708,0.25027709395526826,0.6546197658761185,0.954195237855144,4,0.46178382635116577,76.23131561279297,1.9861354652660088,4.83984375
00160,0.10780763626098633,0.571542906116113,0.1790721873086733,0.41336597534599206,0.9258093004401204,4,0.3188645839691162,71.24217987060547,4.556688152050906,3.896484375
00166,0.06832265853881836,0.6550989014014666,0.20238065378399975,0.5378167682139542,0.8377982326951399,4,0.4482121169567108,72.51181030273438,2.8262545236704764,4.59765625
00169,0.09169316291809082,0.7018630822317549,0.21910033817611607,0.5584221077565921,0.9444667005393574,4,0.48729050159454346,69.76417541503906,4.297461890149587,2.828125
00174,0.0512697696685791,0.48613585854271724,0.14137854638812505,0.3438321064355169,0.8294074390359617,4,0.3320987820625305,68.3426284790039,3.2722806778881224,3.83203125
00176,0.054573774337768555,0.48816126845401686,0.1566022270291384,0.3311591575323614,0.9282373440939105,4,0.4386846423149109,75.80516052246094,5.176066735113561,4.8515625
00181,0.272890567779541,0.8621117328547202,0.30376308670383956,0.7631012435937535,0.9906455272354674,4,0.408012330532074,72.81657409667969,4.288709803554631,4.37890625
00199,0.07996010780334473,0.7041663518719481,0.2140213899930953,0.6782367306046628,0.7321574109173616,4,0.26321086287498474,66.77758026123047,3.531337588071529,4.6953125
00206,0.23995018005371094,0.6107520239281228,0.21125188165574513,0.4482226179025937,0.9582057244404114,4,0.43169865012168884,68.8111801147461,4.7680128384385485,3.447265625
00210,0.1465756893157959,0.8300315773791521,0.2637226613139297,0.7521125340160675,0.9259614066747379,4,0.5438762307167053,74.32679748535156,2.1297236344534256,4.953125
00214,0.07915568351745605,0.6347355266377047,0.19118848557623838,0.49380276684246827,0.8882425624373239,4,0.5417295694351196,72.44303131103516,2.6156018179270726,4.921875
00228,0.19866013526916504,0.8813353467067421,0.3100884656929237,0.798292450803549,0.983661365577972,4,0.45071694254875183,75.20337677001953,3.447458723786238,4.62890625
00230,0.08773517608642578,0.7363300912749053,0.21614847010594423,0.6320151744078611,0.8818866096969258,4,0.5400518774986267,73.83710479736328,2.1939329451172163,4.8828125
00237,0.09829998016357422,0.6974330712825259,0.220960059526432,0.5746131457676449,0.887030156910794,4,0.5823362469673157,73.5390853881836,2.953796270330139,4.5546875
00243,0.11077642440795898,0.47045226096659654,0.14789856082787253,0.3177668252157631,0.905578283945157,4,0.4317255914211273,74.96703338623047,3.717753569585404,3.3515625
00245,0.07386112213134766,0.5243025246998003,0.17279935121517742,0.3679453575901561,0.9117459698387935,4,0.44758662581443787,75.95259094238281,3.246423701604816,4.75
00260,0.11199593544006348,0.5313892136027826,0.1725955958203287,0.3667287570916135,0.964405130723893,4,0.3698299527168274,73.32180786132812,4.936656357719493,3.755859375
00264,0.10626792907714844,0.3094023673589386,0.10169004694968865,0.1860001794848784,0.9193409306100365,4,0.3928666412830353,72.17057800292969,3.9316993711859882,4.015625
00294,0.10850644111633301,0.728208235785499,0.2538112445876876,0.5762641477096696,0.9889711523707228,4,0.3837128281593323,70.08830261230469,3.5441214820140305,4.63671875
00315,0.13720250129699707,0.8144551222670321,0.2590888505398463,0.7273667217521709,0.9252344373503592,4,0.41050201654434204,75.33558654785156,2.6352840684231733,4.53515625
00324,0.01740550994873047,0.6239555101183158,0.1413130630276542,0.599953427209468,0.6499581091807037,4,0.4102579951286316,75.44245147705078,4.311055575433006,4.75390625
00330,0.092498779296875,0.6913956379533295,0.2097304734482633,0.6705681911910261,0.7135583327891334,4,0.40519922971725464,73.43685913085938,2.020842328163064,4.734375
00391,0.091156005859375,0.6447528808254332,0.1871878121878122,0.5049537579511215,0.8915959400436768,4,0.3676198124885559,68.42955017089844,2.9638201467146787,3.833984375
00395,0.07013869285583496,0.6544603910920229,0.20990645106911712,0.5109540660065334,0.9100592019711177,4,0.37287449836730957,68.38825988769531,3.2975750990400186,4.296875
00399,0.055418968200683594,0.7251083283895847,0.21710955416692967,0.7472595549895888,0.7042325630948435,4,0.32537078857421875,70.95445251464844,3.2798231112369325,4.546875
00405,0.1507856845855713,0.8478111717970825,0.2707214763241691,0.7791335476352735,0.92976651215401,4,0.37443777918815613,72.41405487060547,2.637606348164923,4.5859375
00423,0.25054097175598145,0.5616914332524886,0.17748154993948648,0.3980168340716281,0.954000656742557,4,0.33735886216163635,72.25293731689453,3.966854064008499,4.7421875
00432,0.047797441482543945,0.6804353226565517,0.1826001756015626,0.6687949241060072,0.6924881017755812,4,0.3752930760383606,74.42847442626953,3.0635315254601254,4.953125
00434,0.10414695739746094,0.6565183692685049,0.20911588636978953,0.5120254381627383,0.9146241467954969,4,0.5391507148742676,74.68090057373047,2.0507744359973836,4.9609375
00443,0.06483268737792969,0.6320065548833844,0.16293669817061812,0.5470639286870054,0.748175829607978,4,0.37234267592430115,71.95203399658203,2.7209982135145188,4.921875
00464,0.09565591812133789,0.5906806311551905,0.19088285567680807,0.4254480197402856,0.9657533596537848,4,0.3505173921585083,67.47632598876953,3.518000549391776,3.84765625
00471,0.0829463005065918,0.5308486641333736,0.16460072744518345,0.3721737730740266,0.9253816619435049,4,0.4146512746810913,71.14118957519531,3.5929278484016507,3.982421875
00476,0.052805185317993164,0.6667989187340878,0.19556474035309795,0.565515777877109,0.8122766026016641,4,0.4460628926753998,74.43260192871094,2.5788556041010415,4.95703125
00500,0.19234585762023926,0.83556308282715,0.26130307248534695,0.7630414114783014,0.9233178967194529,4,0.3723702132701874,71.49771118164062,3.1317177572685777,4.38671875
00510,0.15403199195861816,0.38389869627417655,0.12420144670266466,0.2392497875574446,0.9708967046894803,4,0.36731088161468506,69.1579360961914,4.391196668007504,4.17578125
00511,0.28772616386413574,0.8696750848010809,0.30150842210529777,0.7810717668301002,0.9809524985186648,4,0.42228808999061584,74.30170440673828,3.4828179754484916,4.26953125
00536,0.03032970428466797,0.6660603429544817,0.19455803467309338,0.5314357136119234,0.8920321727362205,4,0.3413172662258148,64.26630401611328,3.459197635953964,4.08203125
00548,0.021747350692749023,0.5386370010050198,0.10961100511468246,0.807060242284712,0.4042019381775003,4,0.3877195417881012,72.18354034423828,3.8119621020378927,4.93359375
00564,0.07920360565185547,0.2833440394354789,0.091270474491951,0.167966069041914,0.9049991483563277,4,0.29119884967803955,71.0641860961914,4.277332816165643,4.140625
00569,0.04673624038696289,0.4450338212809655,0.13769855521741048,0.3096681052513442,0.7906534203242388,4,0.27095144987106323,72.29859161376953,2.4516819310214117,4.9140625
00577,0.10505175590515137,0.7816097454055164,0.2195991799962727,0.7240155326937785,0.8491589017495329,4,0.470768541097641,71.362548828125,1.707302598656807,4.52734375
00587,0.10131454467773438,0.8437087727717468,0.22766067702613663,0.8221036183591249,0.8664801572727862,4,0.3415147662162781,72.41439819335938,3.116318158728821,4.265625
00606,0.08709073066711426,0.5191277704902212,0.15410714914346735,0.3668806548311592,0.887363350169515,4,0.32107895612716675,69.44263458251953,2.9875527250967537,3.57421875
00635,0.04693722724914551,0.5579494361457795,0.16041118871134696,0.47706850748467255,0.6718537354057732,4,0.398237943649292,74.82357788085938,3.056683927594998,4.953125
00641,0.07718491554260254,0.7720364824153322,0.2378874923877235,0.6734973141778666,0.904351909830933,4,0.49858716130256653,73.16051483154297,2.184341830040024,4.79296875
00645,0.05045199394226074,0.6646946653950925,0.18809787303267553,0.5582696551691547,0.8212532023911187,4,0.38133445382118225,71.3525161743164,3.8742896151342996,4.09375
00651,0.32707905769348145,0.8957870013060792,0.30753266787055433,0.8171910000153075,0.9911102521167272,4,0.49566394090652466,77.08737182617188,3.952193866623832,4.57421875
00656,0.04131722450256348,0.46409177838656535,0.14079918314977716,0.35192761559634617,0.6811993699369937,4,0.4208690822124481,74.73590850830078,3.4921594370249593,4.89453125
00658,0.26306676864624023,0.8642977653763908,0.3046812732404418,0.7688126143076468,0.9868645804864717,4,0.4000648856163025,71.04784393310547,3.01352855745868,3.41796875
00666,0.15355443954467773,0.7205028899900836,0.21063005088984485,0.6119688721753145,0.8758339577944838,4,0.43356120586395264,70.78518676757812,2.1394580865804174,4.91015625
00687,0.14179778099060059,0.8151374293324849,0.2548856010815522,0.727547865212369,0.9267033423167621,4,0.44073596596717834,74.15223693847656,1.687581020535095,4.33203125
00690,0.05898094177246094,0.664809582147003,0.16857295789725749,0.5600119652038935,0.817859371100574,4,0.3163455128669739,61.879112243652344,3.616186651656909,4.23828125
00694,0.14913368225097656,0.6495031164425756,0.21266532070442196,0.4964844799140544,0.9388654597819379,4,0.4112166166305542,71.28225708007812,2.26411195320931,4.87890625
00699,0.1515665054321289,0.5438966915374047,0.17034355823017255,0.3784048222791309,0.9666538741739085,4,0.3688736855983734,74.39991760253906,4.6088557213986565,4.44140625
00708,0.0158843994140625,0.5968395159510052,0.15424014522821577,0.6635146493756003,0.5423408701243034,4,0.24762634932994843,66.3976058959961,3.7758189487444014,4.60546875
00711,0.12936830520629883,0.585484776780331,0.18872904621322034,0.4244761430861945,0.9432826099007705,4,0.4112562835216522,73.35104370117188,3.129039163915121,4.25
00728,0.09295892715454102,0.6572469312843349,0.21149054143178161,0.5016491492646795,0.9527700079917799,4,0.4491564631462097,73.57256317138672,4.456061724168208,3.6015625
00732,0.06985998153686523,0.8443907264976731,0.27127754287801004,0.7702225832212796,0.934364856091755,4,0.5113281011581421,74.93851470947266,2.4283286216851425,4.90234375
00734,0.08220958709716797,0.5927943750733794,0.19663464808530898,0.43085797478046006,0.9497571341833637,4,0.36455634236335754,72.74874877929688,3.8440973715622655,3.90234375
00737,0.08428478240966797,0.7386147919787999,0.23842522036091293,0.6051239547856391,0.9476720088422216,4,0.3455466330051422,73.54464721679688,2.9831665365657734,4.39453125
00741,0.20883679389953613,0.8436891105098466,0.28747642812327734,0.7771704198418814,0.9226604162254779,4,0.4997664988040924,76.70193481445312,2.1420345753681236,4.203125
00780,0.04061412811279297,0.8614805943163464,0.2672346426422111,0.9221476037288374,0.8083032701035727,4,0.42573273181915283,71.97396850585938,3.254748793958019,4.70703125
00784,0.027490615844726562,0.5454777488637569,0.1367851311306872,0.576042461666551,0.5179931238279252,4,0.36190611124038696,70.39234161376953,2.9407210592499315,4.47265625
00786,0.041944265365600586,0.5790292711501509,0.1852651926098742,0.43242367572913765,0.8760326341692055,4,0.5012717843055725,70.1661148071289,3.115182471131286,4.6328125
00791,0.04356861114501953,0.6447858597225234,0.17845622945615777,0.5386012914523367,0.8031199492034172,4,0.3365432024002075,69.36272430419922,3.792978491983715,4.85546875
00867,0.1132354736328125,0.5895016157471109,0.17043921728043757,0.4540598470556529,0.8400936157151627,4,0.3611566722393036,66.81143188476562,3.5608435064079993,3.619140625
00872,0.13300514221191406,0.19449205888842752,0.06539348186804139,0.10800123327549367,0.9765218098958334,4,0.4618886411190033,75.05936431884766,3.645604204911384,4.51171875
00880,0.07146906852722168,0.7395238035301314,0.23679123889769915,0.6045209048481633,0.9521628414577684,4,0.33770403265953064,72.58854675292969,3.472082337872655,4.21484375
00884,0.06174302101135254,0.49298944211212614,0.15708346572867804,0.34605300248292264,0.8567869703567241,4,0.5034677386283875,74.93649291992188,3.218384297262085,4.8828125
00885,0.04069399833679199,0.6996326145355011,0.21663633233312019,0.6824112536104943,0.7177456765382617,4,0.28730249404907227,73.07125854492188,2.857929894591652,4.88671875
00886,0.1604595184326172,0.606155819629043,0.1888555898886862,0.4439359539743483,0.9551969986846826,4,0.36598867177963257,75.34294128417969,3.377069281766859,4.375
00896,0.0029990673065185547,0.3137365704282012,0.06702833312036058,0.4870816440098577,0.23138876795820634,4,0.25012511014938354,68.72207641601562,4.741561019319188,4.55859375
00921,0.04805445671081543,0.5459148948642905,0.17729176219788095,0.4111483217980204,0.8121085921843687,4,0.3758363723754883,62.11143112182617,2.5720269880783126,4.7109375
00929,0.08835864067077637,0.5645615359790418,0.17521466579813377,0.4207170476223884,0.8578700007258474,4,0.3950510621070862,72.40929412841797,2.728979931538594,4.90234375
00931,0.06575584411621094,0.5980458581409415,0.1740768963800154,0.4682306018854242,0.8274547112844383,4,0.3051762282848358,70.42810821533203,4.634014313979629,4.0703125
00933,0.11438465118408203,0.8184052681610595,0.2295666921054863,0.7737345861715343,0.8685500102925368,4,0.43452438712120056,76.98702239990234,2.436269344584319,4.7578125
00948,0.027003765106201172,0.6656608489921633,0.20358126539805416,0.7069273013014074,0.6289464798244133,4,0.2963212728500366,71.31401062011719,3.0417055747971826,4.70703125
00952,0.18501996994018555,0.8369169475323647,0.2938362696752157,0.7234527015708155,0.9925922714028028,4,0.4459376335144043,75.02509307861328,3.5005868447854946,4.48046875
00997,0.16685891151428223,0.6077177672869252,0.1943327845992428,0.44237322767365334,0.9704340446168768,4,0.41890716552734375,76.41275787353516,3.170384460018698,4.48828125
01001,0.06336164474487305,0.6775797212974175,0.22537159417744307,0.5236681492184619,0.9596230075061145,4,0.4278067648410797,66.88763427734375,2.9889890765279805,3.298828125
01014,0.04260087013244629,0.6036169349772889,0.15548294009661204,0.5519221405745435,0.6659962782708274,4,0.31157386302948,65.979736328125,2.4739071952854554,3.916015625
01018,0.07644152641296387,0.5227805222592,0.16395676283237007,0.3676918710369629,0.9041356407427836,4,0.4473271369934082,75.61021423339844,3.257383365576307,4.75
01027,0.2335965633392334,0.5882710540850677,0.19260041051718998,0.42092521242121916,0.9764915720961281,4,0.43218499422073364,69.65715026855469,3.5696296951741266,3.177734375
01029,0.04749560356140137,0.6367311742095036,0.188674950705996,0.4930049043476515,0.8987426101755643,4,0.42302411794662476,71.77151489257812,4.927676250294201,3.19921875
01071,0.14310550689697266,0.8720094632609156,0.29396782888687667,0.7855414942321918,0.9798677707830794,4,0.4554872512817383,75.97518920898438,2.761692633372454,4.76171875
01080,0.0431063175201416,0.15320055691929382,0.05274057167592242,0.0833181232404688,0.9500355618776671,4,0.4583438038825989,74.93006134033203,4.335727022504361,3.96875
01091,0.10697698593139648,0.5133377406735236,0.15790378340314992,0.3742974053586631,0.8167277794074509,4,0.5746385455131531,76.28443908691406,3.8925695851419926,4.91796875
01093,0.11014294624328613,0.7627196412360656,0.2395228414794095,0.7128360315429689,0.8201101984385166,4,0.3928041160106659,74.69310760498047,2.464871445301898,4.953125
01118,0.23416876792907715,0.7999649395072959,0.2796061784537254,0.6750029271769288,0.9817063808007279,4,0.46295297145843506,74.86890411376953,3.843115610992438,4.09375
01119,0.0665128231048584,0.581816366330153,0.16800032001280052,0.5696997938883412,0.5944595375722543,4,0.47785860300064087,73.78363037109375,3.652665879935811,4.98046875
01136,0.16297245025634766,0.6700359563560673,0.2005574099347222,0.5262392547209007,0.9219665004955103,4,0.3218795359134674,67.86117553710938,5.058943040359266,3.701171875
01168,0.22309398651123047,0.1093151525846163,0.035233721821744265,0.05785894131175432,0.9878378378378379,4,0.4407605826854706,71.08495330810547,4.364305528079934,3.271484375
01175,0.039510250091552734,0.7365420203206671,0.2213379287138203,0.6362616010330803,0.8743467514124293,4,0.3699670732021332,70.5143051147461,4.3105030891994005,4.27734375
01207,0.07867598533630371,0.5777068365586009,0.17926097038415081,0.44714249782569826,0.8159668331196437,4,0.4520469307899475,73.00141143798828,3.2084323723897197,4.78125
01209,0.17231345176696777,0.6050927985193179,0.2004148192539808,0.43771368482223777,0.9797392815758981,4,0.3772154152393341,72.45098114013672,4.375749658128537,3.833984375
01217,0.17387866973876953,0.8680744479038492,0.24308069346237285,0.8568147538735774,0.879634017638676,4,0.4788411855697632,74.51190948486328,1.815311830747864,4.7578125
01227,0.02079916000366211,0.31600898259616916,0.10933096672738879,0.19350512391389074,0.8612432065217391,4,0.36792898178100586,66.79679870605469,3.7628077802186994,4.8203125
01236,0.08968162536621094,0.7339825313095271,0.22002880623570278,0.6444814862077033,0.8523510336441021,4,0.5313582420349121,73.72747802734375,2.289453578530523,4.8984375
01248,0.023743867874145508,0.5444338664351855,0.15805126329812044,0.5015614174256193,0.5953206650831354,4,0.3941766321659088,74.90444946289062,3.945439360031791,4.95703125
01250,0.23493289947509766,0.7205652015675538,0.2410544987461007,0.5762609348677667,0.9612852568050253,4,0.3478321135044098,67.26477813720703,3.093000786148978,3.728515625
01262,0.2599003314971924,0.8832083968016974,0.2907131940929816,0.8219348482388329,0.9543534815005139,4,0.39745888113975525,69.11487579345703,3.140476552920746,4.71875
01273,0.1583867073059082,0.764669435386556,0.23893922720922792,0.6590764719518547,0.9105522132614163,4,0.43230006098747253,74.0623779296875,1.9743392438571343,4.93359375
01274,0.047666072845458984,0.803182072284399,0.22646774000981662,0.7276292228124406,0.8962427883091358,4,0.44143399596214294,74.06126403808594,3.4874087775007583,4.94921875
01311,0.04178500175476074,0.6868529084204311,0.1811233583256166,0.6453135074375639,0.7341080955410895,4,0.43881410360336304,72.97158813476562,2.995956614877224,3.583984375
01318,0.1834397315979004,0.861857534141269,0.2915611030524847,0.7863691542262692,0.9533781256678777,4,0.5150926113128662,75.14691925048828,2.1009686033294472,4.48046875
01324,0.20631790161132812,0.6105517483470919,0.20083161657779933,0.4473132569104188,0.9613944082996307,4,0.34743890166282654,64.85194396972656,3.6991691182064494,2.890625
01327,0.22423720359802246,0.6995740185880154,0.21652495769494068,0.5561992899664973,0.942537360543593,4,0.3936956524848938,69.62667846679688,2.6201913716483993,3.59375
01329,0.11900973320007324,0.7518928748148801,0.24062708132668764,0.6335124999248742,0.9246822546107619,4,0.5016018748283386,76.11737823486328,1.9639280474212786,4.8046875
01340,0.16680574417114258,0.8705105931526796,0.29160896763307675,0.8174531254913283,0.9309336046807428,4,0.4871338903903961,72.36165618896484,1.8846632553811749,4.94921875
01381,0.1964731216430664,0.7457980043765209,0.2484917990219414,0.614644665246072,0.948105457080263,4,0.4007028639316559,73.51643371582031,3.3134485094849078,4.11328125
01384,0.1611330509185791,0.7606421993975274,0.24005998875971263,0.6490890608885818,0.9184958815282159,4,0.37917011976242065,71.70094299316406,1.7881533732035297,4.1328125
01386,0.1629326343536377,0.7647313545384495,0.25257676953058483,0.6511825622010304,0.9262433849163553,4,0.5098850131034851,75.90762329101562,2.7896909656621074,4.83203125
01387,0.21445107460021973,0.7393350160225529,0.2467950423747561,0.5951940747526607,0.9756008508265865,4,0.4366403818130493,70.75366973876953,2.609624129997668,3.93359375
01391,0.054203033447265625,0.8368671954179142,0.27992039219213816,0.874947216552889,0.8019636140424198,4,0.44132372736930847,75.13384246826172,3.0243718526185206,4.9296875
01401,0.08731365203857422,0.7739861588677476,0.2593396774616822,0.6430287805144449,0.9719257388155589,4,0.37579646706581116,69.38868713378906,3.7768279663176485,4.26171875
01408,0.2931056022644043,0.933230695615763,0.3304958715387072,0.884612005785058,0.9875043995613976,4,0.48143094778060913,76.70333099365234,2.9553951628525605,4.828125
01410,0.08263611793518066,0.6972201531670127,0.23291601770046488,0.5480595843635766,0.9579321393361814,4,0.37949344515800476,72.60005950927734,4.1198549142108885,4.09765625
01454,0.17173528671264648,0.794497001691858,0.26491848381641864,0.669357637683775,0.9771862907275574,4,0.46250173449516296,75.74523162841797,2.7907562166954794,4.75390625
01455,0.014805793762207031,0.711016321637418,0.2075461133596762,0.9026086956521739,0.586518814915716,4,0.33598199486732483,73.27568054199219,4.718331309860222,4.79296875
01463,0.019519805908203125,0.7000556258291618,0.20478974976352224,0.5905926324017979,0.8593270116707616,4,0.3296702802181244,68.16638946533203,2.821450246572063,4.04296875
01465,0.0933232307434082,0.4694903250514174,0.15037528211767587,0.3119286915023529,0.948696598276934,4,0.2947111129760742,68.98854064941406,4.658589431415162,3.0703125
01466,0.11462593078613281,0.6725494663131608,0.22573810758707077,0.5189901326189327,0.955164528391542,4,0.42921751737594604,74.49769592285156,3.5160054299370973,4.765625
01474,0.23541641235351562,0.7430899506147762,0.2556923986403271,0.5983453648339896,0.9802108994017394,4,0.4587500989437103,76.90629577636719,3.065603310727683,4.921875
01475,0.10377287864685059,0.7524262139342317,0.22099103256937852,0.6522613180779083,0.8889362334250688,4,0.4234585165977478,75.9083023071289,2.469703404886637,4.6875
01476,0.1430037021636963,0.6436366031930393,0.20663400362945306,0.4883453011915619,0.9437415902783618,4,0.43575119972229004,72.12110137939453,2.8517316667909083,3.986328125
01483,0.07120013236999512,0.7282802793180418,0.2119774415898308,0.6144725166172753,0.8938280806360023,4,0.39546164870262146,74.4936294555664,5.121570097288135,4.5234375
01490,0.3199005126953125,0.9248000104950337,0.331318536336915,0.8707578106367756,0.9859941720079393,4,0.4422086179256439,74.71942138671875,3.6725259363527716,4.78515625
01515,0.14408540725708008,0.33788205753681777,0.11374299088782526,0.2053701736445499,0.9524090815697555,4,0.33900830149650574,71.96142578125,4.656222972602751,3.927734375
01518,0.13962721824645996,0.7974132988850732,0.27239541770588865,0.6672472290950568,0.9906730200945626,4,0.3625304102897644,72.54972839355469,3.8094740787750045,3.900390625
01525,0.05451393127441406,0.7172005000157111,0.219871942471528,0.6207882859242154,0.8490655714183227,4,0.3503478765487671,72.2603988647461,2.7277645335638527,4.89453125
01532,0.12068033218383789,0.7455020434240058,0.2211420204062816,0.750777406800087,0.7403002978160159,4,0.4761596918106079,76.9262466430664,1.7519834266639893,4.8359375
01535,0.08977007865905762,0.7964498185706762,0.22797728728134858,0.7248747088491274,0.8837083799229718,4,0.33601444959640503,73.10054779052734,4.136022456885745,4.5390625
01537,0.18297672271728516,0.5619557147049903,0.18538346394294267,0.3958707945690981,0.968126765153161,4,0.5146313309669495,76.38090515136719,3.121021999694471,4.87890625
01539,0.08951401710510254,0.7929309197963658,0.25118433142926605,0.7846445189626288,0.8013942092004003,4,0.4243856966495514,76.49176788330078,3.5255839534843094,4.9765625
01546,0.01647782325744629,0.7845535339808576,0.2314180898165718,0.7467046720588022,0.8264442231075697,4,0.4551648795604706,70.81346130371094,4.689545132237823,4.875
01548,0.07846808433532715,0.24858624938065527,0.0752469919065061,0.1474907252391992,0.7902577279146399,4,0.44620540738105774,72.61668395996094,3.5280389821340234,4.44921875
01552,0.2559957504272461,0.8933454509615498,0.2842871516162598,0.8412366678960329,0.9523360723824615,4,0.3726809620857239,73.27314758300781,2.722008997341951,4.25
01554,0.08863663673400879,0.6702957397737621,0.17516255396367308,0.7843123014560117,0.5852213102466082,4,0.3894794285297394,74.71983337402344,2.1005467161775897,4.87109375
01561,0.0926969051361084,0.8127733286603407,0.2507703478181302,0.7501279581480405,0.8868355481727574,4,0.5006139278411865,72.83345794677734,2.8763006923923244,4.76171875
01578,0.2795066833496094,0.8702733744970813,0.2829675585796182,0.7848202221888605,0.9766089548002554,4,0.44966915249824524,74.64006042480469,3.7806153244679535,4.7109375
01582,0.29729175567626953,0.8976060787763751,0.299429447581418,0.8227104605543847,0.9875036822795319,4,0.35028237104415894,75.8618392944336,5.29636910080408,4.2734375
01588,0.09432840347290039,0.8446134256886565,0.2792003468748562,0.7819240626627102,0.9182309495460634,4,0.40544939041137695,75.73320770263672,2.585963111317597,4.94921875
01594,0.0744476318359375,0.8628563415051266,0.2771241866352795,0.8642075732732117,0.8615093285775879,4,0.36140695214271545,73.54701232910156,3.051978290999277,4.65234375
01596,0.23738884925842285,0.7198468867798694,0.24073182761166637,0.5787887887787354,0.951816531222269,4,0.5181135535240173,75.59178161621094,2.16701660442583,4.66796875
01628,0.23748517036437988,0.8995638143615238,0.2788378904972407,0.8541670640557784,0.9500568569106543,4,0.4220094382762909,74.74620819091797,2.495373020294202,4.828125
01650,0.11835169792175293,0.7373254200308722,0.24259433667581753,0.5875045074264257,0.9897149740885535,4,0.5011383295059204,75.18863677978516,3.862454529159658,4.703125
01666,0.14930319786071777,0.47855046649006483,0.15587893999041158,0.3248555227131549,0.9082684979358526,4,0.47226423025131226,75.12077331542969,3.0408008555184223,4.53515625
01667,0.1955394744873047,0.8805104222104573,0.31002456208052814,0.7937394531745335,0.9885813536530704,4,0.4832223355770111,76.83680725097656,2.6101993727724127,4.78515625
01669,0.2347431182861328,0.7937556915219401,0.25381842422045897,0.6773876073549845,0.9583984985924304,4,0.34376391768455505,71.5597915649414,3.4809995979217403,4.62109375
01677,0.126084566116333,0.6722702844618861,0.22476271151966326,0.5114903079776945,0.9804665102945009,4,0.4955768585205078,76.17573547363281,2.1627994213770823,4.828125
01738,0.07872414588928223,0.4972397508131762,0.15005013175764875,0.36654320352036535,0.7727896341463415,4,0.44186270236968994,74.60050201416016,2.843144237854964,4.9453125
01746,0.08286404609680176,0.6842501950639408,0.17424906718275254,0.86068759944412,0.5678444311313939,4,0.3805553913116455,77.41340637207031,2.300605986854183,4.91015625
01751,0.22295618057250977,0.7609879862645199,0.25371359791531073,0.6293487861788427,0.9622616859997702,4,0.3933575451374054,68.68070983886719,3.6202770421932797,2.6953125
01755,0.1731252670288086,0.8188452669185893,0.2659754852170849,0.7254634092599224,0.9398190431127446,4,0.5463564991950989,76.16251373291016,1.7956000951484903,4.8828125
01758,0.14710474014282227,0.7757514635214601,0.22889313098797934,0.7248274721962004,0.8343716694118787,4,0.5565873980522156,74.84864807128906,1.8198973019652944,4.9453125
01768,0.29601097106933594,0.9770643599140658,0.36294886791798436,0.9643319694577789,0.9901374688202317,4,0.48753583431243896,74.86422729492188,4.155493218415563,4.92578125
01771,0.14462018013000488,0.5420995058825911,0.171656659891304,0.3794645727446128,0.9487058953655569,4,0.4999082684516907,74.30856323242188,3.9121230150819906,4.36328125
01776,0.015277624130249023,0.6251405328461602,0.1495377895420166,0.6000873921253452,0.6523767082590612,4,0.4286585748195648,72.40644073486328,4.432138900342827,4.6015625
01791,0.12166213989257812,0.8353551738895236,0.27706252481749594,0.7549795409651021,0.9348835045407176,4,0.4854583740234375,74.32036590576172,2.381097993363648,4.875
01792,0.14050698280334473,0.7467409176300748,0.22878788011979934,0.6259050547317373,0.9253958120531154,4,0.3873364329338074,75.08538055419922,2.4545497865519628,4.515625
01802,0.042226552963256836,0.6247220556828857,0.14982059514694668,0.7458994641778319,0.5374146875323154,4,0.3957642614841461,75.04145812988281,2.6933919969675877,4.828125
01810,0.23727774620056152,0.8367329037172674,0.287012495667657,0.7464899544319569,0.9517951354734865,4,0.43771231174468994,72.6541519165039,2.510748965951745,4.4375
01832,0.0165555477142334,0.726444830915094,0.19429701799197524,0.7274298304987111,0.7254624952645536,4,0.35643619298934937,70.91470336914062,3.5540660555757513,4.87890625
01835,0.19819903373718262,0.7964658514209829,0.25892542538560337,0.6830088042083129,0.955125117410467,4,0.4475487172603607,77.07254791259766,3.437401738583758,4.8828125
01843,0.10375475883483887,0.8602325427045009,0.2490821807249677,0.8218641064941093,0.9023588475364199,4,0.48806777596473694,77.89832305908203,2.7135474746487107,4.84765625
01848,0.10375094413757324,0.581464204532566,0.17820385886403253,0.42046083881212326,0.942285162434298,4,0.4542202949523926,74.00890350341797,2.4846746134876807,4.19921875
01851,0.08499264717102051,0.6258386984956077,0.201253378383778,0.472920319228018,0.9249063837375179,4,0.30545514822006226,69.94869995117188,3.226628593563484,4.109375
01853,0.0397648811340332,0.6908322595878666,0.16028462616392258,0.7510102766419244,0.6395828569250706,4,0.4340818226337433,74.37943267822266,2.8134732307334653,4.9375
01873,0.020392656326293945,0.7858293971563753,0.21811916504130752,0.705458711842213,0.8868674022198731,4,0.4701679050922394,72.85328674316406,4.16143150106417,4.37890625
01909,0.030762672424316406,0.47666675453349155,0.12365962907664022,0.40739994419815856,0.5743122745162348,4,0.22383394837379456,63.351558685302734,4.1449439274647295,4.27734375
01915,0.12334656715393066,0.5347094775477157,0.17556449071490135,0.37690513053949626,0.9198266760513814,4,0.45067474246025085,74.79561614990234,2.7211573708725236,4.51171875
01940,0.15872502326965332,0.7114352285278394,0.23167598622745508,0.5749247830612806,0.9329570439405376,4,0.39883479475975037,68.96745300292969,2.7615083443564696,4.2421875
01944,0.07096219062805176,0.6543723069469972,0.1854838341244569,0.5405006769991634,0.8290309282944873,4,0.3903796970844269,74.96793365478516,3.4762074935509943,4.30078125
01946,0.0884237289428711,0.5798979502151026,0.1846154319203498,0.4446472675503403,0.8333965260687919,4,0.37004128098487854,73.23673248291016,3.1159539909079794,4.94140625
01956,0.03713512420654297,0.8608079146175794,0.2563981645348283,0.8391522637972213,0.8836108905889145,4,0.3137975335121155,71.79215240478516,3.334645357340583,4.94140625
01958,0.033492088317871094,0.6100463945352644,0.17008847743654562,0.523363421509724,0.7311432637571158,4,0.4251280426979065,73.0016098022461,2.611454111615276,4.9765625
01960,0.03060173988342285,0.7692942137208607,0.2279433766121594,0.7512485099686023,0.7882282049187025,4,0.3563137650489807,71.30419158935547,3.920879614826355,4.953125
01967,0.02586221694946289,0.6130421370626233,0.1926428892771576,0.45486476021903866,0.9398824496904025,4,0.37568455934524536,69.44664764404297,4.513036097819538,3.712890625
01998,0.102447509765625,0.6781768295377046,0.20673857114585395,0.5404262548406316,0.910173080172341,4,0.3103412091732025,67.47543334960938,3.6234416472549866,4.50390625
01999,0.06377887725830078,0.6090924136612516,0.1968760540013309,0.4475454939665356,0.9531395946198393,4,0.3523564338684082,65.31757354736328,5.153341339763427,3.4375
02042,0.0551455020904541,0.7539964956916793,0.20832827613866037,0.6815436430217426,0.8436862396204033,4,0.4175213873386383,75.2420654296875,2.5012632136838695,4.2421875
02043,0.06139707565307617,0.7589917809489785,0.22060305331892419,0.7183808510473054,0.8044693996074819,4,0.3979246914386749,75.8377685546875,3.4371596526385146,4.24609375
02049,0.09792923927307129,0.38159112671049067,0.12494035325279597,0.24029750818634432,0.9261797410931623,4,0.32957056164741516,70.5279541015625,4.546980677337683,4.5703125
02051,0.05878162384033203,0.6200511126213764,0.19031883826059126,0.4666150201989065,0.9238334280482414,4,0.5303744077682495,69.58372497558594,2.738859814367213,4.9453125
02061,0.1287555694580078,0.7463409747337383,0.2297441214720045,0.6239185986223242,0.9285334448160535,4,0.53505939245224,75.01331329345703,1.98046266719245,4.87890625
02087,0.14914417266845703,0.840751263106135,0.29388299290704495,0.7379403282839586,0.976847032255998,4,0.4338034391403198,75.41051483154297,2.7584694864848123,4.94140625
02104,0.17380952835083008,0.6890334326672181,0.22278997438405135,0.5340475439294385,0.970756623259991,4,0.40193864703178406,72.92961120605469,3.694375148400844,4.4453125
02108,0.1796128749847412,0.8596700803273186,0.2774260704226316,0.8043700745071023,0.923135118423025,4,0.4403454065322876,72.82947540283203,1.771697493996947,4.18359375
02110,0.06444287300109863,0.6682396571009256,0.21039618877493468,0.7177914337404224,0.6250875684626163,4,0.48173418641090393,75.33274841308594,3.0849630740528573,4.98828125
02111,0.015483617782592773,0.44148349771990464,0.1056402011197633,0.4519347735706697,0.4315046806167401,4,0.36946725845336914,75.10079956054688,3.951851262950997,4.90234375
02130,0.05107736587524414,0.4655958427388951,0.15143992357726546,0.31534210256075135,0.8893538579815488,4,0.3370872735977173,64.16880798339844,3.2674934659070973,3.48828125
02147,0.2045421600341797,0.9405595169808748,0.34145408103920755,0.9078856572702095,0.9756729715675897,4,0.528171718120575,76.40135955810547,2.879516554940005,4.796875
02157,0.03956460952758789,0.6766640725224992,0.2035162916220185,0.7399334723343738,0.6233623087621697,4,0.3711230754852295,72.24354553222656,3.472727972882706,4.91796875
02176,0.011048078536987305,0.5102035198319168,0.146866557005395,0.4261421265025141,0.6355786567500563,4,0.3366895914077759,68.46419525146484,4.177228531293251,4.875
02185,0.03904438018798828,0.6665163375532407,0.17500206586908817,0.5990083290588897,0.7511732772318014,4,0.3674697279930115,72.11640930175781,2.449063731955714,4.80859375
02186,0.09256792068481445,0.7178322268320962,0.2341803687095167,0.572212291826569,0.962868689733409,4,0.38337865471839905,70.86280059814453,4.70350277336126,4.31640625
02191,0.22882080078125,0.9193187330990296,0.32127536414919594,0.8705425613496932,0.9738851512264824,4,0.5186297297477722,76.74211883544922,3.27406682246722,4.9296875
02207,0.03532743453979492,0.754184192731712,0.2159069195771513,0.7612199171244618,0.747277335385439,4,0.44742271304130554,69.46441650390625,3.5939695809891705,4.41796875
02208,0.0048558712005615234,0.4184703731129159,0.08169564999359227,0.7700692296361762,0.2872963596138375,4,0.2647618055343628,71.19645690917969,5.06290579657112,4.79296875
02215,0.045320749282836914,0.41078394607851443,0.12812257363217558,0.28738643477528947,0.7198884609212004,4,0.47731757164001465,74.3465576171875,3.291266527942095,4.9765625
02223,0.060366153717041016,0.8392059455492857,0.24507523474837517,0.86566822278569,0.8143135106543751,4,0.3406793773174286,75.61888885498047,3.225841163638456,4.96875
02232,0.06454992294311523,0.4187975098295424,0.12860853363318295,0.2963670210015439,0.7135808035267007,4,0.3623143136501312,75.70449829101562,3.3332126440007905,4.921875
02236,0.056006669998168945,0.6510536751389552,0.19949800649190796,0.5081159087135869,0.9058886375062846,4,0.40974530577659607,74.07120513916016,3.201412970899131,4.8125
02237,0.15636992454528809,0.6356990767827165,0.20659023801932433,0.47502450969181065,0.960625727371701,4,0.4455295205116272,73.51322174072266,2.0741462752950044,4.59375
02238,0.1059720516204834,0.7584030120045301,0.24134390138631565,0.6270982431115981,0.9592566686120361,4,0.5238102078437805,75.11727142333984,2.114867782325225,4.91796875
02241,0.17240333557128906,0.7313902746078478,0.24303301919112014,0.5900538229209307,0.9617626935028651,4,0.4958919584751129,73.84423065185547,1.6372620623811933,4.7265625
02245,0.16307520866394043,0.8424007387989175,0.2774625151217949,0.7486633517888498,0.9629707700955593,4,0.47530558705329895,76.70838928222656,2.3395238468366277,4.90625
02252,0.0401456356048584,0.656991760164294,0.16005950019174867,0.7430857034261178,0.5887761309589647,4,0.5590178370475769,71.96127319335938,3.4867668308077175,4.80859375
02266,0.1262037754058838,0.7938036615950749,0.24765100128400847,0.7013754942503547,0.9142899736798815,4,0.5551744699478149,74.8024673461914,2.244771722385244,4.84765625
02269,0.07673501968383789,0.6464596522484184,0.2006197726446268,0.5067174149448501,0.8926281225856296,4,0.5698950290679932,74.21127319335938,2.534586469732764,4.93359375
02271,0.15388727188110352,0.8519518449918765,0.28445169216599453,0.7800805639476335,0.9384105683745311,4,0.4633694291114807,76.35456085205078,2.0294794384609656,4.90625
02279,0.035115718841552734,0.6722872663110766,0.1969198040801768,0.5749086810694839,0.8093809980806143,4,0.295638769865036,64.69149780273438,3.0778793746778947,4.61328125
02298,0.07051539421081543,0.7397022294769595,0.2019889944556877,0.6856029996990833,0.8030705303260174,4,0.42978692054748535,66.87730407714844,2.083366375354287,4.6875
02303,0.16473960876464844,0.8475795507819467,0.25864709083117043,0.8262075812483357,0.8700865622423742,4,0.45971575379371643,74.81187438964844,1.9410107158893544,4.609375
02304,0.10595440864562988,0.6610664827174337,0.21199980903940369,0.5281601242110238,0.8833539005032908,4,0.38872230052948,75.2520980834961,2.4361010757095585,4.84375
02309,0.021259307861328125,0.5410574406568631,0.11017298817201014,0.7738762784855554,0.41592684005009944,4,0.37428900599479675,73.1894302368164,3.5260611201888,4.6484375
02313,0.01905059814453125,0.7308603731599105,0.20441383918627962,0.7016419703644373,0.762617994100295,4,0.38712987303733826,74.85685729980469,4.150252384802318,4.9453125
02315,0.03156566619873047,0.819549190687918,0.23879917396713826,0.7516692347200822,0.9009060716833096,4,0.41118547320365906,71.03446197509766,3.579511863857729,4.34765625
02318,0.05086112022399902,0.4605513080638798,0.12940228489430983,0.3858864560041626,0.571041694485245,4,0.26651015877723694,69.94109344482422,3.141184174274677,4.11328125
02325,0.23222756385803223,0.7120678935023012,0.2265558017923329,0.5716849429126117,0.9438363380941232,4,0.39034584164619446,69.20726776123047,3.241803800546804,3.83984375
02331,0.09800934791564941,0.8029394617219462,0.2218469608672646,0.8125965442333749,0.7935092173529087,4,0.40521106123924255,73.01580047607422,2.060139988742576,4.92578125
02338,0.09719300270080566,0.7089908300924147,0.21181640050827874,0.5867383609259745,0.8955968845127589,4,0.5284054279327393,74.19071197509766,2.1989713842414034,4.94140625
02343,0.0641939640045166,0.8937630480226572,0.2740957590558512,0.8556466319280666,0.9354337331772966,4,0.42869752645492554,70.17078399658203,3.3883673105420558,4.046875
02344,0.013560295104980469,0.8927471526179218,0.2526144804803709,0.8527146775441311,0.9367236024844721,4,0.49382665753364563,74.70274353027344,5.924203967527761,4.421875
02350,0.24547719955444336,0.879185552772418,0.29921742857399763,0.801093816469601,0.9741467267880064,4,0.482456237077713,76.62451934814453,2.228699688080579,4.58203125
02353,0.047667503356933594,0.6056187472686163,0.15425665535165636,0.6412480243282717,0.5737403579435346,4,0.3852649927139282,70.796142578125,2.379740185114381,4.91796875
02356,0.08047652244567871,0.7595353150354357,0.2180098820015663,0.6778188260458667,0.8636559590087205,4,0.5115514993667603,75.90312194824219,2.2421003739529937,4.8046875
02364,0.047943115234375,0.6497569736036902,0.20110612078245055,0.5141231699554424,0.8826010575384401,4,0.5318149924278259,74.36646270751953,2.878892069881254,4.96875
02372,0.05794024467468262,0.43469217229387186,0.13207972636491166,0.3163168311942688,0.6946519924609585,4,0.3681327700614929,74.86273193359375,2.3988606150750034,4.90625
02374,0.2918722629547119,0.7721647459234998,0.2621710035234999,0.6318317008399764,0.9926337723032677,4,0.29892492294311523,71.48335266113281,5.533547707921129,4.078125
02380,0.16284894943237305,0.8364497857399587,0.2618374187479375,0.8034208931274688,0.8723107631780392,4,0.4598430097103119,73.99209594726562,2.2792730315339766,4.6015625
02385,0.05699968338012695,0.7031398417937608,0.189853536225045,0.5960121134042179,0.8572167080231596,4,0.5293486714363098,72.64649963378906,2.4437438930367743,4.9296875
02393,0.02672576904296875,0.63238224616407,0.14494312941899784,0.6817192406508706,0.5897044904827006,4,0.37177249789237976,72.00421142578125,3.38586984990682,4.75
02396,0.02646803855895996,0.7686064088195549,0.2137788205770037,0.7650407602576228,0.7722054500675299,4,0.3835613429546356,72.39533233642578,3.4002148670972288,4.50390625
02437,0.16733717918395996,0.8059876450519269,0.2692491284914585,0.7019988231321497,0.9461419995291532,4,0.387545645236969,73.43711853027344,2.4211341501906816,4.24609375
02439,0.11722064018249512,0.7509940861349119,0.23286111613244914,0.6356458439690924,0.9174869690779742,4,0.3786695897579193,70.53174591064453,2.0907030903925437,4.3125
02447,0.08992743492126465,0.6455560311915868,0.20478551473739584,0.5108607758037875,0.8767131409456288,4,0.5109264850616455,73.20177459716797,2.5701547772055346,4.40625
02456,0.0439760684967041,0.580356377283116,0.15226938631806844,0.4832230047330156,0.7263638519924098,4,0.3738216161727905,76.50591278076172,3.7854730101186,4.8671875
02459,0.14585614204406738,0.49141535686348975,0.14908881926549378,0.33407599323269555,0.92889670807779,4,0.32307636737823486,74.93156433105469,5.006136635038436,3.4375
02482,0.1265251636505127,0.5525050986191314,0.1781030143657782,0.3883678641755467,0.9569398496240602,4,0.46939337253570557,76.71672821044922,3.8819406751214722,4.828125
02492,0.07837843894958496,0.5033051089645767,0.16894342205651322,0.3436118791883021,0.9403158127208481,4,0.48777779936790466,74.45777893066406,3.8290221301805283,4.76171875
02493,0.1476292610168457,0.7084358592360069,0.2243528078838795,0.5631086462899022,0.9548685648491472,4,0.5043717622756958,75.95465087890625,2.387079967600557,4.9453125
02498,0.04059934616088867,0.5725444237212312,0.15225463028882488,0.6617044266704251,0.5045586988768807,4,0.35778936743736267,74.4666976928711,2.929161108614658,4.27734375
02512,0.06016278266906738,0.518102972022915,0.14607574347872124,0.37293186600671313,0.8483336117607752,4,0.4415876865386963,75.24893951416016,4.202762607006354,4.546875
02519,0.1923813819885254,0.6734763505997113,0.22600896998787715,0.5137289845409503,0.977407593053714,4,0.5119534730911255,76.18411254882812,2.841937784447868,4.671875
02521,0.049407958984375,0.6334937687835516,0.1801357581967213,0.5906568483631871,0.6830299772637406,4,0.3581465482711792,77.35287475585938,2.617949868956218,4.890625
02529,0.10425782203674316,0.7537554350922275,0.20906836406416068,0.7131873886605883,0.7992170856412442,4,0.394896924495697,70.64259338378906,1.5847667199927462,4.83984375
02551,0.027058124542236328,0.7452991102236763,0.2106668252615163,0.7235967926689576,0.7683434830415292,4,0.384776771068573,70.8734359741211,3.55352678297808,4.96875
02559,0.05691027641296387,0.6177168347035431,0.2021731600620903,0.46200863849450563,0.9317339264908379,4,0.3869849145412445,69.91807556152344,4.722037848450438,3.181640625
02578,0.2575712203979492,0.8075273039368949,0.26530271549912204,0.6943559942684286,0.9647732276530163,4,0.45604053139686584,75.94841766357422,2.2712103236167467,4.39453125
02597,0.009614944458007812,0.5147559613794156,0.13714823023708778,0.4411575084308669,0.6178284930950447,4,0.3263298273086548,65.72662353515625,4.119114541930215,4.42578125
02607,0.06857061386108398,0.4933712653004184,0.14762936065826948,0.3888375068670334,0.6747756714998812,4,0.39614546298980713,74.4708023071289,3.2894958331836723,4.953125
02625,0.13175177574157715,0.39275258896357235,0.12926231945828234,0.24733128606767557,0.9531941808981658,4,0.4479350447654724,77.0578384399414,2.640920267259128,4.4296875
02627,0.142287015914917,0.535958893680174,0.17210873227644907,0.37092133814794026,0.965586446442984,4,0.3968757390975952,72.70286560058594,3.7638247937405187,4.13671875
02647,0.04878401756286621,0.6180816545895702,0.1771534338792439,0.5246536177699582,0.7519933660776934,4,0.38323089480400085,75.6694564819336,3.4347628238557757,4.76953125
02660,0.043609619140625,0.6616421852218429,0.19078139240004754,0.5882227519244226,0.7560032596885187,4,0.4157084822654724,75.99732208251953,2.540478195187431,4.8203125
02672,0.1045064926147461,0.7068599402938917,0.1975227119624582,0.6294292910396686,0.8060134888093808,4,0.4446291923522949,69.52313232421875,2.289535913479431,3.9921875
02679,0.1268751621246338,0.7359005129203673,0.23918102057469962,0.5923446828261797,0.9712958627734741,4,0.38597050309181213,69.62117004394531,2.8920675023613462,4.3515625
02680,0.23174309730529785,0.9310599529480145,0.3107364803013061,0.9079558560124938,0.9553705780725342,4,0.40181413292884827,72.40140533447266,2.718008179965413,4.18359375
02720,0.05910754203796387,0.6869178687359366,0.1784188334608571,0.6774741342798943,0.6966286093656493,4,0.3606201708316803,71.68639373779297,2.297543058755184,4.99609375
02730,0.19682669639587402,0.7919208733453463,0.24465972827703794,0.6859430852848583,0.9366295703617495,4,0.4448091983795166,71.8000259399414,2.973121183806014,4.0546875
02744,0.15521621704101562,0.3174838156915693,0.09606734446959644,0.1919191919191919,0.91826740881099,4,0.3930210769176483,73.16706848144531,3.8138059083449134,3.173828125
02756,0.06891727447509766,0.23256583897798822,0.0796071801143926,0.13196568186535668,0.9784854473589651,4,0.42312976717948914,65.3849105834961,5.012443982468015,4.15234375
02759,0.15412211418151855,0.5401220005883106,0.1722748584474599,0.3754963762791309,0.9617922451305428,4,0.4517313838005066,73.66956329345703,2.5853579342915585,4.27734375
02762,0.04587912559509277,0.48901362708903995,0.16135844954437847,0.33258674537886307,0.9232491856677525,4,0.3834576904773712,73.70807647705078,3.7711648790726247,4.71875
02765,0.10366535186767578,0.20772615169835326,0.06414108528348068,0.11691014802071738,0.9306798806479113,4,0.40213218331336975,68.03711700439453,4.0352597658909,3.552734375
02771,0.06634354591369629,0.7078237557205471,0.2057998745243204,0.6178534849873322,0.8284623614082863,4,0.37993738055229187,70.17571258544922,3.47548121084448,4.65234375
02794,0.2631232738494873,0.829347352334409,0.28170307367530745,0.7215461132872848,0.9750180958869114,4,0.4707374572753906,73.0024642944336,2.0025880055696903,4.8125
02821,0.07247352600097656,0.4699239960109399,0.14576220668725953,0.315603863462905,0.9195585186038475,4,0.39509040117263794,70.07167053222656,3.5622932166673835,4.55078125
02825,0.0817415714263916,0.5756695782337826,0.1664364271798119,0.4391991809805483,0.8351819214635283,4,0.39285576343536377,72.69568634033203,3.1017086279685757,4.79296875
02830,0.09368658065795898,0.8613531531845477,0.2723033049412751,0.8586512278915892,0.8640721364978042,4,0.40071654319763184,74.78162384033203,2.644124430103115,4.890625
02851,0.09548830986022949,0.8054464592071522,0.23082214513888089,0.7702412192545948,0.844024075356298,4,0.4922013580799103,76.45886993408203,3.1480106452804213,4.90234375
02852,0.09248208999633789,0.7670620740228296,0.233859096679377,0.6511505601988151,0.9331772459243843,4,0.47602641582489014,74.23731231689453,3.670768747057764,4.875
02859,0.07529664039611816,0.3911855565295811,0.12410453158904368,0.25963453518968266,0.7929613819120421,4,0.33890506625175476,74.89305114746094,2.2766427937287026,4.890625
02870,0.1383061408996582,0.5091861472807561,0.1664815158430467,0.3469672365703726,0.9562788165983607,4,0.41652607917785645,73.74070739746094,2.513785853426993,4.41796875
02881,0.12665390968322754,0.6376322708419152,0.22359264688537298,0.6763631229704927,0.6030968922002954,4,0.40098387002944946,73.78327178955078,2.829106477063162,4.91796875
02903,0.04268002510070801,0.7460270615347306,0.18325434439178515,0.7988246663650126,0.6997759907022082,4,0.37757694721221924,75.96166229248047,3.4876886289620264,4.63671875
02907,0.1867084503173828,0.7567346543943096,0.23100480205336432,0.6341991950065891,0.9379607645438973,4,0.43966102600097656,74.67886352539062,2.980891200378378,4.29296875
02910,0.1827547550201416,0.7570267709061731,0.25628844871882117,0.6325892431988874,0.9424094763225256,4,0.5153267979621887,76.85936737060547,2.4179768822789485,4.7578125
02915,0.05327248573303223,0.6490243834514858,0.19173080126603365,0.5465424877260664,0.7988085579229576,4,0.41641297936439514,73.20079040527344,2.473837397331023,4.953125
02949,0.054451942443847656,0.7223074471939886,0.200888974780172,0.6399635707655393,0.8289708161157024,4,0.33663123846054077,70.21754455566406,4.827805616949316,3.802734375
02960,0.16360092163085938,0.6277011995281381,0.20123813483983827,0.47431768368036936,0.927697356172035,4,0.3778233528137207,70.15319061279297,1.916388485477452,4.859375
02962,0.0068378448486328125,0.511639837509695,0.11351447979978549,0.5162831241283125,0.5070793269230769,4,0.3662145137786865,70.91497802734375,4.73863608863938,4.60546875
02969,0.07491493225097656,0.4974412620500207,0.16468834737012228,0.334171398019197,0.9726691042047532,4,0.3992113769054413,68.88526916503906,4.38945508886027,4.40234375
02974,0.0029039382934570312,0.5129739250142066,0.1652645203041579,0.3720853858784893,0.8255739795918368,4,0.39483916759490967,68.11277770996094,6.153152748506504,4.18359375
02976,0.22112441062927246,0.8048379088507053,0.25735567778572443,0.6950562987418366,0.9558036061998598,4,0.4082268178462982,78.30596160888672,2.8706202400749814,4.94921875
02982,0.06898021697998047,0.4170457338507415,0.14159610520738572,0.27116658141046024,0.9026353790613718,4,0.49479764699935913,75.76272583007812,2.8131823364841377,4.55078125
02994,0.08211517333984375,0.49184390259691274,0.15049483346003323,0.3493623989593979,0.830583053391466,4,0.4110840857028961,70.73677825927734,2.439489340647291,4.8671875
03013,0.03048110008239746,0.5231475441351556,0.1602815828528651,0.37806127636941034,0.8489401049952275,4,0.3845783472061157,71.38407897949219,5.06417938950325,4.80859375
03045,0.07724428176879883,0.7290980354943692,0.2389106531525028,0.6662047125493077,0.8051042223409941,4,0.34702467918395996,73.44251251220703,3.2968639934266903,4.1484375
03046,0.06115078926086426,0.7925997377256705,0.24133579470333472,0.7792580462795096,0.806406233793175,4,0.45285555720329285,74.80332946777344,3.0885369246917382,4.953125
03063,0.07398462295532227,0.684714873714031,0.2087876937392771,0.5528174687574521,0.8992737003058104,4,0.361191987991333,71.03570556640625,4.3072186629518345,4.63671875
03079,0.16158318519592285,0.6458395630476339,0.21693467770798108,0.48274752887953737,0.9753545872731919,4,0.43163472414016724,74.81315612792969,2.0753046218010813,4.1796875
03088,0.05449318885803223,0.5804525792792032,0.16635603396062013,0.458205905644445,0.7916639116635811,4,0.3773033618927002,72.25536346435547,4.347878707541681,4.4453125
03108,0.2245185375213623,0.7292924306956671,0.22023941470009253,0.5971600267176667,0.9365127276385954,4,0.4581466615200043,74.24150848388672,3.1821494878342684,4.95703125
03114,0.013875961303710938,0.6579826515729837,0.18759008001590377,0.6164089347079038,0.7055698271835591,4,0.3953119218349457,73.5638427734375,5.227046403256259,4.94140625
03119,0.0684347152709961,0.3154994223531987,0.0997844430723903,0.19111540015886508,0.9035749027237354,4,0.31942808628082275,69.04912567138672,4.741171736047559,4.5546875
03125,0.13006854057312012,0.552442272077873,0.1655802076176268,0.3989958702000011,0.8976691604716133,4,0.3260266184806824,74.01547241210938,5.320165831193786,4.87109375
03141,0.1803736686706543,0.6576463272514201,0.2073638304565626,0.49786132164506397,0.9684697038136414,4,0.3662607669830322,74.00686645507812,5.573700954613543,3.90234375
03165,0.020561933517456055,0.6641408570231646,0.18850504110141228,0.5708869125610194,0.7938089468168719,4,0.42028722167015076,74.23121643066406,4.8830595904561545,4.90625
03178,0.17107486724853516,0.7126626228757321,0.2338261332333676,0.5651768542520278,0.9643021677946794,4,0.3916458785533905,73.05223083496094,3.753847605928416,3.98046875
03192,0.08559012413024902,0.6255689535030948,0.20591194352519748,0.4699087163745052,0.9354390660848442,4,0.4351211190223694,73.4923324584961,2.7792368437901365,4.9375
03194,0.13949108123779297,0.8214438798850037,0.2739321119274028,0.7797845720497446,0.8678056359724842,4,0.5282516479492188,76.26624298095703,2.698396192745204,4.8671875
03196,0.21598291397094727,0.8304430134291048,0.28151200594847403,0.7320658617195314,0.9593653329019997,4,0.42937934398651123,75.5230941772461,3.561499868089238,4.9375
03235,0.037732839584350586,0.6118665842613997,0.1380533041743529,0.7033987729286062,0.5414133117943878,4,0.3514616787433624,69.28941345214844,2.727963268085379,4.8671875
03239,0.10397744178771973,0.6601550794862755,0.2079390837903148,0.5310917124690161,0.8720850050150452,4,0.44957348704338074,74.74573516845703,3.295751316395873,4.8671875
03242,0.11876511573791504,0.46023200698085637,0.14539813411665004,0.30546616693801104,0.9328799079011149,4,0.4034161865711212,67.35408020019531,4.884458237819626,3.666015625
03247,0.136735200881958,0.636914200465263,0.2104390874562215,0.47444416739754736,0.9686066705258939,4,0.5027234554290771,76.24971771240234,2.2265729616634697,4.8046875
03254,0.03244376182556152,0.5586152940321166,0.16909027722531833,0.4137302596285981,0.8596620990345687,4,0.40918126702308655,68.77787017822266,3.500878535489828,4.234375
03256,0.06919646263122559,0.38573381261202627,0.12776290144268562,0.24370932119587502,0.9244931209268646,4,0.4597972333431244,72.69730377197266,3.9164376793842886,3.271484375
03259,0.10313272476196289,0.6607191142445683,0.18785899679301618,0.561959914002358,0.8015912877303019,4,0.40993601083755493,76.06916809082031,3.6792987998048714,4.8203125
03260,0.019689321517944336,0.6442575249754462,0.19785903362393797,0.5074773258418803,0.881976315358138,4,0.4009280800819397,66.59769439697266,3.8118425926953314,4.10546875
03261,0.09679198265075684,0.7993744294088394,0.22130778953692368,0.8055840876901287,0.7932597702727439,4,0.418921560049057,74.78687286376953,2.613897888682149,4.66015625
03265,0.28773999214172363,0.8455130822848329,0.2906671198912629,0.7404763897324399,0.9852744130092094,4,0.45237383246421814,75.34344482421875,3.1131496634228375,4.4921875
03268,0.16373372077941895,0.8960819587366231,0.31134639261085273,0.8360536382288143,0.9653970877562226,4,0.45088520646095276,76.18107604980469,3.5654025150182687,4.91015625
03273,0.21660375595092773,0.8546867184321966,0.2860822727813366,0.7620181353480785,0.9730144395908005,4,0.45484670996665955,76.86141967773438,1.9012899451107685,4.71484375
03279,0.2936818599700928,0.7384506406348025,0.2531506949976195,0.5908810829109808,0.9842661185729046,4,0.46572449803352356,70.5545654296875,3.4493124006735574,3.42578125
03284,0.15636205673217773,0.2683324386702238,0.08342193360206623,0.15630270039491942,0.9473295383849695,4,0.3626137375831604,74.86546325683594,4.052825368868961,4.38671875
03288,0.005555629730224609,0.7129776489698447,0.16695062814775982,0.8799673847738392,0.5992576628352491,4,0.3406205177307129,68.32829284667969,5.27472202084599,4.58203125
03294,0.0650944709777832,0.6712243569645608,0.18702112665497128,0.6076674016394044,0.7496293513140257,4,0.3984527289867401,67.28335571289062,2.0833429990781087,4.890625
03297,0.14296531677246094,0.8691303687326618,0.29488598290251183,0.7955456607297712,0.957715082570824,4,0.47519052028656006,75.58837890625,3.0111062795020773,4.17578125
03305,0.03292369842529297,0.693891053054097,0.16928364549140762,0.7733539958868001,0.6292363509983991,4,0.27739977836608887,72.12574768066406,3.0163141414831625,4.68359375
03316,0.16687607765197754,0.8581515656965323,0.2724204149992362,0.7860911606748685,0.9447567278754307,4,0.4678819477558136,73.53400421142578,1.9816636820645168,4.8203125
03331,0.17980122566223145,0.7696054269293742,0.25939485687524155,0.6366979119289363,0.9726389612080187,4,0.3876394033432007,71.29069519042969,4.382256635190469,3.37890625
03341,0.1703345775604248,0.7234752256223638,0.22940591065125399,0.6036378396915045,0.9026800592482873,4,0.4248347878456116,74.9633560180664,2.22279753321703,4.31640625
03353,0.16844511032104492,0.5637696515226222,0.18382887758311,0.3995230074592009,0.9573377598991906,4,0.4573144018650055,72.36641693115234,2.7101562448580956,4.265625
03373,0.15905237197875977,0.7910791321845768,0.24949706396064497,0.6817260618125238,0.9422164732284536,4,0.5179610848426819,73.883056640625,2.317041675084914,4.6328125
03391,0.08948278427124023,0.6313583226654188,0.20579423485267168,0.47584448387767175,0.9378696037847427,4,0.45809414982795715,75.29325866699219,2.917660962426968,4.34375
03399,0.16631245613098145,0.7358198519666549,0.2298524664398887,0.5913169382064754,0.9737893578332855,4,0.39998120069503784,74.66195678710938,3.601728005554117,4.86328125
03412,0.27122044563293457,0.39662701327482,0.12811315184451627,0.2481678227748178,0.9871769383697813,4,0.4574733376502991,75.3188705444336,2.489546312896861,4.3828125
03449,0.08588600158691406,0.7411020969860526,0.19547067326645934,0.6641331142152835,0.8382501880895885,4,0.4293056130409241,71.50286102294922,2.4343033683778224,4.33984375
03463,0.1659235954284668,0.7642200605643792,0.24471397999287187,0.6309161500946929,0.9689447727406362,4,0.48482745885849,73.85767364501953,3.0740539678819245,4.0859375
03469,0.010198116302490234,0.45380904198912675,0.15082845364073208,0.30609716182727825,0.877036415908002,4,0.3519962430000305,72.3261947631836,4.182236512638188,4.9765625
03477,0.15588068962097168,0.7501041685612194,0.24726386084420057,0.610500588090442,0.9724823658373845,4,0.44495224952697754,74.95760345458984,2.878750036054446,4.32421875
03478,0.06095147132873535,0.6626579896490685,0.20599782845702286,0.5124017696138065,0.9375985068436333,4,0.40776970982551575,75.84075927734375,3.041658369694544,4.48046875
03485,0.15679693222045898,0.573856058691489,0.1886689017667382,0.4139988504593601,0.9348162959260184,4,0.48471274971961975,73.64323425292969,2.5191656137553493,4.91015625
03493,0.029402971267700195,0.5236894986096675,0.16754154314335795,0.3731035880802757,0.8780894764037203,4,0.44917967915534973,74.34777069091797,4.096221078467127,4.78125
03502,0.17943310737609863,0.5544360110979268,0.17918495625362002,0.3894501306808292,0.9619579809370385,4,0.35506170988082886,75.2348861694336,3.084522240298003,4.046875
03512,0.157822847366333,0.815813342542313,0.26658826826035925,0.7184515006261736,0.9437000149023893,4,0.4636749029159546,71.56878662109375,1.825556785662714,4.8046875
03513,0.037171363830566406,0.601430067827625,0.1621745394178203,0.5713433563383534,0.6348616258581931,4,0.40092960000038147,75.02023315429688,2.9298301946627423,4.86328125
03516,0.17470312118530273,0.7101155775643271,0.23184305998372964,0.56438278394777,0.9573080517053418,4,0.4385800063610077,75.04220581054688,1.946310243318237,4.859375
03529,0.03548455238342285,0.6518546301210136,0.21544545445420998,0.4952665067558942,0.9532399509542595,4,0.4742293357849121,73.5496826171875,3.0714247381922846,4.62890625
03532,0.03832221031188965,0.6325343165102413,0.17889492136741428,0.5654213456932218,0.717725052337753,4,0.35890117287635803,66.51399230957031,3.0110252261082295,3.994140625
03539,0.20474863052368164,0.6747032172975747,0.2207200037854184,0.5228405944260333,0.9508980539056204,4,0.3907650113105774,71.33517456054688,2.8555051134631384,4.14453125
03550,0.07149338722229004,0.6464839966009379,0.1994752831229883,0.5299184633084888,0.8287924946340788,4,0.43908992409706116,72.90119934082031,4.022974347758408,4.89453125
03565,0.138383150100708,0.582985256328338,0.2022053061815328,0.41242477443097336,0.9941011147992735,4,0.46375617384910583,72.60269165039062,3.4720037627140705,3.958984375
03567,0.27521276473999023,0.8183527570694011,0.27306711111657633,0.7067960004366184,0.9717243304501442,4,0.4727784991264343,74.6498031616211,2.8440517088220276,4.7265625
03652,0.08421897888183594,0.7004978929010952,0.20721450266904812,0.5993177443098177,0.8427808313919627,4,0.5128967761993408,73.064453125,2.147165593388268,4.9140625
03655,0.22574472427368164,0.8681245618197667,0.2718369385826155,0.7988312727994744,0.9505811405110822,4,0.49851560592651367,73.6643295288086,3.063578144365464,4.88671875
03658,0.05893540382385254,0.6672425552523554,0.1852203566218489,0.5694174187780399,0.8056525684743152,4,0.34061169624328613,72.13080596923828,2.431946381117872,4.98828125
03669,0.14389562606811523,0.6685834243408397,0.2173845586951884,0.5067534653760634,0.9822669689949228,4,0.4003126621246338,74.78753662109375,4.188410055940931,3.4140625
03703,0.13412761688232422,0.5880010810205051,0.19356780441680355,0.42463720199370036,0.9556549094966527,4,0.4437727630138397,73.68968200683594,2.6484210615693264,4.01171875
03705,0.04301095008850098,0.60799250422071,0.1689287538796058,0.4896092593721764,0.8018801162879657,4,0.3296148478984833,72.2762451171875,4.932551419241769,4.13671875
03726,0.1617136001586914,0.6575489948278478,0.2190704710430948,0.49967564826117983,0.9612609939290162,4,0.396266371011734,73.13130187988281,3.082598827382747,4.484375
03744,0.0973825454711914,0.858671276502214,0.2578703686162776,0.8576674860203892,0.8596774193548387,4,0.3883494436740875,73.1724853515625,2.424732576585772,4.50390625
03749,0.08262801170349121,0.5726019379604663,0.19242741285018258,0.4089973944432101,0.9543582862959193,4,0.38276877999305725,67.26526641845703,3.23049466686904,4.43359375
03753,0.09473133087158203,0.46838194652015497,0.14100820386638888,0.33728972244873306,0.7661606856776674,4,0.41088172793388367,75.09850311279297,2.9411401892475166,4.96484375
03772,0.09516263008117676,0.7142334141963401,0.22269198294604703,0.575255360887506,0.9417556065928128,4,0.43876421451568604,73.95254516601562,2.541758751556092,4.19921875
03782,0.15871906280517578,0.5690398682815382,0.18282474483545352,0.40531998630046445,0.9546487252811167,4,0.3210070729255676,67.84814453125,4.648508485867538,4.15625
03785,0.07673239707946777,0.48212665998143,0.1508462560036746,0.3364477269690746,0.850298497451033,4,0.4046761095523834,73.19615173339844,2.7876918802495556,4.6484375
03786,0.024625778198242188,0.7894385176283538,0.2256442002630968,0.743029199907056,0.8420314796194601,4,0.4294932186603546,70.95449829101562,3.590890027648378,4.95703125
03820,0.14371967315673828,0.8496288881255485,0.267264111633905,0.788082029979894,0.9216033646287228,4,0.31959813833236694,74.30619049072266,2.198335177960031,4.59375
03835,0.15368294715881348,0.7932984065487916,0.24597898886541364,0.7708445484204762,0.817099624422188,4,0.3807397782802582,71.93266296386719,2.0499424926141696,4.25
03846,0.13059306144714355,0.8445037333581259,0.2728265650134827,0.7573277443783353,0.9543601167213798,4,0.5132777690887451,75.77320098876953,2.6434422467416847,4.81640625
03856,0.02850961685180664,0.8220066302715734,0.2694044427573881,0.774097241967586,0.8762375495019801,4,0.37323716282844543,71.48624420166016,3.1080336261343366,4.85546875
03859,0.0429234504699707,0.6350332038534567,0.19236943409753285,0.5518068809224924,0.7478237957686003,4,0.3385363817214966,72.92081451416016,3.2039090807311066,4.9453125
03860,0.2548058032989502,0.7521969494933494,0.24901423880351423,0.6102450284589322,0.9802075699443894,4,0.29957714676856995,70.82714080810547,4.444197152425364,3.7890625
03868,0.07146310806274414,0.5344301804179404,0.16232709678678034,0.3844290680527661,0.876390768305518,4,0.3066112697124481,69.79915618896484,4.498236657945036,4.51171875
03870,0.19436073303222656,0.6941524233499916,0.22977758763094877,0.5507257043601143,0.9385920319325199,4,0.39526838064193726,74.74028015136719,2.6765144442670037,4.9140625
03879,0.21795058250427246,0.6498956656549439,0.2077019674054836,0.5000268008239339,0.9280533643919742,4,0.4472927153110504,72.48274230957031,2.133583855023499,4.8828125
03885,0.20047211647033691,0.7144284584209718,0.23946743457073125,0.5659976142933087,0.9683835782457203,4,0.44404974579811096,67.38864135742188,1.7787356571037034,4.5859375
03917,0.05739927291870117,0.8641230063650909,0.28651472762957153,0.7781599169262721,0.9714374006710225,4,0.4644085168838501,74.75225067138672,3.2663047380756143,4.953125
03930,0.11450338363647461,0.5415057427697038,0.18433539854182268,0.3725591448001299,0.9908177053476374,4,0.473355233669281,75.40011596679688,4.430122280163868,4.07421875
03937,0.09778976440429688,0.5649558064171744,0.18027687137778212,0.4073264092061635,0.9216026181064092,4,0.4719524383544922,73.67332458496094,3.096120583773465,4.546875
03944,0.12280058860778809,0.4671281614243943,0.1483010295462674,0.3082457874085306,0.9640264952998918,4,0.39421936869621277,77.08399963378906,2.944744043395282,4.76953125
03948,0.21107721328735352,0.8109519181864696,0.2670776946391907,0.7093407822238689,0.946541396377817,4,0.4812913239002228,74.21723175048828,1.5228091911105521,4.74609375
03951,0.2141273021697998,0.6770396636966297,0.21801023327988953,0.5252534474983716,0.9522051404933662,4,0.4631792902946472,75.80370330810547,2.429976306892719,4.83984375
03964,0.22113656997680664,0.862644959625393,0.28812044725393476,0.7752831763186324,0.9721955606083197,4,0.509050190448761,77.02112579345703,2.682864194094084,4.83984375
03970,0.12881159782409668,0.8863424733529769,0.3044915326758981,0.8914330664939152,0.8813096904845242,4,0.4636744260787964,75.49949645996094,3.070098463100544,4.95703125
03978,0.06811165809631348,0.7164454451773652,0.20596070959857485,0.6352890111698013,0.8213736877819023,4,0.5253143906593323,73.45271301269531,2.6134639373067783,4.9375
03997,0.18971681594848633,0.6215713830427803,0.19066971177689646,0.45930277858067436,0.9611333920245199,4,0.43587255477905273,72.74351501464844,2.839450733475987,3.953125
04006,0.21457195281982422,0.8927803785083721,0.3072592914583786,0.8304362319162648,0.9652451673738802,4,0.48357313871383667,76.57206726074219,2.2843914475482694,4.67578125
04009,0.18740177154541016,0.5616587325946625,0.18392660220622042,0.3967812523854355,0.9609833132114523,4,0.3163418471813202,68.07544708251953,3.84854741117719,2.634765625
04015,0.16649675369262695,0.8517775054601453,0.2882112200812677,0.7788420506975132,0.9397845875232331,4,0.4404553472995758,73.02674865722656,1.7605091606101237,4.75
04016,0.06179308891296387,0.7280506545846889,0.2170645564853631,0.6039648273972814,0.916308043778557,4,0.4449460208415985,73.29322052001953,2.255763455483471,4.578125
04025,0.08681535720825195,0.26483422059737766,0.08828364675300344,0.1532776755554335,0.9729643765903307,4,0.47648146748542786,68.00530242919922,4.752909730131259,3.525390625
04037,0.16474246978759766,0.46654824499771896,0.14481105641497036,0.313087209470607,0.9150772990490358,4,0.4158572554588318,69.46541595458984,3.2907161764034023,4.8984375
04054,0.036130666732788086,0.8745327701824486,0.2484885631631541,0.8217073701853599,0.9346168210337615,4,0.5061463713645935,74.19021606445312,2.9548071303912637,4.94140625
04057,0.09415650367736816,0.8124830471317923,0.21435125844131728,0.8135804376065087,0.811388613079388,4,0.34533193707466125,72.54052734375,2.7021719854365016,3.365234375
04062,0.032985687255859375,0.6906668845401165,0.18633819180397126,0.5896987394472071,0.8333535814948003,4,0.3803327977657318,64.03872680664062,2.9132005855328345,3.8046875
04068,0.04386544227600098,0.4711866539875139,0.1314373605777556,0.45431421039758674,0.4893606621480709,4,0.3142004907131195,69.98311614990234,2.5328568252080146,4.89453125
04070,0.012009620666503906,0.6675610073657554,0.1937494381685794,0.6300722623679822,0.7097930702598653,4,0.4384457468986511,76.36782836914062,4.120822582853764,4.76953125
04078,0.009965181350708008,0.5653352328126008,0.13638005894843597,0.6091107017250041,0.5274299806843267,4,0.4595588743686676,68.41887664794922,4.523249990362827,4.86328125
04090,0.03120708465576172,0.6693911029509249,0.18888755710043018,0.5376646395501635,0.8866077329808327,4,0.36239397525787354,72.16525268554688,5.065519147907684,4.24609375
04094,0.03759264945983887,0.5475669810787819,0.12963066517224361,0.46838750594577455,0.6589625914711077,4,0.5050634145736694,78.97859954833984,3.9122061822059586,4.58984375
04101,0.06720161437988281,0.7072883174701904,0.2328988012355756,0.5746069026197032,0.9196408910745743,4,0.41483715176582336,74.60205078125,3.68131133250645,4.15625
04102,0.08125853538513184,0.8539267290610342,0.21960083296867677,0.8237853665979116,0.8863575354723252,4,0.4509347677230835,74.25337982177734,2.683054093976178,4.87109375
04116,0.213639497756958,0.709820428742765,0.23474911354978334,0.5658124541748459,0.9521597285658359,4,0.4631062150001526,73.23753356933594,2.391301653340565,4.49609375
04121,0.22692108154296875,0.8581299318509061,0.301531074343125,0.7552953636149682,0.9933800827522473,4,0.41728082299232483,74.21878814697266,4.527734213297572,4.15625
04130,0.039254188537597656,0.31531282408718186,0.10367866126701515,0.19533660503875028,0.8173012355627183,4,0.3381998836994171,65.00286865234375,5.26766473840043,4.44140625
04132,0.009610891342163086,0.6288504070007198,0.1577258253204627,0.6998834065143509,0.570907509034935,4,0.366847962141037,73.43546295166016,4.446064714641767,4.90625
04140,0.14499926567077637,0.36682045426520504,0.12051148180162036,0.22720419092656507,0.9515368935173972,4,0.32447463274002075,68.92517852783203,4.57050243295456,3.955078125
04142,0.06065726280212402,0.6803202138120065,0.19945623064420173,0.6049014405597154,0.7772240769835035,4,0.40422287583351135,73.85327911376953,3.547518610663319,4.84765625
04163,0.07837200164794922,0.3529935410266209,0.11720584689841147,0.2188363207145378,0.91224171474574,4,0.5262078642845154,75.19013977050781,4.239457870147256,4.9609375
04175,0.058660268783569336,0.7096744291766096,0.22094832808529857,0.5747747308353554,0.927315484804631,4,0.4173886179924011,71.4281234741211,4.625783669661281,4.13671875
04223,0.129655122756958,0.6960728151467063,0.2274387114505441,0.5539845498360649,0.9361909772904715,4,0.4679054021835327,72.94415283203125,2.4060370243747298,4.74609375
04224,0.12290763854980469,0.7200516889427512,0.24816778529861303,0.5738081751734199,0.966336984693628,4,0.476340115070343,75.34064483642578,3.3050247593939677,4.34375
04230,0.04662132263183594,0.501545420562326,0.14087138722080617,0.5755277584584544,0.4444169740877372,4,0.3009254038333893,75.0049057006836,3.5296078090165293,4.76171875
04235,0.08626818656921387,0.6918288773079591,0.2259602348637603,0.5378694708914284,0.9692729277467894,4,0.37348097562789917,73.59602355957031,4.680431857642684,4.15625
04256,0.054833173751831055,0.7250370459537636,0.23413536587897973,0.5889811163239661,0.9428336980306345,4,0.54142826795578,75.93397521972656,3.2300880109061794,4.84765625
04259,0.15065526962280273,0.8624848088130582,0.24564102504152935,0.8452272058288257,0.8804618219295904,4,0.5046960711479187,72.78192901611328,2.010307345714186,4.921875
04260,0.019366025924682617,0.609333956151883,0.1703060348361098,0.6842429241508365,0.5492082049101924,4,0.26259973645210266,67.12047576904297,3.7475098214912017,4.3984375
04262,0.14727568626403809,0.7858839162747651,0.2393433445479407,0.7088546734032788,0.8816952592980618,4,0.4159621596336365,75.25037384033203,2.600138772373552,4.84765625
04267,0.14758968353271484,0.4503584704847243,0.15079859338930432,0.29333027481438884,0.9691985239099381,4,0.41863152384757996,72.16403198242188,3.4790464476059118,3.65625
04268,0.15303874015808105,0.3581436950646048,0.11568745844997835,0.22045643263420114,0.9539189675330515,4,0.370240718126297,71.7099380493164,2.929205119303679,4.5859375
04270,0.051152706146240234,0.8078310400410933,0.23495946977112106,0.7375390351899325,0.8929330499468651,4,0.38565579056739807,73.65576934814453,4.001159622734261,4.69140625
04272,0.046219825744628906,0.7657858001403346,0.17852963240810202,0.7812906220984216,0.7508843940419769,4,0.3583003878593445,72.29882049560547,3.8537604560682195,4.7421875
04278,0.011570930480957031,0.9343027981633699,0.302524553646765,0.9040632984422649,0.9666352309099223,4,0.4773389399051666,71.58828735351562,4.997930582788847,4.1171875
04291,0.023123741149902344,0.6334090260516357,0.15504347121406822,0.7108817585680702,0.5711630077898667,4,0.35519081354141235,73.7119140625,3.7695408936350683,4.59375
04297,0.05884051322937012,0.5477401825947116,0.17589453385931966,0.3897850442675095,0.920937833511206,4,0.2999323010444641,69.03726959228516,4.357931334681733,3.9609375
04302,0.13249635696411133,0.8254333709057345,0.25751439484038624,0.7363755780684865,0.9389962542750122,4,0.3864104151725769,69.29228973388672,2.910020096690896,4.48046875
04317,0.0654141902923584,0.6117190499515925,0.19007203588202426,0.46359438270637504,0.8989437066486212,4,0.41769322752952576,75.01392364501953,2.8479668598377397,4.953125
04337,0.05094027519226074,0.8164442060407803,0.24580285424153425,0.7362947500456335,0.9161744937650155,4,0.28590327501296997,76.38583374023438,4.380762176719995,4.44921875
04344,0.17194771766662598,0.8640445112773436,0.29403689863048904,0.786479774709131,0.9585824760469879,4,0.47401392459869385,76.40743255615234,2.4350992604247472,4.63671875
04360,0.11739468574523926,0.6756331537546907,0.21373334807019548,0.5269817156760204,0.9410991919398558,4,0.48429471254348755,74.87627410888672,2.9578318400650643,4.578125
04366,0.0228118896484375,0.6146178650807256,0.19412244158666908,0.47585702341137126,0.8676165547214539,4,0.47282883524894714,74.20711517333984,4.443753409981835,4.97265625
04368,0.19208788871765137,0.6392748376424253,0.2152472737157546,0.47428057219101993,0.9803073371742531,4,0.4541158080101013,73.7933578491211,2.851943544526458,4.12890625
04376,0.23152756690979004,0.8397643381326947,0.29324747931265005,0.7257534520238452,0.9962718000091071,4,0.5246678590774536,76.29305267333984,3.8405255989260247,4.59375
04380,0.06618785858154297,0.6630833892737966,0.19553871767863817,0.5159719320490469,0.9275388414445931,4,0.3571692109107971,71.39034271240234,4.49894782969775,3.564453125
04388,0.050405025482177734,0.6761099347155247,0.20628254586942144,0.5964269159090694,0.7803675388115632,4,0.37984025478363037,73.33477020263672,3.4869872766093413,4.94921875
04403,0.07467389106750488,0.8175292771031114,0.23932429767779562,0.7876598394023084,0.8497534115817011,4,0.4925076365470886,73.9970932006836,2.3700244958449637,4.9375
04407,0.17791080474853516,0.8163799312016248,0.26570052264570626,0.7201237717967548,0.9423387007094722,4,0.4189915359020233,75.10490417480469,2.960149954089962,4.0546875
04420,0.013701915740966797,0.7585042120753425,0.24423343330957217,0.6424569340525491,0.9257168537355314,4,0.4433724284172058,67.61688995361328,5.448604697100181,4.55078125
04433,0.18390440940856934,0.3311645581666972,0.11134494464849898,0.1992192918658302,0.9806811501910454,4,0.4574469029903412,74.86534118652344,4.537505402794465,4.27734375
04443,0.09939265251159668,0.7085109655446752,0.2023413580913311,0.7691798418261239,0.6567128929866989,4,0.4067648649215698,75.91568756103516,2.378557208499656,4.58984375
04451,0.023517370223999023,0.2628040902255856,0.08746917321951989,0.15296181023733008,0.9322687224669604,4,0.4344482719898224,74.54904174804688,3.652454661204111,4.97265625
04453,0.0748441219329834,0.642592692845703,0.21963450200373472,0.4804328505123933,0.9699931543317867,4,0.3778473436832428,72.8592300415039,5.027385397242986,4.66015625
04463,0.17461538314819336,0.8349959380429671,0.28868278027465477,0.7289613457310995,0.9771289470788865,4,0.4514385461807251,75.96983337402344,2.9582211865270334,4.87890625
04497,0.15959405899047852,0.7104972150788802,0.23159972118300046,0.5660754781247292,0.9538514934446161,4,0.5124393105506897,75.57130432128906,1.9818822711345094,4.79296875
04509,0.13881182670593262,0.47086544812910364,0.14784286442459707,0.3217414752867907,0.8776453244731801,4,0.41955605149269104,74.52326965332031,2.6925866175853517,4.328125
04524,0.1134805679321289,0.7042372427143291,0.21792387890281317,0.5654765406368442,0.9332431651522397,4,0.40238872170448303,71.4591293334961,3.3920479228122336,4.12109375
04525,0.07572746276855469,0.6770647325572612,0.19912462289991542,0.5475688235145959,0.8867820091093117,4,0.5067331790924072,73.16861724853516,2.981978648579067,4.45703125
04526,0.03382372856140137,0.7354785944640754,0.21132153624204825,0.7601415410208153,0.7123657433578293,4,0.3808223307132721,75.95977020263672,3.6369291588242003,4.9609375
04528,0.07700037956237793,0.6402978239443393,0.16389345412505502,0.619451763824339,0.662595785440613,4,0.40123921632766724,73.98808288574219,2.744871532643315,4.859375
04535,0.14615726470947266,0.7406131575152606,0.23578648195900545,0.600184657144535,0.9668269744100794,4,0.483887642621994,75.50660705566406,3.6217219129183382,4.9609375
04537,0.052756547927856445,0.7346999405682835,0.22412376267071454,0.6484948729420591,0.8473373340669922,4,0.4247298538684845,75.65892028808594,2.2976707469812525,4.89453125
04548,0.23450040817260742,0.8924733876412997,0.29153622918036876,0.8369494268813684,0.9558878263857078,4,0.43520694971084595,77.27120971679688,3.570676723226814,4.96484375
04568,0.06463623046875,0.8199645827561871,0.25827666173457775,0.7299375885269122,0.9353228021978022,4,0.4275040328502655,67.98045349121094,2.8088885881655212,3.169921875
04579,0.15115976333618164,0.7300556758157728,0.24898592608570333,0.5784845664894875,0.9892542248346804,4,0.45304498076438904,73.76647186279297,4.204311905705972,4.37890625
04581,0.15776395797729492,0.8621107527759295,0.2599320924929986,0.8082226352934064,0.9236981843883096,4,0.4135924279689789,67.3487319946289,1.6388226110294557,4.046875
04583,0.03646254539489746,0.7419700283645221,0.25744566035380884,0.6076633864059895,0.9524909602249899,4,0.44333672523498535,75.24503326416016,4.331290536016519,4.828125
04592,0.0591123104095459,0.8337903877480297,0.2467566547198017,0.7862705951156553,0.8874235563232342,4,0.3749476373195648,68.32173156738281,2.659376669062124,4.69140625
04608,0.1323070526123047,0.8114085736550855,0.24690666770535116,0.7350973805988439,0.9053989418239365,4,0.3526294231414795,71.41218566894531,3.9802253330672572,4.36328125
04641,0.07916259765625,0.7243585927612435,0.1958694860748741,0.6469195740169622,0.8228582133770171,4,0.4278920292854309,73.8802261352539,2.38729416740294,4.203125
04653,0.04607892036437988,0.36721979831872054,0.11656818613379204,0.2278327098500018,0.945944869343531,4,0.4460381269454956,67.9682388305664,3.358173981400793,3.87890625
04659,0.21027660369873047,0.8903158819609305,0.3129393353236846,0.814358635953395,0.9819001386962553,4,0.4563291370868683,75.64070892333984,2.6558722397094945,4.87890625
04675,0.12370109558105469,0.7468621291144334,0.2275075094450538,0.6579003160897386,0.8636448898654805,4,0.4259992241859436,73.1501693725586,1.859006202145996,4.15625
04678,0.02286052703857422,0.6215738517920746,0.17809345164077814,0.4770973259355054,0.8915594649855171,4,0.36038634181022644,72.63578033447266,4.162651911573826,4.9609375
04694,0.04746270179748535,0.6125355379573463,0.16324785267618128,0.576220783330738,0.6537354441973047,4,0.3315442204475403,70.23938751220703,2.666094690711532,4.61328125
04697,0.09720969200134277,0.4528606224504259,0.1390313293483048,0.3526599906309859,0.6326001286794274,4,0.4193667769432068,74.29427337646484,2.878311590754471,4.98828125
04701,0.1915597915649414,0.5327298458912169,0.17091498906694316,0.369172080750753,0.9564946151825584,4,0.2692568600177765,70.9231948852539,3.8639368493309023,4.0390625
04704,0.06787371635437012,0.7805532912527907,0.2356978719580297,0.6997467358430254,0.8824594604980018,4,0.5318425893783569,73.11714172363281,3.1749049983159514,4.9296875
04712,0.1161203384399414,0.7536937538809353,0.23650983664571038,0.6277441052553774,0.9428697446045852,4,0.5054035782814026,73.23202514648438,2.2781610329534034,4.8359375
04719,0.02698040008544922,0.6083400161358394,0.1527211609617821,0.5872362235339861,0.6310171864064079,4,0.33729255199432373,71.52803039550781,3.4216671396343425,4.79296875
04720,0.19392991065979004,0.5640645444997323,0.18059326457366442,0.4030226173806032,0.9394583049177844,4,0.3228369653224945,70.51268005371094,4.452971141596923,3.2734375
04756,0.11257767677307129,0.716349176298196,0.226433213707755,0.5895634126454673,0.9126051483760418,4,0.47663483023643494,75.04425048828125,2.303474537772418,4.85546875
04765,0.19950199127197266,0.8870169429992738,0.29842313945585586,0.8207385046344763,0.9649403486419181,4,0.4697330892086029,76.63458251953125,2.5077204835911684,4.8359375
04774,0.07381844520568848,0.7253398835922676,0.21765421657500592,0.6153215101237981,0.8832663012528473,4,0.36669325828552246,66.0816650390625,3.33404761655216,4.71875
04775,0.055657386779785156,0.5941591407325604,0.13540383266675513,0.8248230839087747,0.4643128358906457,4,0.3078097403049469,77.66509246826172,2.6760126615258977,4.9609375
04780,0.07949280738830566,0.623557675140713,0.19052458825195565,0.49099176106797193,0.8541841600191927,4,0.45006969571113586,73.31100463867188,2.899072829528072,4.94140625
04783,0.10133981704711914,0.769749305040392,0.24595247967450104,0.6447970826961534,0.9547696710157688,4,0.5200766324996948,70.84587860107422,2.495395949533162,4.921875
04795,0.08130550384521484,0.6331031860243574,0.16838946544407465,0.5914814380388247,0.6810260684145719,4,0.38086798787117004,75.66910552978516,2.1406815170383564,4.97265625
04830,0.0035724639892578125,0.8009607677471766,0.25227396761870113,0.7062867058195409,0.9249448123620309,4,0.45587190985679626,72.10420989990234,7.25519513278537,3.98828125
04839,0.09651064872741699,0.770495031545738,0.25779282371031004,0.6349633765239195,0.9795856085267248,4,0.4489192068576813,73.71142578125,4.355898300363478,4.3671875
04856,0.08290886878967285,0.3527785612259534,0.11902625263451136,0.21504263181354152,0.9813176334929927,4,0.37190574407577515,71.0882339477539,4.2089308043927405,4.01171875
04864,0.07282853126525879,0.6722063658204976,0.19945159879223703,0.5938356276496489,0.7744079127498403,4,0.40991008281707764,73.37531280517578,2.6842115395992217,4.80859375
04870,0.11494708061218262,0.8298688181695046,0.2373194292519718,0.8358925004615005,0.8239313315086138,4,0.474837988615036,74.13581085205078,2.086964002256561,4.9296875
04873,0.15194201469421387,0.44581893345497225,0.14020465603386206,0.2926339772568575,0.9355516922444506,4,0.45462727546691895,75.25813293457031,2.426161916519673,4.28125
04878,0.0681149959564209,0.7349270799459635,0.22929560958168282,0.6809569645951101,0.7981885332395356,4,0.4068242907524109,74.99140930175781,2.280278448166949,4.8671875
04890,0.11046409606933594,0.7838812567469543,0.24560685872659427,0.7099434516101183,0.8750101011733523,4,0.48411133885383606,74.45028686523438,2.25566190040521,4.9140625
04897,0.06316065788269043,0.6516004093417136,0.17470472960639163,0.5909857878942302,0.7260699782888389,4,0.5232158303260803,75.81718444824219,3.237179090206455,4.921875
04911,0.08680987358093262,0.6675279176916015,0.2162391795607374,0.5213275218548393,0.9276873117469879,4,0.3814176321029663,70.8978042602539,2.8986952193602775,4.015625
04916,0.10672950744628906,0.25657986052533766,0.08931293755457868,0.14774961130868344,0.9740543684301224,4,0.47003111243247986,72.95245361328125,2.2165344828274103,4.68359375
04953,0.10684370994567871,0.6194344906778146,0.18949016899236518,0.5078224195833845,0.7939285862397877,4,0.4510311782360077,75.8293685913086,2.4137128653330016,4.953125
04958,0.224747896194458,0.5311582021993461,0.1801633744425997,0.36366625966280564,0.9846565009767745,4,0.4896496534347534,74.88861083984375,4.041835502161567,4.80078125
04960,0.10834121704101562,0.3920558398958828,0.13192992696766487,0.24711717897257138,0.9481810365275142,4,0.4833665192127228,74.89238739013672,4.313116721777695,4.96875
04969,0.1571025848388672,0.751277231279003,0.24633082655128602,0.62274484927216,0.9466657705809798,4,0.4329797029495239,72.92061614990234,4.321800331170156,4.66796875
04972,0.045523643493652344,0.738350106337444,0.23653210988490717,0.6065517963758249,0.9433265814135103,4,0.45913490653038025,72.46430969238281,3.0989682022823493,4.63671875
04976,0.10630416870117188,0.7921332346970096,0.23823985202959408,0.7056531919474648,0.9027706486234252,4,0.5480191707611084,74.00806427001953,2.0662792165903987,4.91015625
04994,0.12018132209777832,0.6237668538281048,0.19725317606945353,0.4619373627441839,0.9601254836486988,4,0.4903005361557007,75.77835845947266,3.490437599266323,4.953125
