sample_id,depth_mse,depth_rmse,dists,lpips,maniqa,musiq,niqe,psnr,qalign,ssim
00022,584.8077071324642,24.182797752378946,0.24145781993865967,0.5888684391975403,0.7225167751312256,76.78983306884766,5.574407133136456,12.204495429992676,4.75390625,0.19245382041919928
00027,1018.0287114528047,31.906562200475385,0.24678939580917358,0.5022236108779907,0.7058998346328735,74.9595718383789,5.126014180966208,11.755877494812012,4.76171875,0.501932283826079
00057,277.85804560101957,16.669074527430116,0.23725485801696777,0.5160232782363892,0.5655965805053711,70.02957916259766,6.316899471456713,14.156316757202148,4.26171875,0.5695321077036043
00064,210.84398657560504,14.520467849749368,0.2797439694404602,0.5996335744857788,0.6226805448532104,75.53533172607422,3.4683586307028214,13.049463272094727,4.94921875,0.4441850947933158
00072,435.4386867943469,20.867167675426074,0.21779847145080566,0.4540751576423645,0.6675562262535095,75.90782928466797,3.0408813326889197,10.61677074432373,4.9453125,0.33741797991620887
00078,32.221561710863575,5.67640394183356,0.2206316590309143,0.4853396713733673,0.7549786567687988,75.75817108154297,4.399722147815153,14.701744079589844,4.984375,0.33371380193398137
00080,1991.549397752959,44.62677893096206,0.4532815217971802,0.7643735408782959,0.29976826906204224,65.45750427246094,6.827913725894039,8.491353034973145,2.92578125,0.41898967382135555
00101,1734.868334733385,41.65175068029416,0.2902473211288452,0.6957860589027405,0.549248993396759,72.9774169921875,4.502771338738845,12.517634391784668,3.24609375,0.26916227328392245
00106,550.9056828469111,23.47138007972499,0.2662919759750366,0.6905550360679626,0.4943253993988037,75.28711700439453,2.7354687870510044,11.608671188354492,4.55859375,0.25029774632167195
00115,548.510544309639,23.42030196879705,0.2871164083480835,0.5202640295028687,0.6830875873565674,71.31687927246094,5.753421422207558,8.822587966918945,4.98046875,0.37566368957490487
00155,144.62937298042232,12.026195282815856,0.2074141502380371,0.5059113502502441,0.6342167258262634,75.76919555664062,2.611942737994098,12.511748313903809,4.83203125,0.3636655514403912
00160,235.94443298482958,15.360482836969338,0.3045250177383423,0.5621311068534851,0.5258601307868958,72.93485260009766,3.5689436326856243,12.649680137634277,4.00390625,0.3769950764250615
00166,1499.223606101472,38.719808962615915,0.3364706039428711,0.6238054633140564,0.487079381942749,71.59750366210938,4.674400547122902,13.1953125,3.951171875,0.5268925944693934
00169,882.9279397907542,29.714103381908636,0.5137507319450378,0.7655292749404907,0.35517531633377075,65.80410766601562,5.098334746818034,7.389159202575684,2.68359375,0.2368734389452727
00174,874.1637203035112,29.566259829466276,0.3215802311897278,0.6744899749755859,0.6559455394744873,71.52186584472656,4.112246749028168,11.836824417114258,4.74609375,0.4308523610083506
00176,271.2186202583686,16.46871641198453,0.3072911500930786,0.5787872672080994,0.6604679226875305,73.46694946289062,6.403575455262026,8.585027694702148,4.2265625,0.45437846631839196
00181,251.25215851020192,15.850935572079079,0.46509891748428345,0.716903567314148,0.1918967068195343,69.73735809326172,3.3648514745936033,7.366991996765137,2.541015625,0.2345527848143647
00199,530.4101276442814,23.03063454714788,0.22534900903701782,0.5321019887924194,0.5838612914085388,71.35657501220703,3.785290481413365,9.569154739379883,4.4765625,0.19495550601279246
00206,1339.5282259519445,36.599565925731206,0.3334619998931885,0.5471267104148865,0.31007274985313416,63.06288146972656,8.153687039852356,12.480935096740723,2.947265625,0.4026354196643522
00210,421.56511628341434,20.532050951705102,0.2449524998664856,0.5515516996383667,0.8012380003929138,75.58490753173828,3.424259534713657,10.430160522460938,4.97265625,0.2336222902907388
00214,95.40717979526846,9.767659893509215,0.2143285870552063,0.47705399990081787,0.7338153719902039,73.75645446777344,3.662554654906849,12.279038429260254,4.9609375,0.43573411738891277
00228,6566.142127719212,81.03173531227881,0.2730453610420227,0.5895949602127075,0.6805851459503174,74.952880859375,4.105561939417089,11.700488090515137,4.5859375,0.3370743951709755
00230,179.48626365146993,13.397248361192306,0.2215287685394287,0.4938838481903076,0.7744834423065186,75.19385528564453,4.359581062611996,13.378043174743652,4.94921875,0.40805775445952
00237,304.79214057865124,17.45829718439491,0.30771487951278687,0.6396876573562622,0.698737382888794,74.31505584716797,3.930064220170176,5.94771146774292,4.52734375,0.2711175053960443
00243,548.7567882931713,23.42555844143681,0.43371152877807617,0.7111612558364868,0.6083163022994995,73.99182891845703,6.494225394757644,9.894912719726562,3.26171875,0.4412028874898261
00245,161.98990879599384,12.727525635251883,0.23598712682724,0.5413751006126404,0.6508852243423462,73.41011047363281,4.8243772039645,16.200729370117188,4.296875,0.6326295363805123
00260,159.68049439430146,12.63647476135261,0.4286990165710449,0.7231267094612122,0.6325556635856628,74.3005599975586,6.958536869720734,15.090546607971191,3.83203125,0.5239213974715994
00264,1873.4653500146499,43.28354595010268,0.2584192752838135,0.5279608964920044,0.634473443031311,74.4813461303711,6.08523875470956,13.660125732421875,4.18359375,0.5864111994463084
00294,3809.0425857622445,61.71744150369687,0.3192342519760132,0.5976319313049316,0.4671725928783417,73.95670318603516,2.76388369324536,9.930511474609375,4.27734375,0.5412712734989568
00315,85.26859988735235,9.234099841747021,0.20867854356765747,0.5041003823280334,0.6172894239425659,75.0038070678711,4.8239551364307856,14.368061065673828,4.4296875,0.4000517395737767
00324,296.87634475486624,17.230099963577292,0.23658990859985352,0.3944750428199768,0.5586689710617065,75.46224212646484,3.5313886157597874,13.82677173614502,4.7109375,0.619321001710038
00330,223.28458146210272,14.942709977179598,0.34344786405563354,0.7820696234703064,0.6594027876853943,73.96007537841797,3.2222918834350036,7.327794551849365,4.91015625,0.20452323586527224
00391,368.3925599373598,19.193555166705302,0.38611793518066406,0.7418256998062134,0.4065328538417816,61.093528747558594,4.933370340574649,15.610032081604004,2.591796875,0.5096822212106762
00395,561.6230104325637,23.698586675845537,0.24090862274169922,0.626337468624115,0.3525437116622925,66.48684692382812,3.328107706683849,12.136031150817871,3.923828125,0.47698484644096506
00399,1000.3492477937394,31.628298212103342,0.37360477447509766,0.8274190425872803,0.6479135751724243,72.46563720703125,4.659607011430275,9.577390670776367,3.830078125,0.3339199216825063
00405,374.223919380948,19.344868037310256,0.3076125979423523,0.6211742162704468,0.6040942668914795,70.06251525878906,4.101776768753,10.077204704284668,4.265625,0.2903937159532788
00423,1523.8550537662409,39.036586092616254,0.3789711594581604,0.7842961549758911,0.5255662798881531,71.26138305664062,4.771368738971037,11.183743476867676,4.22265625,0.17081348254190776
00432,431.051903892372,20.761789515655245,0.21359270811080933,0.50216144323349,0.5159900188446045,73.9235610961914,2.804963600712144,11.360706329345703,4.62890625,0.27581781798669547
00434,376.3198654805522,19.398965577590786,0.3028642535209656,0.5889669060707092,0.7051424980163574,75.70089721679688,3.187555223239304,8.571179389953613,4.96484375,0.23979878670715574
00443,403.48474696910944,20.086929754671555,0.2790674567222595,0.6913728713989258,0.5416739583015442,68.7592544555664,4.419204178730762,10.824090003967285,4.84765625,0.32041834783635464
00464,1601.8458117722093,40.0230659966501,0.3669689893722534,0.7090864181518555,0.433442622423172,68.55457305908203,5.571945545353563,7.9976348876953125,3.3828125,0.4602271914892617
00471,209.91873971851183,14.488572728827082,0.42667555809020996,0.7331605553627014,0.3804836869239807,60.429752349853516,10.444857323889384,12.331518173217773,4.2734375,0.6623939853618952
00476,133.61940730752076,11.559386112917968,0.2600208520889282,0.5563072562217712,0.7625018358230591,75.98187255859375,3.2677217166316486,11.552284240722656,4.8984375,0.29483067173577837
00500,2358.8353629475505,48.56784288958642,0.35904771089553833,0.7340617775917053,0.5429694056510925,69.42652893066406,4.800302116542471,11.516229629516602,4.421875,0.1727891916453479
00510,181.6745274128715,13.478669348747728,0.3041248321533203,0.6198835968971252,0.53162682056427,72.39736938476562,6.277370429101746,15.098466873168945,3.853515625,0.48307780316416277
00511,265.3839972612897,16.290610708665582,0.39970797300338745,0.83128821849823,0.6651594042778015,74.1803970336914,5.489225184945955,9.401265144348145,4.2265625,0.09585204045831494
00536,933.9657514849782,30.560853251913276,0.3564017415046692,0.6307322978973389,0.39975038170814514,55.27461624145508,5.8319698320824855,13.459278106689453,3.595703125,0.6032462388905497
00548,137.96566565671793,11.745878666865154,0.24342715740203857,0.5411463379859924,0.646109938621521,76.19143676757812,3.6119679357065335,12.06599235534668,4.95703125,0.36564960364767285
00564,1096.008878889081,33.10602481254856,0.28245341777801514,0.6640754342079163,0.5797392725944519,67.67790985107422,6.61397249843055,13.842511177062988,4.41796875,0.3220613739687783
00569,289.0246641349454,17.000725400257053,0.29491639137268066,0.6824356317520142,0.42536240816116333,73.25194549560547,2.7289041434407766,12.04004192352295,4.94140625,0.48187339326140033
00577,340.5944784485293,18.455201934645128,0.3156341314315796,0.5919400453567505,0.6658620238304138,70.14299011230469,3.488691806855726,10.668486595153809,4.640625,0.1936814852351127
00587,609.0489303527646,24.678916717570175,0.30542653799057007,0.6610089540481567,0.6155707836151123,74.07981872558594,3.8736873770817857,11.42392635345459,4.31640625,0.24165900772157814
00606,150.70985185685356,12.276394090157483,0.3701708912849426,0.6909069418907166,0.4538975954055786,65.09262084960938,5.557158112544334,11.61618423461914,3.859375,0.40158530503812406
00635,1171.9925087971662,34.234376126886936,0.2707194685935974,0.7156065106391907,0.6300292015075684,73.96160125732422,3.746542088855948,11.330106735229492,4.5546875,0.34666928008699177
00641,378.6195711646904,19.458149222490057,0.2703891396522522,0.41310688853263855,0.6838313937187195,73.59294128417969,3.963787603641214,11.306825637817383,4.890625,0.5222995288540011
00645,778.2623129858694,27.897353153764772,0.358318030834198,0.7183045148849487,0.4968068301677704,70.56827545166016,5.587242181675634,11.495725631713867,4.47265625,0.4638757119926729
00651,1366.1005134050474,36.96079698011188,0.5717172622680664,0.9741585850715637,0.506663978099823,76.42559814453125,4.990154231421895,11.903763771057129,4.0078125,0.1127054967645865
00656,2097.842219544909,45.80220758374981,0.21549665927886963,0.4071968197822571,0.5433744788169861,75.3231430053711,4.406326879342282,11.190408706665039,4.96484375,0.5440510392460954
00658,643.393160134676,25.36519584262412,0.35220867395401,0.6255974173545837,0.5220686197280884,67.46693420410156,5.644699612747062,11.886343002319336,2.978515625,0.2615323522038926
00666,452.2383394662791,21.26589615949159,0.27371031045913696,0.640841543674469,0.6349952816963196,73.6998291015625,3.2492894052420453,13.339604377746582,4.828125,0.2156658358744604
00687,84.2676834665672,9.179743104606317,0.23189663887023926,0.5379246473312378,0.5199701189994812,73.35234832763672,4.224632762559034,12.363204002380371,4.390625,0.25898038494345993
00690,1013.338671624733,31.832980878716544,0.4021874666213989,0.8263516426086426,0.5530376434326172,64.687255859375,7.248705239335997,14.876090049743652,3.515625,0.339936769122627
00694,87.30562201674076,9.343747750059435,0.3031177520751953,0.5952339768409729,0.6069313287734985,69.89154815673828,3.685152940758525,10.694242477416992,4.6328125,0.3384859078177089
00699,1535.0528970424873,39.179751110012006,0.28316205739974976,0.6253772974014282,0.568882405757904,74.2468032836914,6.472660790533546,13.627448081970215,4.67578125,0.4024917278209403
00708,114.61148464216095,10.705675347317467,0.3344256281852722,0.6217635869979858,0.45086315274238586,74.05797576904297,3.5448947549718457,10.576433181762695,4.66796875,0.27013940221946725
00711,183.10741733032455,13.531718934796293,0.3343074917793274,0.7699238061904907,0.497727632522583,68.72655487060547,4.00165382024171,13.06686782836914,3.99609375,0.40222903418802447
00728,1142.0506178194903,33.7942394176802,0.512688159942627,0.8800610303878784,0.41029420495033264,61.87291717529297,5.671547554555436,11.074370384216309,3.275390625,0.39468754340858614
00732,136.34050167449942,11.676493552197057,0.267225444316864,0.49220219254493713,0.38105645775794983,75.11592102050781,4.814338583437646,13.60523796081543,3.9140625,0.5260931251447003
00734,1404.697134841343,37.47928941217193,0.2527889013290405,0.5424476265907288,0.5433967113494873,74.36177825927734,6.9556645066406535,11.333511352539062,4.12109375,0.5551396012660373
00737,234.95309420683202,15.32817974212307,0.21599256992340088,0.5470951199531555,0.5878269672393799,72.42537689208984,5.3661136101937315,14.765386581420898,4.03125,0.5160206514404883
00741,176.70660937454116,13.29310382771989,0.28384900093078613,0.6901065111160278,0.6922542452812195,75.25035858154297,4.277323273267749,9.965351104736328,4.46484375,0.26628139623716596
00780,1600.39779216884,40.00497209308913,0.301038920879364,0.273760586977005,0.5544195771217346,73.20096588134766,4.586378609536721,15.453041076660156,4.8046875,0.7501579663277169
00784,357.8904258855527,18.917992120876693,0.22761380672454834,0.5306921005249023,0.6003005504608154,71.54788970947266,3.7959583184809635,11.520005226135254,4.75,0.39834445821301456
00786,560.5509432483857,23.675957071434002,0.3055606484413147,0.5344157218933105,0.5780499577522278,72.40762329101562,5.769598871865461,9.823874473571777,4.71484375,0.617570409447775
00791,223.85408427069882,14.961754050601781,0.4032083749771118,0.86275714635849,0.5296932458877563,69.93331909179688,5.502533103481096,14.379082679748535,4.70703125,0.3409235782455824
00867,1203.9158888070424,34.69749110248524,0.39353519678115845,0.9071017503738403,0.41604986786842346,69.19721984863281,6.513196478507445,7.217772006988525,3.318359375,0.2694099916087593
00872,149.98209685210267,12.246717799153481,0.2990422248840332,0.5075728893280029,0.6005929708480835,74.94049072265625,4.426510673081655,13.330735206604004,4.37890625,0.5536667870527737
00880,960.6540340266647,30.994419401348118,0.36769193410873413,0.6367469429969788,0.6242124438285828,68.1477279663086,5.372186073983692,11.778820037841797,4.09375,0.4460888930509207
00884,220.50898482335103,14.84954493657469,0.3209841847419739,0.5183112025260925,0.6643699407577515,74.75497436523438,4.385264315687525,9.397910118103027,4.6796875,0.510027146669348
00885,326.33916677072614,18.064859998647268,0.2375510334968567,0.6313270926475525,0.6274972558021545,73.18679809570312,3.6455583939649157,14.466862678527832,4.93359375,0.4418378204145557
00886,341.28253696457676,18.473833845863634,0.29548150300979614,0.6931434869766235,0.657995343208313,76.54459381103516,5.178767966517489,13.624411582946777,4.44140625,0.33070097186315495
00896,374.0957577669492,19.341555205488238,0.2575199604034424,0.580812394618988,0.44020354747772217,72.18738555908203,4.878848804043029,12.43934154510498,4.828125,0.512574937591941
00921,3245.3352701568097,56.96784417684076,0.28493791818618774,0.7175939679145813,0.5413327217102051,72.07423400878906,3.3669728733372426,10.338817596435547,4.1953125,0.33989842929024805
00929,2750.3202905936364,52.44349617057998,0.32171422243118286,0.7613829374313354,0.4158763885498047,74.01284790039062,3.0900563768468765,9.71509838104248,4.140625,0.2871657028103739
00931,563.3936817540197,23.73591543956162,0.24728405475616455,0.5103490352630615,0.4718875586986542,74.55060577392578,4.264724474597752,15.32293701171875,3.919921875,0.45965060033543254
00933,345.7526873612081,18.59442624447466,0.2621421217918396,0.5551724433898926,0.5487866401672363,76.47691345214844,2.9316503755174383,9.62856388092041,4.4921875,0.26726499005356086
00948,59.152673432881755,7.691077520925254,0.22581255435943604,0.5257988572120667,0.6016249656677246,73.23334503173828,3.161276585049401,10.343111991882324,4.63671875,0.47812395689668163
00952,288.9397377811247,16.998227489392082,0.3471621870994568,0.6496849060058594,0.670945942401886,73.09976959228516,6.006799545417158,10.615379333496094,4.390625,0.3849060131251744
00997,90.63305411415475,9.520139395731281,0.28517186641693115,0.752182126045227,0.6823332905769348,73.0540542602539,5.7932758546970975,9.481389999389648,4.671875,0.4092189112706204
01001,197.6194466850432,14.05771840253756,0.2912300229072571,0.5213518142700195,0.4064456522464752,70.37493896484375,3.115785866177622,10.643767356872559,3.859375,0.6032520371548862
01014,175.43734818091144,13.245276447885542,0.3404584527015686,0.6799370050430298,0.5165731310844421,69.64796447753906,3.1044539177493915,13.178651809692383,4.31640625,0.22532875357946425
01018,401.8463839341768,20.04610645322869,0.3203319311141968,0.5774375200271606,0.7479702830314636,72.83651733398438,5.385027909562258,7.013630390167236,4.92578125,0.4254003024236065
01027,488.7810346763643,22.108392856025613,0.36207395792007446,0.5788848400115967,0.40615642070770264,65.84324645996094,5.802898604889827,14.598505020141602,2.677734375,0.33908675651681275
01029,2165.2074326351794,46.531789484557535,0.3646186590194702,0.7118704319000244,0.3935607373714447,68.25274658203125,4.767390197006478,12.766623497009277,2.578125,0.5145261584449993
01071,307.03448166925824,17.522399426712607,0.2713015079498291,0.7414507865905762,0.7340806126594543,72.88479614257812,4.535439673743251,12.496806144714355,4.91015625,0.4323137177845091
01080,32.34879281279449,5.687599916730649,0.3122149705886841,0.5436575412750244,0.6573966145515442,71.43079376220703,4.816472090256411,14.497573852539062,4.01171875,0.5054386915775849
01091,1637.5200038673045,40.46628230845162,0.2545238137245178,0.4892250895500183,0.6855953335762024,76.86776733398438,4.871430115683557,10.916208267211914,4.87890625,0.4263456027572717
01093,221.93673031752766,14.897541082928003,0.29005861282348633,0.6232051849365234,0.6729972958564758,76.63199615478516,4.169612233335854,10.721353530883789,4.9765625,0.29091568312235117
01118,946.3843390864207,30.763360334762208,0.32870763540267944,0.669945240020752,0.5029677152633667,72.01337432861328,4.611285066192551,9.350250244140625,4.15625,0.33396282149743567
01119,639.7570559594769,25.293419222388202,0.20987290143966675,0.3983031213283539,0.5322775840759277,75.30903625488281,3.9731696220224,14.69738483428955,4.953125,0.49930121277799083
01136,591.6329388617027,24.323505891661725,0.27690649032592773,0.5936236381530762,0.39424610137939453,73.01536560058594,4.954089145904429,8.434440612792969,3.97265625,0.22966988905386684
01168,5313.671551596295,72.89493502018021,0.4410587549209595,0.8223044872283936,0.4335167407989502,69.7787094116211,6.610068776153517,5.770151138305664,3.05078125,0.2025513590250741
01175,706.3127887877004,26.576545840039113,0.278982937335968,0.5513742566108704,0.49237510561943054,70.83358001708984,4.720488176334455,13.556407928466797,3.96875,0.517763385667358
01207,503.0898823983366,22.42966523152623,0.3359559178352356,0.667429506778717,0.6267898082733154,71.03641510009766,6.363798325759745,14.205550193786621,4.03515625,0.4945308367960174
01209,127.98189074605023,11.312908147158725,0.3529709577560425,0.717731237411499,0.41021233797073364,70.70696258544922,5.607416311309603,9.830438613891602,3.55078125,0.4342577631978562
01217,76.29616922284998,8.734767840237655,0.22635775804519653,0.5024837255477905,0.7377389073371887,75.36051940917969,3.7322389721897475,10.68144416809082,4.95703125,0.1467682165136532
01227,1076.8897547578522,32.815998457427014,0.29005444049835205,0.6483503580093384,0.4475311040878296,63.950927734375,5.333009115372332,13.821154594421387,4.36328125,0.5777805769014718
01236,320.40338824970576,17.89981531328482,0.21595919132232666,0.5049927234649658,0.7204728722572327,74.7763442993164,3.5238315704625154,12.12858772277832,4.9453125,0.3707406522437205
01248,2017.3277924199647,44.914672351248036,0.25164496898651123,0.5508344173431396,0.5938587188720703,75.7957534790039,4.244164686217684,10.614510536193848,4.953125,0.41356373074981106
01250,1570.9483940410132,39.6351913587031,0.33917421102523804,0.6217355132102966,0.2767335772514343,62.82804870605469,4.979492139768523,9.927909851074219,2.365234375,0.17963946085320573
01262,863.0647986676086,29.377964508583787,0.39333999156951904,0.8016990423202515,0.4198612868785858,67.89533996582031,5.48279053976389,7.403243064880371,4.234375,0.11266958372155608
01273,124.61014633760564,11.162891486420785,0.30990374088287354,0.6900296211242676,0.5787869095802307,62.96260070800781,5.594348155366832,13.53846549987793,4.61328125,0.33740194172115473
01274,94.08459975490916,9.699721632856747,0.22861510515213013,0.3256116807460785,0.5416421890258789,74.08833312988281,4.648005025777445,17.370864868164062,4.97265625,0.722490994835899
01311,338.02048116121017,18.38533331656541,0.2359473705291748,0.5168030261993408,0.5775449275970459,74.40718841552734,3.9150974669767438,14.205877304077148,3.115234375,0.4716770494653588
01318,527.1241397426611,22.95918421335264,0.23924845457077026,0.5109496712684631,0.5990148782730103,75.56526184082031,4.153569993934598,14.398590087890625,4.05859375,0.34555505910534173
01324,1850.5064870945632,43.01751372516272,0.40598124265670776,0.7990461587905884,0.3653999865055084,58.986610412597656,6.261882096228244,7.617849349975586,2.474609375,0.2852573055205709
01327,419.1997686597124,20.474368577802647,0.3556995391845703,0.8203760385513306,0.5073181390762329,71.7132568359375,4.271068468292244,9.353500366210938,4.74609375,0.15440349344925453
01329,739.522080660394,27.194155266534644,0.26196908950805664,0.5850610136985779,0.6421010494232178,74.48417663574219,4.185367271793141,11.636445999145508,4.7578125,0.33178962320694577
01340,150.94228210907542,12.285856995304618,0.24847835302352905,0.5363276600837708,0.7156393527984619,73.2487564086914,3.8496280240585503,12.30938720703125,4.96484375,0.2741919167799379
01381,665.5316739625931,25.797900572771287,0.3799014091491699,0.7339305877685547,0.6314663290977478,74.53656005859375,4.008242662139802,11.48129653930664,4.37109375,0.31352598479133337
01384,121.87000148033155,11.039474692227504,0.35281211137771606,0.6205496788024902,0.4408801198005676,65.10888671875,4.111596000227216,12.919668197631836,4.12109375,0.30508287301668807
01386,89.78403681678817,9.475443884947458,0.28825926780700684,0.5276383757591248,0.7038364410400391,75.5207290649414,4.249912857998505,9.050580978393555,4.94140625,0.30425136863538726
01387,630.6490196256492,25.112726248371544,0.3066622018814087,0.693987250328064,0.6365936994552612,74.55004119873047,3.738966139864112,10.605066299438477,4.06640625,0.12813423788929607
01391,191.53763423646637,13.839712216533492,0.3347674012184143,0.7051805257797241,0.7237479090690613,75.89544677734375,5.272864950269286,7.862595558166504,4.95703125,0.36792578116042435
01401,559.2675702867461,23.648838666766412,0.29184895753860474,0.5302613973617554,0.7050853967666626,74.58943939208984,6.965566636602813,14.214082717895508,4.60546875,0.5578292741482894
01408,132.2616794206419,11.500507789686589,0.28196823596954346,0.6556807160377502,0.6954903602600098,75.60480499267578,5.249846502589898,9.583023071289062,4.93359375,0.18826856896079064
01410,3129.5086991161065,55.94201193303747,0.3086656928062439,0.6835334300994873,0.5497733950614929,72.9137954711914,4.364305690602238,9.74706745147705,4.0625,0.39768573831480947
01454,344.70313550166463,18.566182577516162,0.30667150020599365,0.6492598056793213,0.6669226884841919,72.53076934814453,5.772850725950449,13.73543643951416,4.6875,0.42207214080587135
01455,252.01594033754662,15.875009931888126,0.3399171233177185,0.664042592048645,0.6431586146354675,75.70054626464844,4.9143111079208035,10.972355842590332,4.7421875,0.3949046275092466
01463,328.1563859155601,18.115087245596143,0.24372416734695435,0.5365299582481384,0.40983903408050537,71.4576416015625,4.324070522023273,15.574514389038086,4.40625,0.49043483639032764
01465,310.41058509859363,17.61847283673002,0.47047901153564453,0.701982319355011,0.4329812526702881,70.0446548461914,4.171165631834565,11.362739562988281,3.376953125,0.32638381335731437
01466,976.2623414720982,31.245197094467148,0.24206537008285522,0.6148562431335449,0.6594758629798889,75.29313659667969,4.072993999009134,10.136122703552246,4.85546875,0.34698252949565794
01474,268.0379957712914,16.371865983182595,0.2564522624015808,0.6886975169181824,0.7316901683807373,74.40359497070312,4.28043516259639,11.024137496948242,4.96484375,0.2574803976757687
01475,208.95431881584236,14.4552522916704,0.2624061107635498,0.5849697589874268,0.41074392199516296,75.53726196289062,3.5798168695118835,6.743464946746826,4.3984375,0.2777691995595513
01476,239.0333998590772,15.460705024644808,0.32812976837158203,0.7270845174789429,0.633621335029602,67.46700286865234,6.183148757054001,13.118182182312012,4.1796875,0.37852072115352453
01483,541.7797430440957,23.276162549786758,0.29663658142089844,0.5640456676483154,0.4004281163215637,71.4370346069336,3.7824755102921843,10.495258331298828,3.787109375,0.2866976005589152
01490,453.3868869002082,21.292883480172623,0.2832891345024109,0.7142336368560791,0.6465727090835571,72.97367095947266,4.330744305469292,11.849796295166016,4.89453125,0.11588358171873032
01515,177.83362204308128,13.33542732885157,0.28532785177230835,0.7141428589820862,0.5394364595413208,73.79557800292969,4.91623012729663,14.794974327087402,3.74609375,0.4827421680669392
01518,1011.9849412429073,31.81171075630651,0.33436697721481323,0.681430459022522,0.4855685234069824,77.05119323730469,6.358604621781595,5.210020065307617,3.509765625,0.18552540253592092
01525,314.9151235289949,17.745848064519063,0.341993510723114,0.574768602848053,0.5824699997901917,68.22688293457031,4.618289113407446,14.638103485107422,4.6328125,0.523027760047692
01532,329.1081860299554,18.141339146544706,0.34606486558914185,0.7181807160377502,0.6972437500953674,74.45570373535156,3.8924863358759145,6.187984466552734,4.8046875,0.1444221841041261
01535,556.8972342417749,23.598670179520177,0.3141995668411255,0.553135097026825,0.5701891183853149,76.87456512451172,5.123563373930028,10.90064525604248,4.66015625,0.33870375954044596
01537,54.44440746340943,7.378645367776489,0.27348411083221436,0.5773399472236633,0.7369078993797302,75.174072265625,5.7776032484627695,12.184974670410156,4.93359375,0.36191078204753935
01539,1655.8389600465657,40.6920011801652,0.33522945642471313,0.6120926141738892,0.6567109823226929,76.77798461914062,5.061519893970596,8.461612701416016,4.9921875,0.20717903461892445
01546,911.0866613688446,30.184212121055015,0.2634214758872986,0.40990251302719116,0.6582720279693604,73.1297607421875,7.0402446629035325,17.034420013427734,4.66796875,0.748591491963402
01548,365.11402371579806,19.107957078552328,0.29996103048324585,0.6072362065315247,0.5526981949806213,68.4964370727539,6.115965531522415,15.81509780883789,4.359375,0.538761957234149
01552,72.14855057034406,8.494030290171095,0.3974594473838806,0.744759202003479,0.6241456270217896,70.30401611328125,3.5527353370588934,8.467615127563477,4.1328125,0.08513237000026165
01554,291.31176543724246,17.067857669820267,0.23719513416290283,0.6610506772994995,0.5105708241462708,75.9040298461914,3.5171692729031006,12.959784507751465,4.87890625,0.19368455800419268
01561,125.35323672520926,11.196125969513261,0.3173903226852417,0.5953257083892822,0.5540978312492371,71.27215576171875,4.866770274283896,12.770930290222168,4.7109375,0.4809642961419626
01578,404.47940460915487,20.111673341846892,0.3599979281425476,0.7215876579284668,0.533754289150238,72.74905395507812,5.027607782327572,11.411491394042969,4.5546875,0.14156660396117254
01582,790.3984642584682,28.114026112573562,0.31817716360092163,0.5901939272880554,0.5669734477996826,74.97858428955078,5.656764273497367,12.419425964355469,4.16796875,0.15369415900619382
01588,673.1018874925227,25.944207204933488,0.2642761468887329,0.6408512592315674,0.6508572697639465,75.9017105102539,3.523032445320272,9.490484237670898,4.921875,0.2195899483392427
01594,700.9788379227591,26.476004946418165,0.3568183183670044,0.6268312931060791,0.6098851561546326,73.03285217285156,4.579809306710335,8.114276885986328,4.44921875,0.3314865742722681
01596,474.65272061923963,21.78652612554924,0.3473241329193115,0.7305588722229004,0.6963496804237366,74.69341278076172,3.5823358890111043,9.901300430297852,4.87890625,0.18592529869309138
01628,889.9620021483072,29.83223092811376,0.29376018047332764,0.5878521800041199,0.7114303708076477,73.68579864501953,4.0090477938831475,9.877203941345215,4.91015625,0.111471593747955
01650,2587.412956076538,50.86661927115403,0.3849151134490967,0.6410152912139893,0.49649056792259216,70.5825424194336,7.4188501683226775,9.511555671691895,3.07421875,0.416963765005278
01666,375.86050445754114,19.38712212932959,0.2536556124687195,0.5869656205177307,0.6099805235862732,75.21843719482422,4.81553826590516,10.30731201171875,4.57421875,0.4468606595957157
01667,30.891514576701542,5.558013545926417,0.2592483162879944,0.6411401033401489,0.7418204545974731,76.28825378417969,4.870828920928488,10.754952430725098,4.97265625,0.26612968905641615
01669,133.5442576462809,11.556135065249146,0.3128960132598877,0.6749062538146973,0.4657325744628906,70.94290161132812,5.000857284037073,11.784065246582031,4.40234375,0.1792265988519273
01677,85.72699405007272,9.258887300862492,0.2070489525794983,0.42493903636932373,0.7523451447486877,75.14337921142578,4.503678514510057,14.557013511657715,4.921875,0.4704133127209059
01738,314.58913267472195,17.73666069683699,0.29851365089416504,0.6563996076583862,0.768587589263916,75.12328338623047,4.635511460299915,9.846136093139648,4.98046875,0.3602323451347055
01746,1026.0081183592351,32.031361481511134,0.2652837634086609,0.6565120816230774,0.6795119047164917,74.83555603027344,2.6189120325392046,11.104935646057129,4.84765625,0.20268701636695122
01751,1192.824010564634,34.53728435422556,0.41713833808898926,0.7701188921928406,0.5287855267524719,72.49083709716797,6.8705666040037965,8.0649995803833,2.962890625,0.24337777695204357
01755,52.82414150226042,7.268021842445193,0.204118013381958,0.46235668659210205,0.6906092762947083,76.25725555419922,3.4799873702899293,12.07341194152832,4.953125,0.30664473058221126
01758,99.2460092556939,9.962229130856905,0.20601660013198853,0.48732849955558777,0.7730790376663208,75.3990249633789,3.7290659842884653,12.999902725219727,4.96484375,0.23640615570416265
01768,225.25671162492836,15.008554614783142,0.2807195782661438,0.6325197219848633,0.7307846546173096,74.9772720336914,5.221977214194129,11.235160827636719,4.90234375,0.1838600834132508
01771,64.3177524032506,8.019834936159883,0.35464638471603394,0.6874953508377075,0.666579008102417,72.2154541015625,5.14803572318181,8.749730110168457,4.33203125,0.30312931002271337
01776,1532.954119254343,39.15295798856509,0.35808759927749634,0.5919428467750549,0.48967018723487854,69.23538208007812,5.291997027510344,10.738520622253418,4.62109375,0.4572805275276504
01791,273.24325180269227,16.53007113725444,0.24411386251449585,0.4654451310634613,0.7246139645576477,75.17121887207031,4.383469762311609,10.712061882019043,4.8984375,0.41537924872673065
01792,495.7405640462896,22.265232180381357,0.4144260287284851,0.7311819791793823,0.5575793981552124,70.1505126953125,4.117208988486303,6.101613998413086,4.5703125,0.19961025272259347
01802,399.09314349627977,19.977315722996416,0.23098242282867432,0.5118919610977173,0.6087037324905396,74.59944915771484,4.421383592585342,11.08552360534668,4.8046875,0.4002590353275052
01810,460.4883438337624,21.458992143941952,0.3204730153083801,0.7234979867935181,0.3573961555957794,70.8377456665039,3.277112387663925,9.689718246459961,3.716796875,0.13019755375487815
01832,879.4947526599287,29.656276783506197,0.29443997144699097,0.5192569494247437,0.5212910175323486,69.12110137939453,5.040382384800544,12.350639343261719,4.7578125,0.5652412491785596
01835,746.4026928110974,27.32037138860117,0.26150423288345337,0.5838592052459717,0.6518915295600891,78.58081817626953,4.209898069094549,10.29200553894043,4.9765625,0.30403169797754015
01843,697.1219423727681,26.403066912250328,0.2593381404876709,0.4879790246486664,0.7411565184593201,78.16655731201172,4.040717887148968,11.104092597961426,4.984375,0.3104981898247003
01848,345.9404438198414,18.599474288802934,0.30446988344192505,0.7478237152099609,0.6997169852256775,74.49730682373047,5.384190273466438,9.598899841308594,4.73828125,0.41463319183094394
01851,241.8945071590216,15.552958148179451,0.28712034225463867,0.6518656015396118,0.5748736262321472,70.14170837402344,3.3042660757908418,11.71261215209961,4.265625,0.35269376491803867
01853,291.19737617790236,17.0645063268148,0.2830103039741516,0.4736383557319641,0.697246789932251,74.80427551269531,4.6329097082097705,14.862363815307617,4.94921875,0.4862279677635828
01873,2688.5785127700037,51.85150444075855,0.2603013515472412,0.48300880193710327,0.7111547589302063,76.12116241455078,5.692935861277422,12.184526443481445,4.62109375,0.6554015262183228
01909,192.6260787873623,13.878979745909362,0.20048236846923828,0.47528424859046936,0.3634776771068573,68.98750305175781,3.0411270669530466,12.258959770202637,4.28125,0.49635666518382365
01915,125.18468681686264,11.188596284470302,0.22741860151290894,0.6204693913459778,0.5150973796844482,73.6151351928711,3.2218020657094537,10.740032196044922,4.62109375,0.4486604078810471
01940,1722.4739233746277,41.50269778429624,0.3398699164390564,0.7067844271659851,0.5028459429740906,65.38658905029297,4.791617492624483,14.518660545349121,3.37109375,0.4165293983238071
01944,104.82643314094378,10.238478067610624,0.3198389410972595,0.6915917992591858,0.57209312915802,76.16868591308594,3.1664153440310434,9.252908706665039,4.97265625,0.361382670824808
01946,602.4579449331095,24.545018739718035,0.23586362600326538,0.5090404152870178,0.7487091422080994,74.99990844726562,5.014544870705163,14.06694221496582,4.9765625,0.4706224776761808
01956,969.5024237989153,31.136833875635386,0.32299304008483887,0.6774582266807556,0.6896358132362366,75.46552276611328,3.957168721757534,10.785202026367188,4.22265625,0.49475542270053635
01958,231.57947076685855,15.21773540205173,0.22262519598007202,0.5379080772399902,0.755867063999176,73.40303039550781,5.747462137826813,11.385953903198242,4.98828125,0.430964090077197
01960,328.5906343066569,18.127069104150756,0.2910217046737671,0.5524855852127075,0.503720223903656,68.25074005126953,6.147743484760591,14.745941162109375,4.734375,0.5293327107876704
01967,1102.3343339551802,33.20142066170031,0.37130606174468994,0.7214820981025696,0.40518718957901,72.82599639892578,4.440271093693747,7.622241497039795,4.0078125,0.2575475379293444
01998,1325.4205324126788,36.40632544507449,0.34612780809402466,0.6556394100189209,0.45897242426872253,57.137882232666016,5.621017811057034,16.749746322631836,4.70703125,0.4372275611724389
01999,659.4225568551,25.679224226115164,0.35664457082748413,0.5896294713020325,0.41403135657310486,67.61821746826172,5.9499736731778485,14.162921905517578,2.9921875,0.6017299871114653
02042,287.49725952850605,16.95574414552502,0.2729078531265259,0.6136435866355896,0.6291869878768921,76.3780517578125,3.9952703652494916,11.338414192199707,4.97265625,0.47145742708848415
02043,515.9732568926164,22.715044725745454,0.2914729118347168,0.6227644085884094,0.6094019412994385,74.63430786132812,3.308903036194647,10.438891410827637,4.8828125,0.31418857187410554
02049,336.3189195713754,18.33899996104955,0.33988624811172485,0.7779529094696045,0.4299106001853943,71.71910095214844,3.783158422470513,10.114242553710938,4.48046875,0.24580077108058157
02051,102.822156108128,10.140126040051376,0.1670469045639038,0.38101035356521606,0.6694864630699158,70.3360366821289,3.672716748000898,13.465126037597656,4.890625,0.5235536846763977
02061,90.3756828968256,9.5066125879214,0.24481415748596191,0.5515124797821045,0.6803638935089111,76.093505859375,3.977734590115496,10.200963020324707,4.91796875,0.2909436768048325
02087,139.1863587338003,11.79772684604116,0.22545009851455688,0.45622673630714417,0.7146267890930176,77.14088439941406,4.798359039511381,10.497503280639648,4.984375,0.4367556909362598
02104,1606.7172792659346,40.08387804674012,0.25173962116241455,0.6614952683448792,0.625940203666687,76.23515319824219,4.536705549195884,9.954937934875488,4.78125,0.36024871723841895
02108,51.88073934134607,7.202828565316967,0.24126118421554565,0.5152190923690796,0.4431489408016205,70.910888671875,2.735493272057237,13.332841873168945,4.046875,0.23901548761028388
02110,3590.990527880407,59.92487403307918,0.3421136736869812,0.5701925754547119,0.6887279748916626,75.88868713378906,6.485685340970794,7.8864850997924805,4.98046875,0.39701188055158027
02111,243.15143032930243,15.593313641728061,0.28841352462768555,0.6223002076148987,0.6650673747062683,77.21104431152344,4.709515112189352,10.237723350524902,4.9453125,0.5205896807535193
02130,384.5802125219096,19.610716777362054,0.19059032201766968,0.4933817684650421,0.49035876989364624,66.05165100097656,4.380741963304921,13.583340644836426,3.36328125,0.49521469436987586
02147,61.50115433252999,7.84226716788774,0.23842555284500122,0.46209442615509033,0.6652246117591858,75.27790832519531,4.381827452232316,14.423150062561035,4.90625,0.3945163498479667
02157,241.53611429113406,15.541432182753752,0.22950786352157593,0.5730058550834656,0.48074448108673096,73.54723358154297,3.5448302849642537,10.748270988464355,4.84375,0.3720479265033953
02176,506.1869540524169,22.49859893532077,0.22473955154418945,0.5200181603431702,0.5295627117156982,68.17154693603516,5.063658045389092,15.381786346435547,4.4375,0.6650981023589876
02185,655.9710887351099,25.61193254588786,0.2383466362953186,0.571878969669342,0.6039260625839233,74.04862213134766,3.167019485925136,12.186185836791992,4.4140625,0.47646018497218234
02186,1469.6956116894196,38.33660928785199,0.23240572214126587,0.4692147970199585,0.6136313676834106,75.88030242919922,4.312526490791553,12.359457015991211,4.43359375,0.5671479490069664
02191,28.8515246694624,5.371361528463933,0.31893956661224365,0.6759607195854187,0.7917133569717407,75.80892944335938,4.77000852103411,10.278299331665039,4.98046875,0.22704813732009196
02207,310.58560275407797,17.623439016096658,0.22818273305892944,0.5139628052711487,0.6974009275436401,76.31675720214844,4.9581539997800155,13.703983306884766,4.8046875,0.5918662418544663
02208,117.90272303004184,10.858302032548268,0.2712535262107849,0.6553772687911987,0.5151843428611755,69.77587127685547,3.6083946466410515,6.995961666107178,4.83984375,0.4121368267240758
02215,1078.8346504991641,32.84561843685036,0.2751743793487549,0.4237728416919708,0.6977748274803162,75.77154541015625,5.907131579443553,9.747552871704102,4.96875,0.5255309080323666
02223,225.57265977821766,15.019076528808876,0.2467256784439087,0.6238075494766235,0.665214478969574,75.01309967041016,4.390195395459712,10.639406204223633,4.97265625,0.3677224500651831
02232,220.13297101152799,14.836878748966306,0.2627416253089905,0.5993494987487793,0.6896552443504333,74.05448150634766,4.4188027462774295,11.92556381225586,4.98046875,0.4425180397194026
02236,344.5834850982545,18.5629600306162,0.2082608938217163,0.420627236366272,0.6658453345298767,76.59693908691406,6.896811865737002,13.084709167480469,4.51953125,0.641419117077984
02237,64.24874253467468,8.015531332025013,0.23204809427261353,0.5329843759536743,0.6865864396095276,72.55813598632812,3.4275279761140474,10.883472442626953,4.7421875,0.3317989589029261
02238,213.41778011213194,14.608825418634174,0.23937833309173584,0.5419156551361084,0.741519033908844,76.48030090332031,3.8386629843119997,11.148687362670898,4.96484375,0.4048007239206186
02241,338.20486986666464,18.390347192662368,0.25847333669662476,0.6736879944801331,0.7575038075447083,73.71602630615234,4.21540027343549,11.094256401062012,4.90234375,0.2491669532268411
02245,418.88276334027756,20.466625597305423,0.1996142864227295,0.4582715630531311,0.738446056842804,74.69392395019531,4.959400373684019,13.358559608459473,4.9453125,0.3830593325438716
02252,705.5662874194838,26.56249776319019,0.3037114143371582,0.4527077078819275,0.635989248752594,73.6295394897461,4.166497385355042,11.007609367370605,4.8984375,0.39667416416062395
02266,162.15206689480573,12.733894411954488,0.2665727734565735,0.5059739351272583,0.6938638687133789,75.45941925048828,4.523655910939382,11.769695281982422,4.765625,0.3595625598055461
02269,196.03976477779833,14.001420098611366,0.22971713542938232,0.5457751750946045,0.717185914516449,74.0111083984375,4.377113670687992,12.370137214660645,4.9765625,0.42263113337409175
02271,650.1027102469573,25.497111802064115,0.2183140516281128,0.5937353372573853,0.5906797051429749,74.72030639648438,3.640244633364411,11.973487854003906,4.796875,0.36626993480083325
02279,220.00643038448314,14.832613740824074,0.33227550983428955,0.6763855814933777,0.23872914910316467,69.59507751464844,4.1475579362446,10.139432907104492,3.068359375,0.30620194791731614
02298,651.6030244181887,25.52651610420405,0.31490015983581543,0.6714630126953125,0.4049079120159149,64.5067367553711,3.576179627218586,8.784856796264648,3.53515625,0.3495533212107485
02303,377.22976801766487,19.422403765179656,0.3038327097892761,0.5919541716575623,0.5986299514770508,72.47264862060547,3.3962568219051468,7.724330902099609,4.3828125,0.14669332720103131
02304,522.0147948104258,22.847643090927907,0.28743672370910645,0.5901592969894409,0.7601318955421448,77.66903686523438,3.259722648163384,11.056068420410156,4.953125,0.36516445446621437
02309,98.2088800977787,9.910039359042864,0.29451245069503784,0.5632014870643616,0.6912037134170532,75.80076599121094,5.993485432741455,12.001309394836426,4.93359375,0.38035292346655686
02313,3198.7755630948855,56.55771886396131,0.2377728819847107,0.4529045820236206,0.6042157411575317,76.25785827636719,6.16105431548165,13.943930625915527,4.91796875,0.6552115980529492
02315,819.731383349604,28.630951492215623,0.2236003875732422,0.30873599648475647,0.5934301018714905,73.58776092529297,4.367254184259076,14.133535385131836,4.49609375,0.7011492984066579
02318,147.28441916536107,12.136079233647129,0.21706122159957886,0.5731081962585449,0.47727108001708984,73.01490783691406,3.3319098858325993,10.751653671264648,4.21484375,0.3083515220817392
02325,1025.2256674546286,32.019145326735824,0.3469786047935486,0.7314070463180542,0.5281019806861877,68.53398132324219,4.007956102082443,9.227643966674805,4.640625,0.19275950242606685
02331,170.04137242068492,13.039991273796348,0.2688305377960205,0.625129759311676,0.622553825378418,74.7160415649414,3.0356651335891023,8.68052864074707,4.94921875,0.22099832473025077
02338,359.3874193765147,18.95751617107354,0.22481787204742432,0.5112097263336182,0.6796721816062927,75.35789489746094,4.217032569167509,11.078910827636719,4.91015625,0.44184051310378164
02343,478.32173311040907,21.8705677363531,0.17823940515518188,0.3940918445587158,0.6346550583839417,72.42033386230469,5.189950041244402,10.8194580078125,4.1875,0.42582126103102663
02344,2247.7946454732137,47.410912725586854,0.21875882148742676,0.3171156644821167,0.6319913864135742,76.37095642089844,5.405313080701506,12.391731262207031,4.56640625,0.7419289705053042
02350,508.3950797713182,22.547618050945385,0.22911107540130615,0.6227259039878845,0.6220365166664124,73.76663970947266,4.038640871124785,11.79317855834961,4.87890625,0.2325679334392255
02353,461.83889822787825,21.490437367068132,0.21508687734603882,0.4907807409763336,0.5306455492973328,70.86233520507812,3.204153807747473,13.394083023071289,4.53125,0.3028210285278078
02356,1716.5133941208876,41.43082661643245,0.3052970767021179,0.5936002731323242,0.5109384655952454,75.06487274169922,3.3293076452940635,9.879697799682617,4.63671875,0.23276816146535032
02364,99.01654953007342,9.95070598149063,0.22440195083618164,0.4975491762161255,0.8047816753387451,75.9187240600586,4.8620835543320124,10.669170379638672,4.9765625,0.43195233870248956
02372,1158.6284806710512,34.038632179790234,0.21621692180633545,0.4214481711387634,0.6730778217315674,73.69937896728516,3.639641639865878,13.45962905883789,4.96484375,0.4969174966943816
02374,903.5336523842938,30.058836510821468,0.38341236114501953,0.8340800404548645,0.510083019733429,70.10003662109375,5.613120148065717,12.087102890014648,3.99609375,0.1285849539469132
02380,100.60346610146135,10.030127920493404,0.28382307291030884,0.6395124197006226,0.6596029996871948,71.58291625976562,5.2289734895257025,9.801445960998535,4.2421875,0.18581829358329732
02385,171.86490788841297,13.109725698442855,0.2505151629447937,0.4440675377845764,0.7176914811134338,73.5813980102539,4.145972824516228,11.755611419677734,4.9375,0.525403254377212
02393,162.5109513426205,12.747978323742965,0.23858016729354858,0.5735043883323669,0.7279655933380127,75.47728729248047,3.9409631375559977,10.764909744262695,4.96484375,0.40292789085686315
02396,311.9348901365857,17.66167857641469,0.26328492164611816,0.6159402132034302,0.6527186036109924,72.74361419677734,4.052270203442116,9.244409561157227,4.83984375,0.350585351747586
02437,967.3030646155477,31.101496179694436,0.3313886523246765,0.7144864797592163,0.5569384098052979,73.03794860839844,5.020098587413503,10.514544486999512,4.23046875,0.33123550686206255
02439,506.5252084614872,22.50611491265179,0.2964780926704407,0.6217712163925171,0.5603318214416504,68.36207580566406,3.750312864302653,12.273839950561523,4.2734375,0.22675654050118804
02447,394.1581857988851,19.853417484123106,0.2040729522705078,0.5396192669868469,0.5634875297546387,72.5991439819336,4.326563708184394,16.410377502441406,4.33984375,0.5199651607570528
02456,163.7006001739358,12.794553535545342,0.282296359539032,0.6946461200714111,0.71217280626297,75.98006439208984,3.7016213819355643,9.94053840637207,4.98828125,0.29944943812552566
02459,1289.478563885939,35.90931026747714,0.3612174391746521,0.73099285364151,0.36411044001579285,71.60856628417969,5.4458642616908755,12.604978561401367,2.8359375,0.3060004363508436
02482,182.1725513237609,13.497131225699812,0.31033700704574585,0.6896780729293823,0.653927743434906,74.25012969970703,5.215799080247586,10.223577499389648,4.87890625,0.4245281279029435
02492,646.8578874504503,25.433401020124116,0.26232975721359253,0.4857521653175354,0.5796483755111694,75.9728775024414,5.641920281114424,10.166258811950684,4.8828125,0.4424459868395506
02493,1900.8543270965724,43.59878813793535,0.3025246858596802,0.598745584487915,0.7065290212631226,75.60872650146484,3.069899048431617,11.722336769104004,4.984375,0.373378811781433
02498,360.45469393638723,18.98564441720078,0.28668278455734253,0.741344690322876,0.7242962121963501,75.73140716552734,4.402158738304785,7.544132232666016,4.9765625,0.27924951990774816
02512,730.7778130862444,27.032902416985202,0.31199944019317627,0.5855128169059753,0.658318042755127,74.3596420288086,5.998191080581321,10.255990028381348,4.94140625,0.5097431213032703
02519,200.2936759298513,14.152514827049336,0.35302674770355225,0.6995226144790649,0.6422772407531738,75.08287811279297,5.558523421782811,9.487923622131348,4.55859375,0.2346041870753157
02521,123.90506592703281,11.131265243764197,0.20564007759094238,0.6038843393325806,0.4670506715774536,76.91600799560547,3.2926902962737263,10.073756217956543,4.90234375,0.4354255785098913
02529,98.00273195582575,9.899632920256476,0.3425665497779846,0.6748566031455994,0.28352075815200806,65.67947387695312,2.9335439898153286,9.334563255310059,4.453125,0.17656031024069782
02551,212.13304653859893,14.56478789885383,0.20539379119873047,0.4921746253967285,0.6450580954551697,74.4943618774414,5.878494107409799,13.889565467834473,4.984375,0.49037604918164746
02559,686.4713436680194,26.200598154775385,0.2712521553039551,0.7544364929199219,0.4949340224266052,74.0193862915039,4.847252203882793,11.858999252319336,3.845703125,0.5828820800107186
02578,101.50324118268136,10.0748816957164,0.3099554181098938,0.6669409871101379,0.5723745226860046,74.10753631591797,4.522154443760598,13.709158897399902,3.99609375,0.22880884127938902
02597,363.4782683623667,19.065106041204352,0.2583761215209961,0.5268938541412354,0.5303336977958679,65.98281860351562,4.698729527438292,15.417920112609863,4.37890625,0.6575049143208634
02607,780.0302531576006,27.929021700689777,0.23543024063110352,0.5029882788658142,0.7502540946006775,75.9763412475586,4.028770617226617,11.598410606384277,4.984375,0.3767377556078147
02625,246.14208874943668,15.68891611136463,0.2887268662452698,0.6828817129135132,0.650086522102356,73.824462890625,4.522488717112069,9.574820518493652,4.07421875,0.3610800543961752
02627,223.6143552556995,14.953740510511057,0.2754117250442505,0.5223963260650635,0.531669020652771,74.64353942871094,3.6468994641723964,14.6727294921875,4.046875,0.45553548094465657
02647,425.8499289292214,20.63613163674872,0.3984025716781616,0.703707754611969,0.6562443971633911,73.75504302978516,5.397302670807228,9.114179611206055,4.8359375,0.24455577747539586
02660,1150.2283205595706,33.91501615154518,0.3315245509147644,0.5879039168357849,0.6914713382720947,76.63111114501953,3.938751094229645,9.475761413574219,4.89453125,0.2436440626575877
02672,985.6620448918486,31.39525513340907,0.2596919536590576,0.504474937915802,0.5267264246940613,68.45414733886719,3.528071196014318,10.746973037719727,3.923828125,0.24695429663438534
02679,865.3134866298219,29.416211289522344,0.26932352781295776,0.5097614526748657,0.6339103579521179,70.89054107666016,6.3844709896513026,13.169534683227539,3.880859375,0.11762469755878334
02680,697.1354213057087,26.403322164184353,0.3222467303276062,0.825673520565033,0.5966152548789978,70.69982147216797,4.321399764135534,10.637088775634766,4.14453125,0.1810746940101678
02720,599.9300214808261,24.493468955638484,0.3365532159805298,0.6640334725379944,0.5869064927101135,69.6500015258789,3.5914270488940163,9.227538108825684,4.8515625,0.29778673133579997
02730,411.92933822167026,20.296042427568736,0.3021675944328308,0.6370893716812134,0.6589413285255432,70.53540802001953,4.287906626449493,9.63660717010498,4.60546875,0.14500801237084604
02744,778.1259842626612,27.89490964786696,0.47165781259536743,0.7016743421554565,0.4700944423675537,68.4503173828125,4.818688429973458,12.56440544128418,2.638671875,0.43294835083127575
02756,279.9176886124945,16.730740826768386,0.284085750579834,0.6666007041931152,0.4898518919944763,68.98680114746094,5.0468324513832075,11.344837188720703,4.37890625,0.6436740121110616
02759,264.4969016289873,16.263360711396256,0.45044052600860596,0.7395553588867188,0.5077900290489197,63.682376861572266,5.481402602739511,13.85786247253418,3.236328125,0.4572391764628992
02762,944.0595454194248,30.725551995357623,0.342033326625824,0.721728503704071,0.645125687122345,69.32408905029297,5.214956645277468,14.13218879699707,4.83203125,0.6547464272381736
02765,4266.513242305625,65.31855205303945,0.39507007598876953,0.8209500908851624,0.34333887696266174,54.074031829833984,6.708654374388096,10.72331428527832,2.31640625,0.5146722272612857
02771,420.7805825254263,20.512936955137025,0.2482784390449524,0.5456836819648743,0.5498635172843933,69.77745819091797,4.013220475474215,13.111852645874023,4.69140625,0.4576684277141114
02794,264.4491608018982,16.261892903407592,0.36165374517440796,0.6721753478050232,0.6639035940170288,73.39976501464844,4.673103797540225,9.667423248291016,4.92578125,0.1600755474212103
02821,2521.77769093594,50.21730469605014,0.2833763360977173,0.5290759205818176,0.6787973046302795,74.02792358398438,4.843833003107754,13.091124534606934,4.98828125,0.43853841455801745
02825,737.4372880008041,27.155796581960253,0.3700835704803467,0.7101077437400818,0.49850964546203613,70.20442962646484,5.19159460564106,12.043967247009277,4.5390625,0.4262385690514981
02830,1131.0774576991914,33.63149502622789,0.25694024562835693,0.6086248755455017,0.5815266370773315,73.86937713623047,3.488683010649098,9.052687644958496,4.8671875,0.40125013683938704
02851,1028.8994151820766,32.07646201160715,0.4040849208831787,0.7213310599327087,0.6355983018875122,76.2633056640625,4.640987383082298,8.989815711975098,4.92578125,0.30900897278596995
02852,512.5872996410603,22.640390889758514,0.3873627781867981,0.8395991325378418,0.6624205708503723,74.75060272216797,5.087711183735919,9.546682357788086,4.875,0.41659665476230656
02859,193.32121997959504,13.904000143109718,0.25388628244400024,0.5307130217552185,0.6964762210845947,72.92194366455078,5.413005720372554,10.572413444519043,4.94140625,0.4254830852604626
02870,269.1832471861473,16.40680490486028,0.32719945907592773,0.756946325302124,0.5695359110832214,71.75972747802734,4.374515846237851,12.18203067779541,4.16015625,0.39223384229918923
02881,225.56574373472765,15.01884628507555,0.3290945291519165,0.7133209705352783,0.6994701027870178,74.97859191894531,4.324892456016982,9.069910049438477,4.9453125,0.1861675552137567
02903,272.0006510578796,16.49244224055005,0.2725430727005005,0.616897463798523,0.6268771886825562,76.85417938232422,3.1882679310860174,11.844316482543945,4.9453125,0.3955762654053938
02907,226.56733222504658,15.052153740413582,0.31631630659103394,0.6338598728179932,0.45780622959136963,71.69745635986328,2.8732286029535836,9.528497695922852,3.705078125,0.16318788577478685
02910,43.77303770793666,6.616119535493344,0.29861998558044434,0.6384191513061523,0.6795612573623657,73.73639678955078,7.7212886876127005,12.665962219238281,4.125,0.3536512518227139
02915,199.18588821428327,14.113323074821297,0.2569337487220764,0.589802622795105,0.7235789895057678,75.31279754638672,5.022875579763769,7.646360874176025,4.9921875,0.4677064298890442
02949,2245.108189051943,47.38257263015531,0.31544429063796997,0.6292175054550171,0.5283200740814209,72.1826171875,4.660762366492248,8.158089637756348,4.01171875,0.3400813599176663
02960,664.7400479975176,25.782553170652392,0.39235109090805054,0.6893964409828186,0.5488508939743042,70.29008483886719,4.331080959263685,13.509683609008789,4.79296875,0.2966361610780568
02962,383.3745778068655,19.57995346794434,0.2530754804611206,0.5448446869850159,0.3952005207538605,71.76493835449219,5.272056918203782,17.196260452270508,4.03125,0.6902090027220207
02969,2662.229892541245,51.596801185163066,0.2721148133277893,0.5642338395118713,0.6656595468521118,73.00468444824219,4.863502633962888,7.241725444793701,4.9296875,0.2612375722355744
02974,2880.5009433575574,53.67029852122641,0.3572700619697571,0.5814623832702637,0.5060693025588989,74.36112976074219,7.795903220911662,6.1529340744018555,4.86328125,0.35334938740431604
02976,190.87644780894792,13.815804276586576,0.36482077836990356,0.8235912322998047,0.7274027466773987,76.73149108886719,4.89140149397435,11.552229881286621,4.83984375,0.20709992575635808
02982,290.80765201639315,17.05308335804388,0.28433793783187866,0.5313383340835571,0.6782500743865967,72.04120635986328,4.874166957114473,12.56479263305664,3.984375,0.593970271335348
02994,51.92376462080743,7.205814639637036,0.3201320171356201,0.6489460468292236,0.6117634177207947,62.398216247558594,5.019145537062144,18.5211124420166,4.86328125,0.43139167255718985
03013,659.4348431614097,25.679463451587335,0.33429449796676636,0.6006155014038086,0.6535732746124268,73.24369049072266,4.595722524872387,12.880058288574219,4.75,0.5810989081922093
03045,155.72120385143776,12.47883022768712,0.344593346118927,0.7212281823158264,0.504572331905365,73.85445404052734,5.21915217047751,11.648271560668945,4.26171875,0.39260886832406117
03046,1955.8162422800185,44.22461127336246,0.26166075468063354,0.4152202904224396,0.5115543007850647,76.1537857055664,4.349732313903823,12.978874206542969,4.84765625,0.6104885298868108
03063,433.14861434470123,20.81222271514269,0.25868022441864014,0.5808179378509521,0.48910102248191833,73.13448333740234,4.525815169704718,13.775480270385742,4.390625,0.3965377055753895
03079,79.71738802403372,8.928459442929318,0.24723505973815918,0.5617625117301941,0.7347612977027893,75.8895492553711,4.91977346535371,13.736786842346191,4.68359375,0.38891149478563203
03088,266.6785507752075,16.330295489525213,0.240342915058136,0.5750037431716919,0.4734802842140198,72.87715148925781,4.330496485758808,13.3844575881958,4.37890625,0.48773952586973096
03108,761.6316836383286,27.597675330330425,0.4257984161376953,0.8230255246162415,0.6239144206047058,75.30084991455078,4.5975953008877815,6.156570911407471,4.96875,0.16048496848626964
03114,156.18310477936163,12.497323904715026,0.3189886212348938,0.655296802520752,0.6148774027824402,75.77848815917969,5.955494432770057,7.723290920257568,4.875,0.38726567758893077
03119,1738.5012492790222,41.69533845982093,0.28242623805999756,0.5933696627616882,0.449329674243927,69.71931457519531,4.916619243029726,16.71988296508789,4.36328125,0.5589136747278611
03125,748.486094482317,27.358473906311314,0.27374666929244995,0.6362006068229675,0.6047836542129517,75.50054168701172,4.519205930549576,13.67327880859375,4.97265625,0.3546381368505859
03141,645.9345157396149,25.415241799747154,0.3508737087249756,0.6608863472938538,0.5082807540893555,75.05261993408203,4.22255759456017,11.538026809692383,3.8125,0.27508043071452
03165,2127.003452697915,46.11944766254161,0.24413561820983887,0.37875229120254517,0.5957394242286682,76.12519836425781,5.204500250881442,13.706634521484375,4.9453125,0.6734710386732619
03178,367.7151041468369,19.175899044030164,0.2725943326950073,0.6102858781814575,0.5832414031028748,75.57373809814453,4.605153350629447,13.758082389831543,4.0234375,0.40551185582737176
03192,526.4362227923784,22.94419802024857,0.21022140979766846,0.5199540257453918,0.6922091841697693,75.27042388916016,3.348973074732821,10.455361366271973,4.93359375,0.3881536129061296
03194,71.71490986888068,8.468465614790006,0.3552424907684326,0.6877714991569519,0.6689339876174927,74.96733856201172,6.426588174085773,10.714971542358398,4.72265625,0.32666344548322884
03196,173.73446862016706,13.1808371744805,0.3927261233329773,0.7585698962211609,0.6069513559341431,73.48828887939453,5.357640944457823,11.8381929397583,4.29296875,0.17268728942537187
03235,281.6571655852565,16.782644773254795,0.3190087676048279,0.7403032779693604,0.42090561985969543,66.21239471435547,4.380797691973674,11.7579927444458,3.546875,0.31404380469671345
03239,207.02053648274799,14.388208244348842,0.29960018396377563,0.5881348848342896,0.5886088609695435,74.37191009521484,3.760696200716426,10.12211799621582,4.890625,0.3125673510902233
03242,761.0540922343291,27.58720885182713,0.46729302406311035,0.8047779202461243,0.4224340617656708,65.73309326171875,6.303833493385186,10.435701370239258,3.64453125,0.4778515312948343
03247,92.20001814089568,9.602084051959537,0.2623060345649719,0.5989348888397217,0.6360697746276855,74.81818389892578,4.20026285430781,11.580048561096191,4.54296875,0.37846701962261403
03254,356.583005132997,18.883405549132206,0.26609915494918823,0.44401460886001587,0.5443762540817261,62.11322784423828,7.940206430443814,19.285511016845703,3.755859375,0.698040225238587
03256,2999.7427032211463,54.769906912657305,0.34736984968185425,0.6488246321678162,0.3809818625450134,69.90875244140625,5.005986291416454,13.316354751586914,3.248046875,0.5810566366681829
03259,397.93733086948544,19.948366621592992,0.3106226325035095,0.6127810478210449,0.6676656603813171,74.52523803710938,4.568236985174934,9.689985275268555,4.75390625,0.32827984863537024
03260,522.1659371582628,22.850950465095817,0.3208216428756714,0.5890132784843445,0.3548332154750824,58.603755950927734,6.056415711605838,11.881598472595215,3.330078125,0.7050643194112874
03261,202.6287273110973,14.234771768844674,0.3132115602493286,0.6488462686538696,0.6360225677490234,68.75691223144531,4.327608555696282,9.353519439697266,4.51171875,0.2360388001001617
03265,232.0371735206631,15.232766443448908,0.3077723979949951,0.7034268379211426,0.7233484983444214,73.86636352539062,6.881106731912071,13.927316665649414,4.125,0.19382323425396575
03268,66.12866076627324,8.13195307206536,0.39056479930877686,0.667296826839447,0.6740893125534058,74.51537322998047,4.802696737542782,10.523521423339844,4.8125,0.25533071121563766
03273,75.36144016006108,8.681096714128985,0.24497008323669434,0.5694389343261719,0.6992647647857666,76.66883087158203,4.193443984016968,11.307454109191895,4.796875,0.2446151136634214
03279,644.3497327630536,25.384044846380444,0.3046529293060303,0.7373806238174438,0.45498913526535034,72.3906478881836,3.9671219204082186,12.096830368041992,3.83984375,0.23092127312220934
03284,273.9244341561212,16.55066265006091,0.31652939319610596,0.6700576543807983,0.6493834257125854,75.48039245605469,5.1190605669159694,10.758626937866211,4.44140625,0.33500161048159677
03288,82.51114717201753,9.083564673189569,0.2535831928253174,0.48944175243377686,0.607545793056488,73.65908813476562,5.766621630574475,10.36826229095459,4.3203125,0.7409562760310191
03294,218.81228520422704,14.792304932099901,0.28312861919403076,0.5762413740158081,0.4084514081478119,66.07505798339844,3.1404326475578266,13.870564460754395,4.25,0.34822054365374566
03297,119.31040806714988,10.922930379122166,0.4139918088912964,0.7111791968345642,0.6872485876083374,75.23399353027344,5.781071023783656,10.435608863830566,4.65234375,0.40346802064582876
03305,72.78272516192081,8.53127922189403,0.22894638776779175,0.5006507039070129,0.5446054935455322,71.70061492919922,4.639450456629504,13.045963287353516,4.69921875,0.3666228733489714
03316,498.40712724540424,22.325033644888517,0.3514765501022339,0.6401715278625488,0.6059882044792175,74.88663482666016,3.718273431484358,11.341343879699707,4.95703125,0.2245497675013262
03331,1781.8415138892788,42.21186461043007,0.45963072776794434,0.8715620636940002,0.4927991032600403,67.0372314453125,5.181941883229041,8.669397354125977,3.603515625,0.1508625583351484
03341,417.23027313476445,20.426215340458068,0.36880332231521606,0.7063307762145996,0.5461872816085815,68.32911682128906,5.629292892887907,12.712137222290039,3.669921875,0.26860572917929126
03353,66.82421754904806,8.174608097581686,0.5320146083831787,0.9744898080825806,0.5401343703269958,67.49080657958984,7.145229619604522,11.390813827514648,3.55078125,0.2809145447727271
03373,140.4298091727361,11.850308399899815,0.22774231433868408,0.5701885223388672,0.6591416597366333,74.05052947998047,4.1342344426377515,11.809755325317383,4.91796875,0.22915479713083045
03391,188.76904939670405,13.739324925071976,0.25546687841415405,0.6486411094665527,0.5553455352783203,72.25965881347656,5.0083357170311835,13.360673904418945,3.931640625,0.5077312669042794
03399,4878.757980344217,69.84810649075762,0.36228930950164795,0.8007852435112,0.5742313265800476,71.00159454345703,5.413062443049811,8.103501319885254,4.5703125,0.265630566626522
03412,1044.7900484346983,32.32321222333415,0.3555101752281189,0.782062292098999,0.6645784378051758,71.8192367553711,5.684109143062416,14.492134094238281,4.62890625,0.1905625748907463
03449,903.2870758294484,30.054734665763537,0.29359912872314453,0.6334769129753113,0.5520722270011902,72.79885864257812,3.003308230197469,10.643735885620117,4.05078125,0.2430069382963756
03463,80.6582148329205,8.980991862423688,0.39434289932250977,0.6403109431266785,0.5752575993537903,71.77922821044922,5.85366933309066,11.484973907470703,3.81640625,0.41512515779782144
03469,325.2594695632583,18.03495133243387,0.30625903606414795,0.6548159122467041,0.4283781349658966,72.03346252441406,5.758485040130042,12.697736740112305,4.9453125,0.4674546555580636
03477,63.376368337147,7.960927605320061,0.30809640884399414,0.5834945440292358,0.6348960995674133,72.11099243164062,4.654032898938297,12.12295913696289,3.892578125,0.4406753297801031
03478,563.07978603218,23.729302266020802,0.31416481733322144,0.6462202668190002,0.6791614294052124,75.1395034790039,5.179921836177618,11.748038291931152,3.79296875,0.5882404757367823
03485,1263.4664450777311,35.545273174892486,0.23730671405792236,0.6494801044464111,0.6297684907913208,72.56620788574219,3.5688220476605337,12.755770683288574,4.94921875,0.31242000766745914
03493,555.4029259109549,23.56698805343939,0.22879159450531006,0.5224581956863403,0.7335414886474609,75.51744842529297,4.100352906994725,10.172662734985352,4.95703125,0.5597802348469874
03502,165.42622329646676,12.861812597626617,0.31893008947372437,0.6007664203643799,0.44962337613105774,73.15558624267578,3.5653175556180625,14.693563461303711,3.556640625,0.40345150477414915
03512,341.27020019594005,18.47349994440523,0.25778496265411377,0.5299951434135437,0.6886265277862549,71.67667388916016,3.6616433179763472,10.414519309997559,4.8828125,0.29505349225530264
03513,195.29874915924367,13.974932885679404,0.22005295753479004,0.6386528611183167,0.682174026966095,75.21037292480469,3.698937322254937,9.871227264404297,4.953125,0.28198952821801776
03516,285.3918405220926,16.89354434457413,0.27245354652404785,0.6317797899246216,0.5784134268760681,73.01390075683594,4.496796818589503,8.222378730773926,4.9765625,0.31498633332668724
03529,878.01364724373,29.63129506524698,0.3199780583381653,0.514737069606781,0.6224939227104187,72.0129165649414,5.112929265586812,8.378406524658203,4.49609375,0.509285723869459
03532,576.277299090212,24.005776369245215,0.28178560733795166,0.6137811541557312,0.4813135266304016,67.6153564453125,2.6485522674944364,10.536261558532715,4.359375,0.3434618529077963
03539,573.1144983974744,23.93980990729614,0.3205903172492981,0.6884297728538513,0.5003169178962708,61.92337417602539,6.116887230473622,15.781570434570312,4.234375,0.33696202367805267
03550,3278.9044351462503,57.26171875822669,0.3993508219718933,0.7580716609954834,0.5816991329193115,73.64537048339844,6.572282123944062,10.764495849609375,3.908203125,0.40915625205366296
03565,168.66606987703753,12.987150183047762,0.311462938785553,0.6012476682662964,0.6287046074867249,69.88813018798828,8.005753903424381,9.090200424194336,3.89453125,0.39188073423078257
03567,724.2113665603895,26.91117549570047,0.24609971046447754,0.6337218284606934,0.6924607157707214,73.93993377685547,3.6685208141763512,11.24611759185791,4.890625,0.162863404558786
03652,233.42398120967255,15.278219176647275,0.1790531873703003,0.4143202006816864,0.7683351039886475,75.17141723632812,3.655894177028317,11.562915802001953,4.9765625,0.3864342924473558
03655,117.28583353185118,10.82985842621459,0.33811622858047485,0.7292482256889343,0.805033266544342,74.27101135253906,4.337370941747855,10.866437911987305,4.9453125,0.12099699542524639
03658,1700.3415763639625,41.235198269972734,0.28009212017059326,0.6588149070739746,0.6373133659362793,72.20465087890625,3.3912995780069153,13.142313003540039,4.98046875,0.2948951388471004
03669,226.17406835731293,15.039084691473512,0.3713144063949585,0.6634759902954102,0.5243422389030457,72.45413970947266,7.914143374788961,11.734796524047852,3.8515625,0.42731596703876995
03703,98.53034049047046,9.926245034778784,0.3767169117927551,0.7138053774833679,0.5511639714241028,72.85061645507812,4.0192864991145525,9.180288314819336,4.09375,0.3256546949973094
03705,720.1454070241224,26.835525093132095,0.27286118268966675,0.5526054501533508,0.517103910446167,74.10679626464844,3.8093645670989056,12.107068061828613,4.16796875,0.434443339316669
03726,630.7132292331839,25.114004643488936,0.36923468112945557,0.7440115809440613,0.5584957599639893,72.68346405029297,6.659310365490961,9.515934944152832,4.05078125,0.2825319672949872
03744,176.71538293906593,13.293433827986881,0.2353290319442749,0.5348514318466187,0.623650074005127,72.92401123046875,4.3003874111387566,11.316217422485352,4.60546875,0.2463533397733275
03749,1213.818222747255,34.8398941265219,0.2602851390838623,0.5891894102096558,0.49879252910614014,69.59601593017578,3.8300569977950047,9.924257278442383,4.41796875,0.3691366388839688
03753,1520.1019151598741,38.98848439167486,0.32783424854278564,0.6678684949874878,0.6244629621505737,72.8653564453125,3.3566878842840633,7.098939895629883,4.9453125,0.21813054816400979
03772,312.8118825929725,17.686488701632456,0.22084516286849976,0.5070316791534424,0.5158272981643677,69.13888549804688,4.155208163703189,13.524222373962402,3.830078125,0.3996129279754314
03782,484.6836073764813,22.015531049158938,0.2910955548286438,0.6736368536949158,0.5041441321372986,74.43315124511719,4.145200361902281,11.198556900024414,3.525390625,0.30160160349555887
03785,561.2420325549241,23.690547324933718,0.30766499042510986,0.6886821389198303,0.6351987719535828,67.15106201171875,5.312451283554575,11.524199485778809,4.015625,0.4796582984568164
03786,225.05463084684777,15.001820917703549,0.23922741413116455,0.5221615433692932,0.7085717916488647,73.07388305664062,4.296883023843425,12.632465362548828,4.96875,0.44235700500098096
03820,687.0869627108076,26.21234370884846,0.3354085087776184,0.7525131702423096,0.6497192978858948,75.57994842529297,4.520309491373395,9.025781631469727,4.44140625,0.1515911889984483
03835,712.7708063709952,26.697767816261255,0.3245425820350647,0.6137057542800903,0.5274363160133362,73.08605194091797,2.751368619040266,9.645726203918457,4.12890625,0.18488438015601646
03846,372.1855875552752,19.29211205532653,0.21842223405838013,0.46425172686576843,0.6956465244293213,75.37113952636719,4.5469141042583425,10.902677536010742,4.9296875,0.40153773046201424
03856,614.8173148387373,24.795509973354797,0.31382638216018677,0.5614845752716064,0.6039395332336426,70.10704803466797,6.007638174382409,12.361959457397461,4.9375,0.5103916213243521
03859,397.3359707900352,19.933288007502306,0.2737904191017151,0.585867166519165,0.5521733164787292,75.54041290283203,4.314949606441059,11.687827110290527,4.8671875,0.4392027964094126
03860,118.75937675591271,10.897677585426756,0.28652268648147583,0.6959072351455688,0.45050421357154846,70.84915161132812,4.649101112247511,13.113698959350586,3.888671875,0.21288704094585484
03868,770.607421286249,27.759816665213208,0.27126604318618774,0.5948057770729065,0.5112226009368896,72.48990631103516,4.055742789296135,12.292222023010254,4.6171875,0.3290567887796799
03870,669.8765748831554,25.881973937146977,0.26038283109664917,0.7152406573295593,0.6481014490127563,68.8619613647461,3.719474087957578,13.254854202270508,4.83984375,0.2696015508887055
03879,332.45931169289787,18.23346680400899,0.2864755392074585,0.6182405352592468,0.4772834777832031,68.18965911865234,4.7927319017546255,11.915077209472656,4.03515625,0.26235497223905896
03885,242.96020127336027,15.587180671095087,0.3352736234664917,0.7919877171516418,0.6795793771743774,73.41998291015625,5.079363126624869,11.661598205566406,4.859375,0.17026764399544028
03917,351.3749701850294,18.744998537877493,0.27345967292785645,0.3580547869205475,0.6903732419013977,72.928955078125,5.776564657074945,12.328948020935059,4.9453125,0.6841028987924139
03930,66.11331029089008,8.131009180347178,0.28949737548828125,0.46254318952560425,0.6501161456108093,72.68617248535156,6.224148643990708,14.151107788085938,3.984375,0.6217909685782279
03937,117.09831024639001,10.821197264923601,0.28693974018096924,0.5641545057296753,0.6686892509460449,72.51683044433594,4.2790715364382885,7.777135848999023,4.83203125,0.3131642118816202
03944,1003.6513691403031,31.680457211667623,0.28265124559402466,0.6678800582885742,0.6695742607116699,77.43453216552734,3.746592698700244,12.107497215270996,4.9453125,0.3651098086702105
03948,525.4235229425861,22.9221186399204,0.22610896825790405,0.5862225294113159,0.6158360838890076,73.8433837890625,3.5848815310309567,12.2315034866333,4.86328125,0.19654064376293046
03951,714.3516230100564,26.72735720212637,0.24366670846939087,0.6217479705810547,0.764430820941925,74.93537902832031,3.5444689169265162,11.12411117553711,4.921875,0.18906375065426026
03964,215.51181047608156,14.680320516803492,0.3438044786453247,0.6340912580490112,0.7066028118133545,75.32665252685547,4.285080353848322,11.493931770324707,4.85546875,0.24665235984791561
03970,1152.326863277876,33.94594030628517,0.1861807107925415,0.44978421926498413,0.6613644957542419,75.08828735351562,3.817152387491124,11.943802833557129,4.8671875,0.31297233823450604
03978,239.2995733022498,15.46931069253733,0.29573261737823486,0.5530720353126526,0.7683379650115967,74.62805938720703,4.4493123366048835,8.451858520507812,4.96484375,0.28207709833608097
03997,798.4428197999324,28.25673052212397,0.3808451294898987,0.6358200311660767,0.6815518736839294,73.9906234741211,6.254276940405535,11.373794555664062,4.46484375,0.32751061999360687
04006,495.31810923627893,22.255743286537946,0.21484386920928955,0.5690091252326965,0.6293667554855347,73.77902221679688,4.125725718057113,13.583645820617676,4.359375,0.29146586952169184
04009,113.66992323542854,10.661609786304718,0.40026092529296875,0.6830808520317078,0.4764693081378937,70.80001068115234,4.890279921968552,11.645970344543457,2.84375,0.3512199671294641
04015,1595.6711453372002,39.945852667544855,0.431044340133667,0.8610177040100098,0.45114341378211975,57.81303405761719,6.480145620392428,11.039525032043457,3.384765625,0.2951009411485157
04016,558.2901143086837,23.628163583077793,0.31094545125961304,0.6633853316307068,0.44862958788871765,69.1400146484375,3.874628100493738,7.7721147537231445,3.896484375,0.2767675121888999
04025,866.5130836124381,29.436594293709287,0.2617523670196533,0.5620516538619995,0.5883157849311829,73.26823425292969,4.787607464590101,16.4213924407959,4.6875,0.5410772535846695
04037,364.1029668628661,19.081482302558836,0.2742875814437866,0.6554193496704102,0.49684378504753113,63.66609573364258,4.794585278390037,16.235401153564453,4.23828125,0.3647039563976068
04054,349.9453429970496,18.706826106986977,0.2750316858291626,0.6025673151016235,0.7324424386024475,74.41719818115234,4.176977232381823,8.837353706359863,4.9609375,0.3782894431324199
04057,461.5099868963764,21.48278349973244,0.34247440099716187,0.641840934753418,0.37566301226615906,69.7278060913086,3.7689027920043157,10.441411972045898,3.29296875,0.2859492375447871
04062,366.40806118543776,19.141788348674158,0.3250659704208374,0.6816883683204651,0.44225770235061646,68.72724914550781,4.441746869402903,9.660208702087402,3.9296875,0.5768181360480439
04068,135.937277805215,11.659214287644557,0.20253127813339233,0.5666362047195435,0.4930732548236847,71.64521026611328,3.365800276004578,12.515706062316895,4.91796875,0.3023577592671376
04070,887.9014859646468,29.797675848371913,0.26806652545928955,0.46040990948677063,0.7000079154968262,75.92427825927734,5.253426910342637,13.42374038696289,4.84375,0.7725798826203383
04078,407.50729950705943,20.186810037919795,0.41869819164276123,0.66480553150177,0.6483067274093628,73.76625061035156,5.581496367434425,6.1862568855285645,4.73046875,0.4244734765375972
04090,2214.1548564030822,47.05480694257583,0.3208564519882202,0.6870638132095337,0.5781450271606445,73.943115234375,4.61132002487841,8.912662506103516,3.765625,0.3877451888801603
04094,351.1876808058279,18.740002155971805,0.2515983581542969,0.5444499850273132,0.5385006666183472,79.00727844238281,3.407273107007963,14.428807258605957,4.140625,0.4468368872647241
04101,776.0261192212018,27.857245363122352,0.33059489727020264,0.7212995886802673,0.5840434432029724,74.5365219116211,6.846421098668384,9.940998077392578,4.01953125,0.424974523732104
04102,1079.9828398487896,32.86309236588653,0.24207186698913574,0.5775864720344543,0.6469710469245911,74.43753051757812,3.4646314595294676,10.519238471984863,4.859375,0.30371924637840125
04116,142.2401296628174,11.92644664863837,0.2583196759223938,0.5999249219894409,0.6221312880516052,72.9592514038086,4.028612701399731,12.324771881103516,4.5859375,0.24667813883713305
04121,201.28338518804767,14.187437583582444,0.2909683585166931,0.6641904711723328,0.6146233081817627,72.74310302734375,3.943586272566745,13.150734901428223,4.45703125,0.3517905542154972
04130,2856.764060357345,53.44870494555827,0.2650482654571533,0.46811720728874207,0.5087775588035583,59.054161071777344,7.92513577059743,21.662769317626953,4.4140625,0.6514831176577376
04132,409.1665885034355,20.227866632530368,0.2568739652633667,0.6583199501037598,0.525227427482605,74.6038818359375,3.941850819953817,11.878387451171875,4.74609375,0.5022696620312372
04140,483.30551734434374,21.984210637281105,0.2951039671897888,0.5781952142715454,0.5080341696739197,68.67140197753906,6.287445864317359,12.794142723083496,3.990234375,0.4144886004661129
04142,529.5922494450094,23.012871386357016,0.24581021070480347,0.6011132597923279,0.7526249289512634,75.73602294921875,4.00096585439194,11.247249603271484,4.921875,0.32571442438883585
04163,111.26844776944807,10.548386026755376,0.28223884105682373,0.6421549320220947,0.675792932510376,76.60018920898438,5.8749400217612875,12.89143180847168,4.9140625,0.480009381954302
04175,151.0964580451582,12.292129923050691,0.23465704917907715,0.4399818778038025,0.5985309481620789,71.15852355957031,6.327574406159543,13.80374526977539,4.3125,0.6498410955636132
04223,85.19923578025127,9.230343210317333,0.2725062966346741,0.589285135269165,0.7168152928352356,72.76544189453125,3.952785187997723,12.935663223266602,4.91015625,0.3248787484336512
04224,160.60307945862635,12.672927028063658,0.39049267768859863,0.7380719780921936,0.6495306491851807,74.60382080078125,4.638713132367036,9.870702743530273,4.140625,0.473324110177583
04230,844.7838585529175,29.0651657238165,0.28021860122680664,0.6266905665397644,0.5367600321769714,77.53755950927734,3.8014262088590782,11.369162559509277,4.8125,0.3599281684918479
04235,329.67242874226633,18.156883783905936,0.2668015956878662,0.47572994232177734,0.5708168745040894,74.64878845214844,4.218925477241901,10.750962257385254,4.11328125,0.527260094315616
04256,381.1131703458367,19.522120026929368,0.38354283571243286,0.7377076148986816,0.6303109526634216,76.38275909423828,4.587641350892944,8.117570877075195,4.609375,0.3417659168025689
04259,113.82512795781166,10.668885975480835,0.31805896759033203,0.4873913526535034,0.7022642493247986,72.86918640136719,2.8781893302395702,7.902390480041504,4.85546875,0.14768422872932746
04260,732.235265860549,27.0598460058543,0.31848859786987305,0.6900680661201477,0.42007532715797424,70.69316101074219,3.9006746920850395,11.510438919067383,4.0625,0.30220881661408366
04262,570.8250057183948,23.891944368728026,0.3315984606742859,0.6283133029937744,0.6955745816230774,75.18807220458984,4.4875732479048,12.017057418823242,4.875,0.2789782135996031
04267,4642.737592719103,68.13763712309888,0.4759445786476135,0.886860191822052,0.533871054649353,70.93446350097656,6.249162675438493,7.0935845375061035,2.998046875,0.03037235538023508
04268,520.1046804395229,22.805803656953703,0.25307929515838623,0.6053802371025085,0.5791202783584595,72.89517974853516,3.5743787502571007,11.579662322998047,4.15625,0.4052793146370256
04270,636.5870120224622,25.23067601199901,0.28221309185028076,0.6516896486282349,0.5999505519866943,72.17440795898438,5.200339301709103,16.493412017822266,4.80859375,0.4838425928970502
04272,495.9110072761237,22.26905941606254,0.2771493196487427,0.5625361800193787,0.5155832767486572,72.13385009765625,3.5689775608890346,12.90923023223877,4.2578125,0.4220946509474188
04278,44.56613842472751,6.675787476000679,0.25119996070861816,0.20960812270641327,0.5361417531967163,68.40907287597656,7.384932596271774,16.949993133544922,4.0859375,0.8936497898046711
04291,324.0478948341126,18.001330362895754,0.20676296949386597,0.5780677795410156,0.5369734168052673,73.6214599609375,3.019726243313338,10.861461639404297,4.3125,0.37690053090297804
04297,858.0261000044812,29.292082548096186,0.3443279266357422,0.6678382754325867,0.6803236603736877,74.90990447998047,4.502803493126246,5.955284118652344,4.73046875,0.2953135727286134
04302,891.1739004138846,29.852535912613597,0.3776249289512634,0.7179697155952454,0.4712674915790558,68.83341217041016,9.832640903963961,10.612136840820312,4.27734375,0.3835306650377292
04317,387.38810538469323,19.682177353755687,0.3281601667404175,0.6052513122558594,0.6906293034553528,76.13014221191406,3.688823666067498,7.742964744567871,4.95703125,0.25024355454648317
04337,1337.063751264983,36.565882339483935,0.25966984033584595,0.524880588054657,0.7226418256759644,77.32191467285156,4.462617096527386,9.855851173400879,4.765625,0.5256053625592101
04344,331.5154591547298,18.20756598655432,0.2858428359031677,0.6608614325523376,0.6773146390914917,73.30384826660156,5.356385735322959,9.257492065429688,4.515625,0.27040326604367015
04360,82.98942957146943,9.109853433039932,0.3620494604110718,0.6844768524169922,0.6224858164787292,73.2625961303711,5.219984904273195,10.400325775146484,4.68359375,0.46116944830438017
04366,1036.5464499415755,32.19544144660196,0.1999151110649109,0.40471917390823364,0.7608223557472229,75.11117553710938,4.078089175312544,12.25420093536377,4.96875,0.6935349717134373
04368,33.602395806843234,5.796757352765702,0.23040276765823364,0.4580886960029602,0.6387234330177307,73.93269348144531,4.282106930686217,14.406819343566895,4.2734375,0.4218122903996102
04376,426.7641342960664,20.658270360707025,0.22649890184402466,0.4719300866127014,0.6875975728034973,74.46614837646484,4.572233103963151,15.694583892822266,4.7734375,0.37967276310673725
04380,995.2449205596082,31.547502604162002,0.36246222257614136,0.6087923645973206,0.4417473077774048,72.19231414794922,5.554283805174734,11.06143569946289,3.5859375,0.45220267112281515
04388,797.593487249585,28.24169766939631,0.30326807498931885,0.5876331329345703,0.6811243891716003,74.11475372314453,4.671704452498177,11.492984771728516,4.9453125,0.4101927094160287
04403,162.31761599593344,12.740393086397823,0.24738472700119019,0.46014195680618286,0.5652059316635132,76.34866333007812,3.281617669385354,13.973840713500977,4.8203125,0.5037516929966583
04407,308.56564596305304,17.566036717571013,0.23742663860321045,0.6347267627716064,0.7466443181037903,75.5866928100586,2.7904133798505155,10.56251049041748,4.6484375,0.23622835005844411
04420,711.3629947309317,26.671389066393445,0.2874457836151123,0.36447563767433167,0.5702062249183655,70.27190399169922,6.36454814386691,13.21426773071289,3.87890625,0.671951159771361
04433,117.21900045842858,10.826772393397238,0.35508692264556885,0.6698649525642395,0.6716119050979614,72.94305419921875,6.712143899875747,11.548333168029785,4.0625,0.4659740500796626
04443,527.9181423973981,22.97646931966263,0.3115020990371704,0.7769258618354797,0.6401402950286865,74.3017349243164,3.959211695594667,9.814481735229492,4.515625,0.159936185762934
04451,2276.403481954813,47.711670290976116,0.448539137840271,0.5332932472229004,0.7056082487106323,76.0003433227539,5.063018030416544,10.114317893981934,4.9765625,0.7009005994791749
04453,1526.6225160367587,39.07201704592122,0.2163625955581665,0.4079737365245819,0.5025090575218201,73.696533203125,8.014633434537716,10.497330665588379,4.76953125,0.4949438143877354
04463,2305.5893614332754,48.01655299407982,0.26554036140441895,0.6376977562904358,0.5919896364212036,74.1179428100586,3.6130034220059697,10.085768699645996,4.85546875,0.3883429097580908
04497,271.790776068233,16.48607825009432,0.2625860571861267,0.6193028688430786,0.6721295118331909,75.1646957397461,4.807955630771152,9.138912200927734,4.76953125,0.4005868483021681
04509,253.58182236600956,15.924252647016424,0.3888661861419678,0.8713207244873047,0.6789327263832092,73.44062042236328,4.137258440039427,7.321035385131836,4.8828125,0.1760785692348065
04524,367.7090773958215,19.17574189948909,0.24259233474731445,0.6122493147850037,0.5162977576255798,74.6130599975586,2.9212154056678643,9.106841087341309,4.59765625,0.20196037900969804
04525,1962.9085038752376,44.304723268238995,0.48759394884109497,0.7407351732254028,0.3771439790725708,68.32395935058594,5.020068710577995,9.929831504821777,3.078125,0.4281011320213652
04526,259.8108819104638,16.118650126808504,0.2804350256919861,0.6703828573226929,0.7350952625274658,76.07460021972656,5.443974796040142,10.250951766967773,4.98828125,0.4001922470029517
04528,313.5630617907987,17.707711929856966,0.3095356225967407,0.6300452947616577,0.7004894018173218,76.09199523925781,4.063761927597337,11.146684646606445,4.81640625,0.34751003599265906
04535,1581.8762791744628,39.77280828876008,0.267539918422699,0.5414860844612122,0.7399937510490417,76.27216339111328,5.6071035546151995,6.035037517547607,4.98046875,0.1338181878551975
04537,232.75058140850547,15.256165357274595,0.34757012128829956,0.6009380221366882,0.7121542096138,75.10520935058594,4.2306016214125535,5.465608596801758,4.8984375,0.1520673243883161
04548,248.3038490402253,15.75766001156978,0.3685014247894287,0.8191571235656738,0.5930542349815369,74.62086486816406,4.73635935334341,9.954898834228516,4.91015625,0.14692668472968848
04568,180.83824152513176,13.447610996944094,0.3146288990974426,0.6338757872581482,0.6300400495529175,64.98880767822266,7.933651146966731,9.182616233825684,4.40234375,0.4694835717387965
04579,415.24652375460363,20.377598576736258,0.2970449924468994,0.7883270382881165,0.6455303430557251,74.70050048828125,4.626685377343933,12.065000534057617,3.875,0.38078254970361686
04581,1011.000217308093,31.796229608368552,0.2570640444755554,0.5360494256019592,0.5069709420204163,68.13371276855469,3.4676025572652454,12.845663070678711,3.505859375,0.17899777316909612
04583,118.42543979018117,10.88234532581011,0.29913729429244995,0.4063355326652527,0.578724205493927,77.33995056152344,5.964463017975617,14.38218879699707,4.9140625,0.7141969564969618
04592,366.9701730054807,19.156465566629997,0.257432222366333,0.5231056809425354,0.5008218288421631,66.80397033691406,4.402896464890469,14.579519271850586,4.12109375,0.39682279479453414
04608,593.6356420135799,24.364639172653057,0.3697932958602905,0.7063251733779907,0.5017476677894592,72.20816040039062,4.467214832172369,11.893226623535156,4.48828125,0.2606534669893996
04641,671.4713106531456,25.91276347001889,0.2788572311401367,0.6522026658058167,0.47126397490501404,71.56927490234375,3.011837063360239,11.831917762756348,4.0625,0.32034371618187124
04653,3050.1316004645428,55.22799652770814,0.4436696171760559,0.667602002620697,0.5624101161956787,68.6417007446289,6.397001649353122,4.597477436065674,4.171875,0.15367227800425184
04659,147.09377658137186,12.128222317445037,0.3505256772041321,0.5995646715164185,0.7320853471755981,73.09223175048828,5.010832502502844,11.912359237670898,4.64453125,0.36388852951580886
04675,478.50766201076544,21.874817988060276,0.40064769983291626,0.7724945545196533,0.5322931408882141,69.30247497558594,5.1204944272773965,10.356954574584961,3.912109375,0.24877527349702935
04678,290.7933327311315,17.052663508412152,0.32737553119659424,0.6665174961090088,0.49009931087493896,68.81198120117188,5.717466836968192,13.183794021606445,4.953125,0.5950027795627215
04694,617.9837703185208,24.85927936040224,0.2712857723236084,0.6007943749427795,0.5460749864578247,69.218505859375,3.473627638458671,8.788031578063965,4.65234375,0.3241305828384786
04697,775.7905625206924,27.853017117014314,0.2714603543281555,0.5255007743835449,0.6915707588195801,74.9649887084961,5.226114276117789,10.881462097167969,4.9921875,0.47660732491777785
04701,776.4607882557375,27.865045994143586,0.2895536422729492,0.6885112524032593,0.5800368785858154,74.56172943115234,4.845779189272803,12.03626823425293,4.25390625,0.24799195776379865
04704,759.4612792051543,27.55832504353547,0.28131532669067383,0.5148756504058838,0.6789636611938477,74.18040466308594,3.943440850407725,10.205892562866211,4.78515625,0.37520149555777693
04712,313.6200609291865,17.70932130063675,0.25920939445495605,0.6587601900100708,0.6780716180801392,73.8257064819336,2.9773438581816336,9.62936782836914,4.921875,0.21036109352495128
04719,157.01474245015066,12.530552360137627,0.25515806674957275,0.6357539892196655,0.6737699508666992,77.01300048828125,3.4572716547058033,11.683805465698242,4.9140625,0.36224851205444625
04720,1640.9592166415785,40.50875481475058,0.2796255350112915,0.6672708988189697,0.560791015625,73.09491729736328,4.342574727200923,13.255346298217773,4.08984375,0.2243350522184898
04756,177.3150517521451,13.31596980141308,0.2340233325958252,0.5227037668228149,0.5897998213768005,72.67694854736328,3.8272102262689724,14.869312286376953,4.7890625,0.4151291260363332
04765,328.4040501097935,18.1219218106081,0.2691291570663452,0.6659049391746521,0.7123465538024902,73.80409240722656,4.98072249611549,10.462499618530273,4.92578125,0.25930178351994587
04774,922.328413701718,30.369860284527455,0.3644816279411316,0.5643455982208252,0.4180963933467865,66.07439422607422,5.004156657152575,10.252480506896973,3.951171875,0.4073005488948476
04775,116.48692608469666,10.792910918037666,0.20593345165252686,0.487840473651886,0.5333975553512573,76.22419738769531,3.2776684621527856,11.263541221618652,4.9453125,0.29671965328469135
04780,301.03901446440887,17.350475914637293,0.2438819408416748,0.5200651288032532,0.6776803135871887,72.38184356689453,4.439099023541243,8.80128288269043,4.953125,0.3764489007408431
04783,155.98492934887923,12.489392673340015,0.2463710904121399,0.5575608015060425,0.6663157939910889,72.15145111083984,3.670814740282329,9.162395477294922,4.94921875,0.4014029873772563
04795,105.40102077032898,10.26649992793693,0.22103679180145264,0.5839968323707581,0.6755291819572449,75.66191864013672,3.1442524316476534,11.749736785888672,4.96875,0.244530256589054
04830,284.350644193925,16.86269978959256,0.26785486936569214,0.5654416084289551,0.5300350189208984,69.30500793457031,9.173141608508079,9.633037567138672,3.99609375,0.6986799732061797
04839,938.9740434158203,30.64268335860651,0.277493953704834,0.5449786186218262,0.6264063119888306,76.19066619873047,8.273552763393603,15.03626823425293,4.2109375,0.6105224653026515
04856,1031.3021035968109,32.1138926883181,0.2654702067375183,0.5665308237075806,0.5692031383514404,73.16785430908203,5.7201577090387925,12.918462753295898,4.14453125,0.6406662987771097
04864,2547.4804044400043,50.47257081267016,0.25896304845809937,0.601342499256134,0.5919641256332397,71.17051696777344,3.4571177086415505,8.0442533493042,4.5390625,0.35753768445821027
04870,485.2134502622882,22.02756115102823,0.39628756046295166,0.7673195600509644,0.609951913356781,73.04448699951172,4.684736626500707,9.725730895996094,4.8046875,0.19328955167790546
04873,1889.3826426915377,43.4670293750509,0.21658968925476074,0.5828230977058411,0.6330391764640808,71.95230865478516,5.204732569674691,14.435813903808594,4.1875,0.42797123600158526
04878,1159.425789067525,34.05034198165306,0.3030836582183838,0.6191510558128357,0.605669379234314,74.26747131347656,4.4268539605428545,12.315242767333984,4.25390625,0.3896451329450782
04890,484.62024909873287,22.014092057105895,0.2966041564941406,0.7181841135025024,0.6599118709564209,71.16007232666016,5.287211256729624,12.28197956085205,4.953125,0.37250648716867957
04897,383.5851573236478,19.585330156105304,0.22152316570281982,0.46572619676589966,0.7408979535102844,75.52789306640625,4.172121192289965,10.515228271484375,4.97265625,0.4052832880546316
04911,72.44652152209592,8.511552239286083,0.4024658799171448,0.7989804744720459,0.4434301555156708,62.818565368652344,5.93271881667028,6.583229064941406,3.93359375,0.3728637612727134
04916,247.5034408978279,15.732242081083925,0.2801659107208252,0.6595273017883301,0.665319561958313,74.26107788085938,5.031837951900525,14.563470840454102,4.4296875,0.47979829619159037
04953,216.8993004175878,14.727501499493654,0.3246396780014038,0.6235446333885193,0.7130104303359985,77.30614471435547,4.5904528944732315,13.183517456054688,4.953125,0.4013389254654604
04958,145.82979778288106,12.076000901907927,0.3979787826538086,0.7462266087532043,0.6326910853385925,71.88739776611328,4.049343764309127,9.186031341552734,4.41796875,0.22134348837312348
04960,650.1073341624657,25.497202477182977,0.3910115957260132,0.6194792985916138,0.7242417335510254,75.6778793334961,4.889749820845208,9.286100387573242,4.97265625,0.4953188653845779
04969,888.6867373008437,29.810849322031128,0.3101236820220947,0.6431344747543335,0.667417049407959,73.53960418701172,5.392074081368638,7.452237606048584,4.28515625,0.22312646986467846
04972,424.4413756400729,20.601975042215564,0.26400530338287354,0.61384117603302,0.5980826020240784,73.76876831054688,4.50855436893265,12.649316787719727,4.48828125,0.5285384110352417
04976,206.62293758132688,14.37438477227206,0.2138797640800476,0.5080633759498596,0.7021677494049072,75.2013168334961,3.316616894521033,12.630470275878906,4.87109375,0.41313159297242324
04994,476.7089715907292,21.83366601353811,0.3800607919692993,0.8115862011909485,0.5809569358825684,76.27945709228516,5.505105809282049,7.869246482849121,4.60546875,0.4752033201439956
