sample_id,depth_mse,depth_rmse,maniqa,musiq,niqe,qalign
00022,614.4905804692194,24.78892051843362,0.3796543478965759,76.87479400634766,4.855406687545365,4.86328125
00027,1257.4129590737975,35.46001916347195,0.40501269698143005,75.1188735961914,4.633967410380179,4.875
00057,248.16114269782568,15.753131202964878,0.3311064541339874,62.4251708984375,6.103066627402699,4.15234375
00064,151.48571991285797,12.307953522534035,0.37574654817581177,73.04010772705078,5.152148230351314,4.96484375
00072,410.11250309116645,20.251234606590444,0.29566335678100586,75.49695587158203,4.60864926791342,4.95703125
00078,34.11914454170041,5.841159520309337,0.43523362278938293,75.66995239257812,3.7845361407827904,4.9765625
00080,1943.7845393836951,44.088371929384,0.36219680309295654,67.35374450683594,5.674219633698066,3.650390625
00101,1975.2993536996592,44.44433995122055,0.34738099575042725,72.34317779541016,4.583556627012687,3.3046875
00106,562.9167482706913,23.725866649517595,0.27862000465393066,74.6164779663086,4.695070534762722,4.85546875
00115,567.7614966472603,23.82774636106529,0.3586215674877167,70.87682342529297,4.927952164435394,4.98828125
00155,155.91249874562627,12.486492651886929,0.29968032240867615,75.72032928466797,3.97810887149635,4.890625
00160,292.16058539913155,17.092705619624166,0.291522741317749,69.5757064819336,5.319955982770933,3.81640625
00166,1568.8658085261727,39.608910721278015,0.365487664937973,73.68451690673828,5.81690799085674,3.990234375
00169,922.7088726387965,30.376123397148564,0.2627098560333252,60.897117614746094,6.316387243081417,2.55859375
00174,857.3749849050805,29.28096625634271,0.3039032816886902,69.71499633789062,4.443670706184388,4.890625
00176,217.2590507086099,14.739709994047029,0.3965226411819458,73.53776550292969,5.340983663382357,4.33203125
00181,250.61500999997997,15.830824678455004,0.27497872710227966,64.03515625,6.5754898508759005,2.34765625
00199,510.17557517980845,22.587066546583877,0.2843630611896515,68.93284606933594,4.60735594775068,4.671875
00206,856.81365195063,29.271379399519763,0.41485270857810974,68.65357208251953,7.064261687408693,3.01953125
00210,276.26391780623345,16.62118882048554,0.40346643328666687,73.89057922363281,3.8925914653165505,4.96875
00214,93.03186460457879,9.645302722288129,0.4380405843257904,73.0501708984375,3.9903774881953344,4.96484375
00228,7270.120820256046,85.26500349062354,0.3054898977279663,73.4519271850586,5.414229604397533,4.67578125
00230,113.5147133310043,10.65432838479293,0.38369619846343994,73.93181610107422,3.9986276735145543,4.95703125
00237,345.2114568800531,18.57986697692029,0.4020998775959015,73.25303649902344,4.410945109905001,4.57421875
00243,420.47577747856593,20.505506028346776,0.3592306971549988,74.31468200683594,5.57227364245453,3.287109375
00245,156.99788301145557,12.5298796088173,0.40110740065574646,73.94094848632812,4.865083135215598,4.2734375
00260,177.84830633347391,13.335977891908561,0.4064820408821106,72.14707946777344,5.713717759934744,4.05078125
00264,1525.3069787202426,39.05517864150979,0.3429749310016632,74.09951782226562,5.466920259575403,4.1953125
00294,3622.611415618648,60.18813351167029,0.33270537853240967,72.653076171875,3.935455321893038,4.34765625
00315,108.94395467290877,10.437622079425408,0.35399824380874634,72.34368133544922,6.094483215610674,4.265625
00324,264.68039119863334,16.269000928103523,0.34634923934936523,73.45906066894531,4.962232387152291,4.73046875
00330,269.7802516532094,16.424988634796964,0.37727808952331543,73.26591491699219,4.902213544580126,4.94921875
00391,343.1656885943187,18.524731808971453,0.3263629674911499,63.2652473449707,6.684882478987967,2.724609375
00395,678.2213530027597,26.042683291142634,0.2513843774795532,62.194217681884766,7.2221204361549365,3.888671875
00399,1017.2669916794638,31.894623240907922,0.3024686574935913,70.98749542236328,6.020153792904561,3.6796875
00405,407.4263500392051,20.18480492943157,0.2571895718574524,70.82061767578125,4.1676853416435815,4.55078125
00423,1265.8434294019069,35.57869347519533,0.24981774389743805,60.70571517944336,5.82219392932693,3.921875
00432,452.02197182531864,21.260808353054657,0.20252349972724915,65.81816864013672,7.861082616443327,4.5234375
00434,311.82249134262815,17.658496293360546,0.4006091058254242,74.22924041748047,3.385494993176952,4.98046875
00443,303.7148600589188,17.427416907244712,0.3300520181655884,69.42707824707031,3.7270679365498873,4.90234375
00464,1388.370623577975,37.26084571742803,0.32316431403160095,68.68962860107422,5.1824860128577415,3.39453125
00471,238.27527356750045,15.436167709878655,0.4173625111579895,69.1624755859375,6.480336003693517,4.30078125
00476,152.1667100848638,12.335587139851262,0.34829413890838623,73.3404769897461,4.405867855014092,4.94140625
00500,2510.380493009415,50.10369739858941,0.2896760404109955,68.41858673095703,5.545568562040309,4.234375
00510,169.21283815126452,13.008183506979924,0.3540516197681427,70.97737121582031,5.586854898827396,3.9765625
00511,293.187444966555,17.12271721913771,0.3638211488723755,73.85906982421875,4.705746447703975,4.390625
00536,835.7912461746724,28.910054413208435,0.30651429295539856,61.518070220947266,5.926782612766793,4.0
00548,146.81504059619616,12.11672565490348,0.3649310767650604,70.20249938964844,5.628923298724398,4.98046875
00564,1133.011144003064,33.660230896460945,0.314203679561615,69.94496154785156,5.371530056087147,4.61328125
00569,230.7233559075445,15.189580504659913,0.2517237663269043,73.49315643310547,3.6954675939347315,4.953125
00577,360.3804505393237,18.98368906559849,0.2811753749847412,70.53803253173828,3.7956763037873142,4.70703125
00587,673.6878719310017,25.955497913370912,0.22700297832489014,68.85801696777344,4.672265016624845,4.3671875
00606,146.82029534350357,12.116942491548913,0.274880588054657,69.18451690673828,4.384063658584468,4.0859375
00635,1083.667928313862,32.9191119004426,0.30985569953918457,70.62126159667969,5.233033854713383,4.7890625
00641,481.78154557083434,21.949522672961123,0.3616829812526703,73.42694854736328,4.641710544614559,4.87109375
00645,763.8598826784012,27.638015172555377,0.37229883670806885,70.82413482666016,8.705350170488964,4.74609375
00651,1375.803659120414,37.09182738987679,0.2955870032310486,62.93282699584961,7.2197855047146575,4.10546875
00656,1883.5888226726192,43.40033205717001,0.38609224557876587,74.24968719482422,4.7365758805945575,4.9765625
00658,544.8561382400094,23.342153676128717,0.3178618848323822,66.88558197021484,4.6001913463409165,3.083984375
00666,442.6380468809747,21.03896496696011,0.2829135060310364,73.07017517089844,4.3933703790559715,4.94140625
00687,72.1992903571743,8.497016556249276,0.24437379837036133,73.93753814697266,3.796933506011593,4.44921875
00690,1062.7083686565386,32.5992080986109,0.3683079481124878,67.71376037597656,5.89371662835836,3.642578125
00694,70.04021209599104,8.369003052693376,0.32723569869995117,55.72216033935547,4.640698972806062,4.8515625
00699,1006.0121942599458,31.717695286069347,0.35395291447639465,72.74778747558594,5.776696908254797,4.78515625
00708,152.90924546356942,12.365647797975221,0.2375604659318924,66.78221130371094,5.473550646306129,4.6796875
00711,181.47402703089813,13.471229603525364,0.2924560606479645,69.80514526367188,5.769441053464997,3.982421875
00728,1107.5334524358805,33.27962518472647,0.4366087317466736,64.96168518066406,4.459511409524646,3.15234375
00732,128.4516044737641,11.333649212577743,0.2874757647514343,69.747802734375,8.968550560616501,3.919921875
00734,1392.4006326993433,37.31488486782913,0.33267927169799805,72.88626861572266,6.526704120026729,4.0546875
00737,210.62173180747453,14.512812677337035,0.34119534492492676,72.76828002929688,4.939836557061398,4.1328125
00741,164.80437449538633,12.837615607868399,0.36058205366134644,74.94257354736328,4.213670964563679,4.55859375
00780,1721.5353138503694,41.491388430014844,0.33449992537498474,62.56800842285156,5.072458112511325,4.55859375
00784,336.489474488785,18.34364943212732,0.29398930072784424,70.62747192382812,4.726343293908149,4.84765625
00786,522.7101136142305,22.862854450269996,0.401959627866745,70.04778289794922,8.15098247525825,4.7578125
00791,174.44175008949898,13.207639837968742,0.34636443853378296,69.09326934814453,5.446139359446437,4.78125
00867,1803.9638487481907,42.47309558706771,0.35677918791770935,62.10920715332031,5.770460130030752,3.5
00872,159.2517076025582,12.619497121619316,0.3395572900772095,72.34153747558594,5.357302263220542,4.19921875
00880,1189.7622736917915,34.492930778520275,0.3685300052165985,70.39624786376953,5.086253756650803,4.203125
00884,235.02490984532204,15.330522164796673,0.3690151572227478,71.68738555908203,5.281411735637907,4.76171875
00885,278.0703625284464,16.675441899045627,0.2764263153076172,72.45122528076172,5.045085235136674,4.96484375
00886,349.67897244827793,18.69970514335127,0.30843260884284973,73.70802307128906,5.464804651856243,4.6953125
00896,353.02413619188343,18.788936537012503,0.2612054646015167,65.89590454101562,8.626733427889205,4.84765625
00921,2810.2136841811985,53.01144861424934,0.34647515416145325,70.29950714111328,4.033806224126981,4.20703125
00929,2834.758058287295,53.242446020889155,0.2682109773159027,60.817569732666016,7.55728043917107,4.1328125
00931,575.0384909656713,23.97996019524785,0.24914047122001648,69.63011169433594,5.146227530248876,3.95703125
00933,320.4610524907458,17.901425990427292,0.28782498836517334,74.020751953125,4.097753938374322,4.5078125
00948,43.42491635818943,6.5897584446009425,0.2832420766353607,71.64486694335938,4.758659952154622,4.69921875
00952,326.4724578541538,18.068548858559556,0.39245080947875977,73.25064086914062,5.683192047512546,4.5625
00997,102.41331828774794,10.11994655557765,0.44941070675849915,74.84246826171875,4.391360738720328,4.79296875
01001,199.15580863102886,14.112257389625121,0.32731759548187256,65.66099548339844,5.655027675336421,3.48828125
01014,184.3157841545176,13.576294934720503,0.25380420684814453,68.30660247802734,3.7679663558927063,4.3125
01018,350.3650568986133,18.718040947134753,0.41289499402046204,73.70048522949219,5.54517120753626,4.87890625
01027,625.7632483175815,25.01526030881113,0.40317994356155396,66.04249572753906,7.555782155825864,2.3671875
01029,2228.0179158408664,47.20188466407741,0.4663539230823517,64.9604263305664,6.867026916629583,2.86328125
01071,341.67120162324505,18.48435018125455,0.4225744307041168,75.35433197021484,4.007632133753207,4.921875
01080,32.11705672562409,5.667191255430161,0.3724447190761566,72.04882049560547,5.2699400820190085,3.908203125
01091,1576.220262847824,39.70164055612594,0.3825892508029938,75.47091674804688,6.6061059119561385,4.89453125
01093,205.9945841308057,14.3525114224238,0.4016605019569397,75.01699829101562,3.9598751832933807,4.98828125
01118,977.3451366273245,31.26251967815973,0.3852812349796295,71.68489837646484,5.224158011784471,4.6171875
01119,572.9370120419865,23.936102691164795,0.35473179817199707,69.9073486328125,5.961219224686904,4.98046875
01136,581.7481056559886,24.11945492037473,0.2849971055984497,65.84532928466797,5.023531283555867,3.908203125
01168,5489.935110569639,74.09409632737037,0.35907241702079773,68.20836639404297,5.927855345227996,3.1171875
01175,697.8253991920141,26.416385051554915,0.30847635865211487,68.42115020751953,7.179492718179099,3.8671875
01207,434.08697053329286,20.83475391103271,0.4481668174266815,71.74369812011719,6.269864966902115,4.0390625
01209,140.65894972083925,11.859972585163899,0.3318983018398285,67.06302642822266,5.526186269427658,3.623046875
01217,88.5782364901881,9.41160116506156,0.35123953223228455,73.40409851074219,3.4214359294962633,4.94921875
01227,2088.54605262881,45.70061326315884,0.27765148878097534,62.88835525512695,5.359975417614588,4.29296875
01236,329.02357090433003,18.1390068885904,0.36553478240966797,73.1054916381836,3.8153477487671976,4.96875
01248,1989.0650960395797,44.59893604156471,0.3383250832557678,74.91938781738281,4.973194073025123,4.98828125
01250,1552.0861594856904,39.396524713300415,0.25443774461746216,61.61370086669922,7.372782622088399,2.40234375
01262,811.4252394412971,28.485526841561086,0.3037007451057434,68.63723754882812,4.979611572778008,4.3671875
01273,135.00168766794096,11.619022664060044,0.3662749230861664,68.65741729736328,4.180425816778978,4.83984375
01274,108.48400619125691,10.415565572318044,0.40647003054618835,71.1679458618164,6.915156622046235,4.98828125
01311,330.85971922596497,18.189549725761903,0.3555367887020111,70.76358032226562,5.122340954803652,3.23828125
01318,562.1783411090008,23.71030031671891,0.34436842799186707,73.27667999267578,5.310530797898229,3.99609375
01324,1657.0590851950114,40.70699061825882,0.3398207426071167,62.675628662109375,5.146019620024877,2.400390625
01327,680.220095119411,26.08102941065423,0.34353503584861755,69.73892211914062,4.756101084989947,4.8671875
01329,608.6664807857973,24.67116699278324,0.3552301526069641,74.88414764404297,3.902745030188588,4.40234375
01340,136.94770171890224,11.702465625623612,0.4428620934486389,71.9092025756836,2.798479605611244,4.96484375
01381,720.6148878562905,26.844271043488785,0.34246906638145447,72.25650024414062,4.630365800549143,4.28125
01384,151.7026783477739,12.31676411837841,0.24171186983585358,65.820556640625,5.006682523546706,4.11328125
01386,122.08659948038363,11.049280496049668,0.394692599773407,75.13799285888672,4.34979921394524,4.9375
01387,659.9679611562177,25.689841594611238,0.3420289158821106,72.3593521118164,4.149777336740367,3.90234375
01391,94.88925404680529,9.741111540620263,0.4193321466445923,74.92877960205078,5.417159912033346,4.97265625
01401,554.5700336185399,23.549310682449708,0.3854949474334717,71.445556640625,5.520878933894554,4.51171875
01408,138.87462291676113,11.784507750294924,0.3802567422389984,76.24636840820312,4.451846442526194,4.96875
01410,3204.771275974088,56.61069930652763,0.28166890144348145,70.42252349853516,5.351514534454087,4.11328125
01454,663.6448638821618,25.761305554691162,0.3987213671207428,75.3060302734375,4.660502839903649,4.7421875
01455,230.5661984337483,15.184406423490788,0.3426748812198639,73.11981964111328,5.173788370627881,4.8203125
01463,308.35372871518024,17.560003665010445,0.2655637860298157,69.06112670898438,5.414551480644767,4.58203125
01465,218.47643263463334,14.780948299572438,0.2606829106807709,60.50891876220703,4.787590605135397,3.05078125
01466,839.8034772059066,28.97936295376257,0.35854947566986084,75.10335540771484,3.6073805390876728,4.8828125
01474,297.6996703683575,17.2539754946029,0.3389037847518921,74.05609893798828,4.314493456866637,4.96484375
01475,196.59151504897685,14.021109622600376,0.3022737205028534,72.32202911376953,4.405035221094552,4.50390625
01476,492.7557870094477,22.198103229993496,0.33902016282081604,67.34647369384766,5.490249726995143,4.23046875
01483,570.4152249901813,23.88336712003107,0.2196895033121109,64.94971466064453,6.24391544713632,3.625
01490,463.63946661088136,21.532288931065395,0.3158666789531708,72.84622955322266,4.083222159239055,4.9296875
01515,205.38629356576726,14.331304670746738,0.3184919059276581,71.27021789550781,5.580295712286506,3.85546875
01518,1207.5193644810347,34.74937933950813,0.32885536551475525,73.7643814086914,4.732320062813929,3.697265625
01525,262.4810020736506,16.20126544667578,0.3701093792915344,71.3757095336914,5.700210744470531,4.76171875
01532,300.93183979877995,17.34738711733787,0.3095425069332123,73.2236557006836,4.562462477597602,4.7265625
01535,500.756230405469,22.37758321189911,0.30847498774528503,73.80768585205078,5.444521919415681,4.69140625
01537,37.380576960206376,6.113965731029769,0.4071289002895355,75.1114730834961,4.958297835929024,4.9453125
01539,1741.5170793993193,41.73148786467264,0.41568130254745483,76.25065612792969,4.856740620518071,4.9921875
01546,994.8264740717973,31.540869900365735,0.4261464476585388,70.35066986083984,6.782794116279382,4.93359375
01548,297.5570705035217,17.24984262257258,0.4094661474227905,70.50906372070312,5.569131183723944,4.50390625
01552,84.22872743194829,9.177621011566576,0.28000250458717346,71.85986328125,4.45537492005928,4.0859375
01554,307.99256452657835,17.549716935796383,0.33670344948768616,74.56877899169922,4.196231847811579,4.9140625
01561,286.8420213777095,16.936411112679966,0.39604684710502625,71.42610931396484,4.121756259686408,4.7421875
01578,420.09601099471473,20.49624382648476,0.3480433523654938,68.90985107421875,5.5969386409554875,4.4921875
01582,788.5400191523032,28.08095474075451,0.2739022970199585,72.50169372558594,5.78103669024817,4.09375
01588,915.4034330248398,30.255634731812187,0.390475869178772,74.50077819824219,4.21666644903607,4.94140625
01594,611.1286669490607,24.721016705407987,0.3470323085784912,73.0589828491211,6.576552389552383,4.59765625
01596,451.885241179452,21.25759255370777,0.39212894439697266,75.49492645263672,3.839406026224226,4.92578125
01628,993.1973363824844,31.51503349803843,0.24678325653076172,70.33330535888672,3.9410227197282754,4.94921875
01650,2244.549905863992,47.376681034703054,0.46836671233177185,70.96871185302734,6.945619928253151,3.376953125
01666,330.2735032268181,18.173428494007897,0.34778907895088196,73.1203384399414,4.639195079740138,4.55859375
01667,28.048758223299835,5.296107837204586,0.3952004909515381,76.49535369873047,4.560642041005375,4.9765625
01669,141.26280764044614,11.885403133274282,0.31226885318756104,68.35823822021484,5.592974807879204,4.39453125
01677,90.11119311919555,9.492691563471109,0.40923359990119934,74.88098907470703,4.637666585350561,4.9453125
01738,385.0478513341377,19.62263619736496,0.4551752805709839,73.9130859375,4.0944495151843405,4.98828125
01746,996.4012967220278,31.56582482245677,0.29977574944496155,75.47064208984375,3.4979166952931044,4.97265625
01751,1024.4647050398714,32.00726019264803,0.3708721697330475,70.5350341796875,4.975729658557094,2.65234375
01755,76.04367633152248,8.720302536696906,0.3585081398487091,75.2103042602539,3.9273839095604957,4.9765625
01758,108.43405850849435,10.413167554039182,0.41807982325553894,73.69037628173828,3.839137937782973,4.97265625
01768,250.27121126348067,15.819962429268935,0.36317679286003113,74.9893569946289,5.220651703967544,4.94921875
01771,63.946964745635334,7.99668460961387,0.4185205101966858,73.12324523925781,5.072033926263144,3.919921875
01776,2017.029220157826,44.91134845624017,0.3438397943973541,69.67337799072266,6.340742345513478,4.671875
01791,244.31249414521284,15.63049884505331,0.3989017605781555,73.39436340332031,4.109656740269939,4.91015625
01792,503.3073451989293,22.434512368200235,0.22855672240257263,69.27096557617188,3.9571988021862263,4.64453125
01802,398.39479129452485,19.95982944051689,0.36398008465766907,72.93938446044922,3.876187532679889,4.921875
01810,312.35033804299115,17.673435943330066,0.26727986335754395,65.85527801513672,5.444179110708635,3.568359375
01832,889.989954339242,29.832699414220663,0.2920943796634674,66.10169219970703,6.540520019886889,4.8203125
01835,693.4712180007846,26.333841687091244,0.3317049443721771,75.46707916259766,5.209053796254862,4.984375
01843,626.7274396814746,25.03452495418027,0.3880848288536072,77.38417053222656,4.067784131708467,4.98828125
01848,328.07897752223175,18.11295054711495,0.37282511591911316,75.58479309082031,3.8696629110033944,4.8515625
01851,235.03016706212009,15.330693626255796,0.2100798487663269,66.25939178466797,5.142074559748484,4.38671875
01853,254.06782432729452,15.939505146876252,0.3904276490211487,75.20211791992188,5.23759802757011,4.9765625
01873,2300.0963728163265,47.95931997866865,0.4048006236553192,74.87974548339844,6.1571817099770385,4.3359375
01909,191.10002775014848,13.823893364394435,0.24467194080352783,66.96549224853516,5.179845254835776,4.48828125
01915,117.44228161742608,10.83707901684887,0.2850755453109741,71.73175048828125,4.479106398170839,4.640625
01940,1789.469723120437,42.30212433342369,0.27070099115371704,61.223388671875,7.2288087282598115,3.44140625
01944,103.82539735504119,10.189474832151125,0.2731047570705414,75.94575500488281,4.83732582143051,4.98046875
01946,429.2617903111855,20.718633891045652,0.41282689571380615,74.38388061523438,5.320343615849192,4.984375
01956,767.2162144239539,27.698668098375308,0.3286013603210449,72.80643463134766,4.541343800199748,4.109375
01958,219.45106009823778,14.813880656270921,0.397215336561203,72.37690734863281,4.453637134615752,4.9921875
01960,303.62502689201057,17.424839364883987,0.2470344752073288,66.53960418701172,7.533201383545084,4.83984375
01967,845.5832842715533,29.07891477121444,0.3890339732170105,71.38131713867188,5.397085294557205,4.00390625
01998,1124.2891124611929,33.53042070212053,0.2679346799850464,63.72984313964844,4.938659379839868,4.83984375
01999,663.3117840361219,25.75484001185257,0.2883574068546295,59.921852111816406,6.7133308902362145,2.833984375
02042,194.5206545699705,13.94706616353312,0.3684760630130768,75.4146957397461,5.029846671076242,4.96875
02043,496.4006101927418,22.280049600320503,0.2733183801174164,72.30367279052734,5.7072894002252355,4.92578125
02049,508.55593275088876,22.551184730538854,0.27682173252105713,68.25342559814453,5.1537520797545024,4.34765625
02051,95.72375032277269,9.783851507600302,0.4437967538833618,69.00531768798828,3.877293890654462,4.90234375
02061,127.54405591780228,11.29354045097472,0.4003307521343231,74.72019958496094,3.730898262812515,4.94140625
02087,191.02700319590764,13.82125186789922,0.4004579484462738,75.57512664794922,5.318808779734353,4.98828125
02104,2019.4176596149143,44.93793118975232,0.3756698966026306,75.79547882080078,5.357188038169094,4.6953125
02108,55.22280394670512,7.431204743963466,0.21553629636764526,68.6646957397461,4.035620896864272,4.04296875
02110,3500.6367947967933,59.166179484539924,0.420126348733902,75.68145751953125,6.97413583126078,4.984375
02111,242.54114417264063,15.57373250613483,0.3843012750148773,72.40967559814453,6.8626175747400735,4.94921875
02130,326.0347324847622,18.056431886858547,0.262176513671875,64.29508972167969,4.880790783062586,3.376953125
02147,64.00652249889967,8.000407645795287,0.39627426862716675,75.38130950927734,4.966574700426706,4.9765625
02157,257.6523620154142,16.05155325865426,0.29715827107429504,70.80615997314453,5.714613143415391,4.93359375
02176,547.7442676157177,23.403937011018417,0.30019572377204895,62.465240478515625,6.6274157445520645,4.75
02185,804.4861615919451,28.36346526064728,0.26960352063179016,68.33851623535156,5.090073386272972,4.50390625
02186,1568.0377472881337,39.59845637506762,0.3702414929866791,74.16780090332031,4.968706464475021,4.625
02191,23.898695586648884,4.888629213455331,0.4594558775424957,76.61804962158203,4.5139560773852345,4.98828125
02207,269.34678330172073,16.41178793738576,0.44125089049339294,70.72329711914062,4.150085551406637,4.81640625
02208,121.40784625479857,11.018522870820687,0.26448875665664673,67.53457641601562,6.960272010956111,4.89453125
02215,739.6816844096929,27.197089631239827,0.419554740190506,75.5021743774414,5.0080460784150125,4.98046875
02223,254.8662130036454,15.964529839730496,0.3719099760055542,75.34209442138672,3.9704885306991464,4.97265625
02232,207.0725715322775,14.390016384016993,0.3421616554260254,74.43000030517578,5.158928452183386,4.984375
02236,288.38946562675585,16.982033612814334,0.42486515641212463,74.29235076904297,5.980453195268766,4.78515625
02237,64.09319827112274,8.005822772902404,0.3537835478782654,72.82249450683594,4.081911193099121,4.7421875
02238,205.51895890799594,14.335932439433298,0.3793405592441559,75.28782653808594,4.066468197922505,4.97265625
02241,303.29091633446507,17.415249534085497,0.3956785798072815,73.14611053466797,2.8290727641169213,4.93359375
02245,317.75849640958444,17.825781789576144,0.35034334659576416,75.84687042236328,4.206427773785161,4.953125
02252,577.2026887940942,24.02504295093131,0.34937021136283875,70.52210998535156,6.948957909737811,4.8828125
02266,172.98582110927106,13.152407426371457,0.3866949677467346,73.40567779541016,3.291707297323789,4.8984375
02269,185.04357933349272,13.603072422562953,0.39951229095458984,73.43070983886719,3.978965822998424,4.9765625
02271,592.403389338974,24.339338309390705,0.32854995131492615,74.7752456665039,4.582615223793243,4.95703125
02279,219.96102938576462,14.831083216871404,0.22963881492614746,54.81990051269531,8.644432994436164,3.109375
02298,633.0430296996078,25.160346374793964,0.2403324842453003,62.17760467529297,7.110531095239049,3.56640625
02303,347.26535791305974,18.635057228596313,0.2037915736436844,67.74311828613281,4.1311012293777445,4.2734375
02304,500.944597096467,22.38179164178925,0.3708936274051666,74.91739654541016,3.985756120535957,4.9296875
02309,117.62805250688275,10.845646707637252,0.38708510994911194,72.98905181884766,6.8111239702648065,4.94140625
02313,3415.6041432693187,58.44317020208023,0.43094736337661743,74.47615814208984,5.924830006779201,4.90625
02315,623.2436271437983,24.964847829373973,0.34190693497657776,71.92216491699219,5.247730944419283,4.64453125
02318,146.69557762533069,12.111794979495428,0.22101958096027374,66.29005432128906,5.754007957633558,4.5390625
02325,1069.1503728038897,32.69786495788203,0.2499466836452484,65.23137664794922,5.00262513000807,4.78515625
02331,172.32829939274694,13.12738737878741,0.295187771320343,73.6867904663086,4.340907692593492,4.9921875
02338,297.54913833428503,17.249612700993755,0.41583266854286194,73.64698791503906,3.8653560807977407,4.9296875
02343,442.75683241646317,21.041787766643385,0.40391096472740173,70.86859130859375,4.657338625600265,4.2578125
02344,2419.714489447862,49.19059350574927,0.41747012734413147,74.68428039550781,8.676481681646367,4.48046875
02350,504.25678838132694,22.45566272416218,0.31678515672683716,73.78743743896484,3.9012656014761986,4.9375
02353,393.7542612127584,19.843242205162905,0.23481574654579163,63.680931091308594,6.387806421568946,4.76171875
02356,1255.4440059226483,35.43224528480588,0.32282164692878723,71.92398071289062,3.5280029383201668,4.83203125
02364,99.13293016409426,9.956552122300884,0.4514778256416321,73.36749267578125,5.028092158551299,4.97265625
02372,917.7124303418799,30.293768836872704,0.3625108301639557,73.40070343017578,4.248184867088887,4.9921875
02374,1121.3613494244726,33.48673393187924,0.3015161454677582,70.22920227050781,6.994363526396359,3.951171875
02380,102.6181074059103,10.13005959537802,0.33596497774124146,73.2442855834961,4.317930427848797,4.03515625
02385,168.97182747727877,12.998916396272374,0.4239961504936218,72.63941192626953,4.773447861697334,4.9140625
02393,194.3029049923044,13.939257691581156,0.3080425262451172,72.37983703613281,4.916228382224032,4.984375
02396,310.277672011429,17.61470045193585,0.332658588886261,67.3725814819336,5.767842384570869,4.7890625
02437,1667.8970604408007,40.839895450904386,0.3468828797340393,73.7691879272461,5.026549599269065,4.28515625
02439,476.7883019618249,21.835482636338153,0.2553328573703766,69.22237396240234,4.716432854462945,4.40625
02447,357.16627778257407,18.898843292185216,0.28782710433006287,69.45217895507812,5.7053895730053705,4.30859375
02456,149.18793678788577,12.214251380575305,0.36171039938926697,75.19388580322266,6.2436151491069705,4.98828125
02459,1419.5372234596814,37.6767464553361,0.2398553341627121,69.6279067993164,5.188668240255462,2.9609375
02482,142.91747371426302,11.954809647763657,0.3750057816505432,74.84378814697266,4.546695296646243,4.87890625
02492,685.0664541047615,26.173774166229094,0.4696159064769745,74.72663116455078,5.560837399342962,4.87109375
02493,1391.1594366855436,37.29824978045945,0.38842350244522095,75.1711654663086,4.772084279097561,4.98828125
02498,295.1671039692489,17.180427933239873,0.33541011810302734,74.93058013916016,5.258060215637148,4.98046875
02512,757.4199886241374,27.52126429915852,0.37456250190734863,74.313720703125,5.2523588810146595,4.984375
02519,231.67625299415963,15.220914985445507,0.36001938581466675,72.85187530517578,3.960738937014387,4.43359375
02521,131.06524036707123,11.44837282617365,0.29319900274276733,74.984619140625,3.775486742123677,4.9375
02529,87.20741230570297,9.338490900873811,0.2187758982181549,69.51600646972656,4.888367680096527,4.69140625
02551,212.4943329147941,14.577185356398337,0.39258432388305664,73.11351776123047,4.6472264116359625,4.984375
02559,599.9304407822092,24.49347751508979,0.3620176315307617,70.5230712890625,5.517274123709047,3.611328125
02578,124.87429905333012,11.174716956296034,0.32463279366493225,71.62537384033203,4.0134545963259605,4.00390625
02597,322.1683404052008,17.949048454032344,0.3059288263320923,66.15630340576172,6.3550712117633985,4.625
02607,899.837080198746,29.99728454708436,0.4062226414680481,74.52428436279297,4.110858001476993,4.984375
02625,269.92448358164455,16.429378673024875,0.38477328419685364,75.8887710571289,4.948574023365034,4.34765625
02627,227.7007400740561,15.089756130370567,0.28257036209106445,70.03192901611328,4.527469221212301,3.9609375
02647,406.97792483987695,20.173693881881846,0.3954964280128479,71.6824951171875,7.8731427531688185,4.90625
02660,1017.4805359109057,31.897970717757357,0.3722553551197052,74.88140869140625,4.694073078874727,4.95703125
02672,809.6600651443391,28.454526268141226,0.31248053908348083,69.59809875488281,3.796531031442631,3.97265625
02679,931.5792772204911,30.52178365070579,0.34287315607070923,69.46475982666016,5.134288268557281,3.6875
02680,636.5640544768016,25.23022105485407,0.3212414085865021,73.18583679199219,4.368587693757816,4.13671875
02720,634.0436898310377,25.180224181508745,0.27812469005584717,69.20777130126953,5.218061423182896,4.7734375
02730,428.0164280269566,20.68855790109491,0.27012816071510315,66.06647491455078,5.012884261994765,4.34765625
02744,778.1390926316872,27.89514460675347,0.358931303024292,65.76702880859375,5.6795628038940915,2.708984375
02756,259.4241363731984,16.106648825041116,0.39139798283576965,65.94819641113281,5.48062637010206,4.37109375
02759,261.2560943248258,16.163418398495594,0.3347293734550476,67.40916442871094,5.54543116068315,3.322265625
02762,933.7571213128276,30.557439704805564,0.3655439615249634,72.73680877685547,4.974782093448942,4.8046875
02765,4349.542818666545,65.95106381754994,0.4153761863708496,59.739131927490234,4.788038620213372,2.546875
02771,447.0741610082134,21.144128286789538,0.2576967775821686,68.47512817382812,5.153704033417585,4.73828125
02794,270.8688509593216,16.458093782674883,0.2886422872543335,70.7779541015625,4.438794065239696,4.953125
02821,1801.3385047698537,42.44217836975211,0.3981911242008209,74.47038269042969,4.202854197311285,4.98828125
02825,688.7738641733599,26.244501598875143,0.29799631237983704,66.90941619873047,4.962216353229396,4.734375
02830,1114.2717732921244,33.38070959839117,0.2935543358325958,65.20519256591797,6.850228555107746,4.9375
02851,1208.468258186705,34.76303004898602,0.4226364195346832,75.78483581542969,5.129132444539756,4.93359375
02852,479.5793206822121,21.89929954775294,0.38874343037605286,73.08820343017578,6.710078005127575,4.92578125
02859,188.29318388747618,13.721996352115685,0.382207989692688,74.62091064453125,4.569134514802077,4.9609375
02870,314.9521384998659,17.746890953061776,0.3424064517021179,73.13385009765625,4.440092704778089,4.0078125
02881,204.87473172042255,14.313445836709711,0.37178704142570496,74.67656707763672,5.758066458368031,4.92578125
02903,254.85235433319173,15.964095788148846,0.3284235894680023,72.3666763305664,4.591734073528511,4.96484375
02907,245.91495271931802,15.681675698703822,0.18549677729606628,67.40943908691406,5.370547378079258,2.9375
02910,46.20741715314883,6.797603780241154,0.3964531421661377,74.08568572998047,5.0529673286239225,4.203125
02915,206.79966079471998,14.380530615895923,0.41102468967437744,74.0657958984375,4.47846279743663,4.9921875
02949,2069.079956975299,45.48714056714599,0.3467169404029846,69.10940551757812,6.610498445567799,3.990234375
02960,608.6135148930889,24.67009353231335,0.27106884121894836,70.03670501708984,3.6883291010105945,4.828125
02962,385.92564747992026,19.644990391443827,0.2880401611328125,58.131465911865234,9.308882615584155,4.05078125
02969,2760.3104553554667,52.53865677151888,0.36757633090019226,70.13607025146484,4.737885998459235,4.8671875
02974,2871.319992477357,53.58469923847065,0.36515921354293823,72.60906982421875,8.932983172295744,4.95703125
02976,190.52990362280113,13.803256993289704,0.3313175439834595,75.82012176513672,4.725384981015321,4.82421875
02982,329.58746173823135,18.154543831730702,0.43656888604164124,73.76554870605469,6.010228295419535,4.1015625
02994,66.08660431906135,8.129366784630975,0.3520803153514862,65.99222564697266,3.903985728390038,4.96484375
03013,627.8050359920339,25.05603791488259,0.3694460690021515,72.73379516601562,5.826897309289382,4.7265625
03045,153.7600925771262,12.400003732948075,0.37098848819732666,73.9963607788086,4.607840313712587,4.390625
03046,1599.4001863022597,39.99250162595808,0.30627381801605225,70.00690460205078,7.643846128942269,4.90625
03063,367.97424513163594,19.182654798844606,0.32980605959892273,69.67289733886719,4.490583543147653,4.10546875
03079,61.160317934179,7.820506245389681,0.3737613260746002,75.71005249023438,5.110665363797297,4.6875
03088,246.6536144370981,15.70520978647207,0.3167067766189575,70.70702362060547,5.192811215820168,4.421875
03108,794.5416523199399,28.187615229386466,0.34215304255485535,74.56092071533203,7.562977590718432,4.98046875
03114,185.58227134154777,13.62285841303314,0.41901370882987976,75.82103729248047,5.13133151023033,4.95703125
03119,1512.4896421960511,38.890739800061034,0.25330930948257446,62.90207290649414,5.192986427032539,4.265625
03125,553.2959954041123,23.52224469314339,0.2699609100818634,72.00808715820312,5.429554747428554,4.98046875
03141,725.2159857130282,26.92983449100696,0.28636816143989563,72.01338958740234,5.052198637352611,3.564453125
03165,1883.9562462332506,43.40456480870705,0.3914099931716919,74.6440200805664,5.1400591904097945,4.9765625
03178,401.9535427150731,20.048779082903604,0.35309773683547974,70.18607330322266,5.905276390890867,3.9375
03192,520.7937815915759,22.820906677684302,0.3732042908668518,73.46647644042969,4.11275928226438,4.9453125
03194,137.3712502825579,11.72054820742434,0.42392048239707947,74.77011108398438,6.87181873502985,4.6328125
03196,194.56886839486847,13.948794514038426,0.3649533987045288,70.37027740478516,4.010672573256147,4.42578125
03235,270.1738043345591,16.4369645717985,0.23616598546504974,61.18888854980469,7.6959412972127925,3.931640625
03239,257.17304585261087,16.03661578552691,0.4094417095184326,75.88707733154297,5.126771866241824,4.828125
03242,720.3669096441224,26.83965181674536,0.41732460260391235,66.91907501220703,7.263184592499603,3.650390625
03247,75.11236048442878,8.666738745596799,0.3772106468677521,75.38179779052734,4.651549634488315,4.828125
03254,338.97588269215225,18.41129769169333,0.3836679756641388,65.83694458007812,7.767203208766038,3.69140625
03256,2971.7441630869616,54.513706194744834,0.3015473783016205,64.09210205078125,8.479668513481668,2.99609375
03259,406.0840074679567,20.151526182102355,0.3064306676387787,68.74759674072266,5.50026189192637,4.8203125
03260,560.6016647275932,23.67702820726438,0.33923518657684326,57.52643966674805,7.8442690406867035,3.2421875
03261,167.6288088773102,12.947154470280728,0.3524949848651886,70.61360931396484,3.8066580430583508,4.5078125
03265,237.42845001899033,15.40871344463873,0.3262760043144226,74.22087860107422,3.936392350780958,4.22265625
03268,59.534418194387676,7.715854987905597,0.4049113094806671,74.25856018066406,4.580080321009851,4.87890625
03273,72.60132198001801,8.520640937160655,0.3124181032180786,76.19710540771484,4.75129136160434,4.90625
03279,630.4536393923452,25.10883588285895,0.39942869544029236,64.8982925415039,7.166239366551358,3.869140625
03284,241.60128848543812,15.543528829884098,0.34136664867401123,73.2889404296875,6.194541020466345,4.3515625
03288,81.21476431000852,9.011923452294106,0.34088388085365295,58.878990173339844,7.880714921388859,4.31640625
03294,241.17238990042068,15.529726008543122,0.19559070467948914,62.34538269042969,6.1743652101819935,4.31640625
03297,155.08795238758685,12.453431349936725,0.4020552635192871,74.46568298339844,4.890886009799676,4.6953125
03305,67.80860019278292,8.234597755372324,0.2677004039287567,62.52666091918945,6.202014197475864,4.8203125
03316,548.8410660168374,23.427357213668756,0.352245956659317,74.40880584716797,4.618694846417577,4.97265625
03331,1375.3888725242912,37.0862356208377,0.4520379304885864,66.63008117675781,7.044266885069792,3.638671875
03341,359.93544655728357,18.971964752162165,0.3275735676288605,69.42961883544922,4.930555652457144,3.587890625
03353,50.86394665946432,7.1318964279821335,0.37020421028137207,70.14034271240234,5.146057295698046,3.630859375
03373,171.69469175485847,13.103232111004463,0.38912537693977356,74.35516357421875,3.5249915477987823,4.953125
03391,107.2354958188308,10.355457296461166,0.378244012594223,72.71602630615234,4.683373180135922,4.06640625
03399,4630.475827631429,68.04759971983897,0.29085150361061096,64.8896484375,6.086292151860136,4.50390625
03412,1190.4018265579086,34.50220031473223,0.3267761468887329,69.98825073242188,4.714267371148829,4.7578125
03449,875.4605324094646,29.588182309994384,0.2094336450099945,63.828147888183594,5.263592750066326,4.015625
03463,49.118008793917014,7.008424130567229,0.4005160331726074,71.02592468261719,5.130256780461402,3.74609375
03469,353.3224915031019,18.796874514213844,0.38943928480148315,73.54552459716797,5.590305482677775,4.97265625
03477,63.29590507965676,7.955872364464928,0.3787155747413635,73.64073944091797,4.2349907089911465,3.90625
03478,1070.1746388219085,32.713523790963094,0.376789927482605,74.65802764892578,4.47641414567138,3.3203125
03485,1421.431269815157,37.7018735584209,0.36086466908454895,70.90400695800781,4.398994538911736,4.95703125
03493,424.9179096203092,20.613537047782682,0.443966269493103,74.35746765136719,4.400651170236706,4.98046875
03502,187.52539104529723,13.6939910561274,0.31391778588294983,69.45463562011719,5.753919052835586,3.4453125
03512,203.84254108930827,14.277343628606417,0.34153205156326294,71.13440704345703,3.932645840296832,4.9453125
03513,213.6576483476857,14.617032816125361,0.2780636250972748,73.3205795288086,5.155036418267266,4.9921875
03516,354.55669991810333,18.82967604389686,0.28668317198753357,73.96058654785156,4.88818128803264,4.984375
03529,863.9659745396889,29.393298122866188,0.41780441999435425,70.4300537109375,4.9573056867797485,4.40234375
03532,517.0563694244221,22.738873530243797,0.27103814482688904,66.50907135009766,4.162245923493122,4.703125
03539,547.2600160955036,23.393589209343308,0.32878172397613525,68.76793670654297,5.051879040662412,4.36328125
03550,3447.569107259871,58.71600384273329,0.42533642053604126,72.51061248779297,6.719023180301946,4.015625
03565,153.34710323666434,12.383339744861413,0.4132116436958313,72.16986846923828,5.47242646056855,4.0859375
03567,661.5950275840326,25.721489606631117,0.3341822624206543,72.820068359375,3.962488989318711,4.875
03652,240.52827762715248,15.508974099764062,0.41831085085868835,72.6994857788086,3.89734799319333,4.96875
03655,125.55903991654945,11.205313021801285,0.39812660217285156,70.64160919189453,4.179021013036637,4.9375
03658,1622.6741293253667,40.28242953603179,0.32098016142845154,72.09597778320312,3.747055964041316,4.9921875
03669,139.14292506253918,11.795885938009878,0.39697471261024475,74.39317321777344,5.098295085782902,4.16015625
03703,104.5611400871052,10.225514172260738,0.3451547920703888,72.01425170898438,5.69047201100375,4.0390625
03705,774.0891788129136,27.822458173441714,0.26886120438575745,67.57225799560547,5.369845411613119,3.892578125
03726,525.1801020011698,22.916808285648543,0.3160249888896942,69.65945434570312,6.050392125906982,4.08984375
03744,190.63686386167433,13.807130906226476,0.30217838287353516,63.994449615478516,6.108557965097131,4.53515625
03749,1158.6651308773075,34.03917053744564,0.279241681098938,63.16927719116211,4.722297624422446,4.48828125
03753,1324.4184199029119,36.392559952590744,0.3432866036891937,71.19683074951172,4.435840986482688,4.9765625
03772,691.6751664935522,26.299717992662053,0.2822624742984772,69.25664520263672,4.867956553285833,3.771484375
03782,481.0305071322347,21.93240769118235,0.3273591101169586,65.72582244873047,4.548573929289677,3.388671875
03785,570.1947138274872,23.878750256818034,0.42101243138313293,67.92987823486328,4.2342365745345685,4.1015625
03786,226.1583570667384,15.038562333771749,0.36817941069602966,70.34703063964844,4.849042785594719,4.98046875
03820,684.8396806471648,26.16944173357859,0.3139722943305969,73.67823791503906,4.394963875206963,4.47265625
03835,718.6824749755448,26.808253859129742,0.2500556409358978,66.34127807617188,4.652884166532091,4.08203125
03846,380.8346054330692,19.514984125872846,0.40179216861724854,75.42194366455078,4.068619108900577,4.91015625
03856,678.0189119292068,26.038796284183466,0.3799748122692108,70.83602142333984,5.117489678425065,4.96484375
03859,780.3443039371266,27.934643436727924,0.3538373112678528,72.6893310546875,4.746710064983756,4.93359375
03860,126.77173372709976,11.25929543653153,0.23852820694446564,60.753021240234375,5.834651168328564,3.625
03868,776.1274361678501,27.85906380637817,0.2643377482891083,69.7553939819336,4.538614322162967,4.59375
03870,689.3954415601949,26.256340978136972,0.2999058663845062,67.838134765625,4.4403313517701966,4.8984375
03879,432.3400219857336,20.792787739640243,0.3466856777667999,64.93156433105469,5.303106466469408,4.140625
03885,279.7637269735224,16.726139033665913,0.32486626505851746,73.04197692871094,3.853245751189764,4.890625
03917,278.6800392076827,16.693712565145077,0.42596760392189026,75.6303482055664,5.144869409192787,4.9765625
03930,49.569519321259676,7.040562429327623,0.4056300222873688,72.79803466796875,5.861476384862927,3.84765625
03937,115.58089781275189,10.750855678165896,0.41648805141448975,73.01903533935547,4.526373918591885,4.81640625
03944,833.2893114076174,28.866750967291374,0.3130223751068115,77.24531555175781,4.3303462710455225,4.98046875
03948,416.71463054710796,20.413589359715942,0.3589569628238678,73.68051147460938,3.8368390794837546,4.8828125
03951,691.7951815504315,26.30199957323457,0.33739855885505676,73.03981018066406,4.280973943229515,4.94921875
03964,214.5469275365354,14.647420507943895,0.4184093773365021,76.3731460571289,4.637928568743529,4.9375
03970,1094.8280703002613,33.08818626489311,0.2751545011997223,73.33097076416016,5.377911034129976,4.9453125
03978,227.1269600039065,15.070731900073948,0.407489538192749,72.94556427001953,4.798961366446486,4.95703125
03997,660.8601999549581,25.70720132482255,0.29771187901496887,74.49554443359375,5.806297808410746,4.48046875
04006,582.6036856619791,24.137184708701614,0.3529958426952362,74.06291198730469,3.692027029395194,4.41015625
04009,146.39615421767212,12.099427846707137,0.3110145628452301,66.31816864013672,4.803461646712955,2.740234375
04015,1626.6875645091964,40.33221497152365,0.33682548999786377,65.75633239746094,6.171190895597174,3.71484375
04016,476.77155132198766,21.835099068288827,0.24354909360408783,66.02764892578125,4.623881887330989,3.94921875
04025,827.0749839633626,28.758911383488815,0.37730616331100464,67.53983306884766,5.787588077864754,4.875
04037,513.9211556862466,22.669829194024523,0.34859827160835266,66.2837905883789,3.7040925865653804,4.65234375
04054,617.5951270013682,24.851461264910927,0.40402141213417053,74.10147094726562,4.380696806641694,4.9609375
04057,470.40179621824046,21.688748147789454,0.21081261336803436,70.58770751953125,4.55808595324353,3.421875
04062,335.6612655677225,18.321060710770066,0.3108254075050354,66.87796020507812,4.973630028764185,3.994140625
04068,153.57269718467126,12.392445165691525,0.290561705827713,69.93374633789062,5.514110593575279,4.9609375
04070,921.068888665683,30.349116769120034,0.3833608031272888,75.8087158203125,5.559255730187711,4.859375
04078,547.7805078309528,23.404711231522445,0.4304944574832916,70.51725769042969,8.18882097716256,4.80859375
04090,2331.2815870895483,48.283346891962125,0.32862401008605957,70.74565124511719,5.20242614251013,3.841796875
04094,340.5304841664497,18.453468079644264,0.30188676714897156,73.8857650756836,6.425924468270436,4.203125
04101,852.3281225288034,29.19465914390513,0.38476797938346863,73.03079223632812,5.8221488556695835,4.09375
04102,1090.5402489732012,33.023328859659216,0.2872261703014374,74.73717498779297,6.298411524386209,4.921875
04116,199.70034897578756,14.131537388967542,0.34997403621673584,73.061279296875,4.163389860748987,4.78515625
04121,215.16701299693517,14.668572288976701,0.2958877682685852,72.62289428710938,5.12494458012292,4.46875
04130,3090.7196272820015,55.59424095427512,0.32998257875442505,65.57294464111328,5.481319640039671,4.68359375
04132,448.56856660901923,21.179437353457224,0.3067080080509186,67.82247161865234,7.659363024560311,4.87109375
04140,434.92122160582676,20.85476496165389,0.3582312762737274,69.50981140136719,4.686560621840275,3.814453125
04142,570.6856858974082,23.88902856747022,0.3770192563533783,73.56287384033203,4.116058441702866,4.953125
04163,101.58104220756069,10.078742094505678,0.45976778864860535,75.46621704101562,5.768648816595366,4.95703125
04175,136.34116222279363,11.676521837550498,0.37479475140571594,73.8082046508789,8.025979480772888,4.609375
04223,89.04761170501664,9.436504209982457,0.3675069510936737,72.0592269897461,3.4735871693435265,4.93359375
04224,76.8336671097812,8.765481567477122,0.4384620487689972,75.68766021728516,6.068781595218327,4.1953125
04230,883.8597216490878,29.729778365287014,0.3092714548110962,74.28885650634766,4.8891924032401155,4.86328125
04235,278.3143333598662,16.68275556854641,0.34274253249168396,74.32388305664062,5.1400040270168414,4.078125
04256,472.27355307382123,21.731855720895563,0.33557355403900146,76.07405853271484,5.910093619882795,4.47265625
04259,117.4495308760493,10.837413477211678,0.31811147928237915,70.21109771728516,2.8811952386069675,4.8828125
04260,679.9905103609931,26.0766276646539,0.2583952844142914,64.8554916381836,6.711866673366636,4.2265625
04262,523.7038326157465,22.884576304046934,0.26684287190437317,72.25385284423828,5.404729510153021,4.8984375
04267,3095.7506265814923,55.63947004224153,0.3677639365196228,71.61763000488281,5.275580120691236,2.708984375
04268,611.4350634148691,24.727213013497277,0.2806912362575531,73.38994598388672,4.1433240179719215,4.11328125
04270,453.9785252023144,21.306771815606286,0.3038373589515686,71.92647552490234,4.628408960363718,4.87109375
04272,522.5884313492624,22.860193160803835,0.23283569514751434,66.43069458007812,7.029347851156894,4.23828125
04278,37.493341298706994,6.123180652137171,0.41727277636528015,69.53314208984375,6.787355737973466,4.0625
04291,324.40838184091143,18.011340367693666,0.28529295325279236,67.43314361572266,4.692894760343692,4.69921875
04297,647.8502477417968,25.452902540610115,0.34056881070137024,68.62317657470703,5.9433344571075875,4.55859375
04302,1110.7120509659167,33.32734689359351,0.36423078179359436,65.26664733886719,6.552105645642631,4.296875
04317,362.26394453432573,19.033232634902713,0.3421142101287842,74.30278778076172,4.239686893174462,4.984375
04337,831.5207711015518,28.836101870772197,0.36331671476364136,75.97020721435547,5.526880975175501,4.7734375
04344,359.92842859191376,18.971779795051223,0.3552047908306122,74.8785171508789,3.87107284024124,4.70703125
04360,103.10733635346675,10.154178270715299,0.4287263751029968,72.32901763916016,6.0185055846053634,4.7109375
04366,1028.8879339029072,32.076283043752234,0.4383419454097748,75.22018432617188,4.837451002545064,4.96875
04368,35.10626205848497,5.9250537599658095,0.37126392126083374,73.4822998046875,4.47160944318268,4.2890625
04376,441.30762446291226,21.007323115116602,0.4004988670349121,75.02750396728516,6.361049016774914,4.859375
04380,1095.1443971421795,33.09296597680812,0.35564717650413513,69.8255615234375,5.757007232812991,3.568359375
04388,692.9942654912071,26.324784243963084,0.3130202889442444,71.83511352539062,4.953805939027954,4.97265625
04403,159.85510677032934,12.643381935634523,0.33080580830574036,71.98304748535156,4.544838524625732,4.953125
04407,339.81073557262255,18.43395604781086,0.27048277854919434,73.73851013183594,3.6213343750136575,4.609375
04420,721.3702258800998,26.858336245570012,0.4129824936389923,67.4853515625,6.096236303782589,4.3828125
04433,79.75844462865439,8.930758345664403,0.4242929518222809,75.1314468383789,5.17103695065373,4.1015625
04443,585.2297614346086,24.19152251171076,0.31945639848709106,73.63514709472656,4.4735225064943025,4.7734375
04451,2116.352528191433,46.003831668584226,0.41861915588378906,75.00003051757812,5.700015848478616,4.97265625
04453,1875.234571478782,43.30397870264096,0.2924172282218933,72.55708312988281,6.701778141459721,4.86328125
04463,2234.416705637567,47.269617151375016,0.35938358306884766,72.0041732788086,5.615075166520862,4.8828125
04497,247.89086068554099,15.744550190003554,0.3886743187904358,75.65548706054688,4.285825153024133,4.859375
04509,268.685942728033,16.391642465843166,0.4004521071910858,74.62141418457031,5.3311432140349595,4.93359375
04524,367.41043042903317,19.16795321438972,0.24937671422958374,73.06874084472656,3.697211085567549,4.84765625
04525,1628.4173266936566,40.35365320133552,0.35744383931159973,65.19165802001953,9.31518254700183,2.71875
04526,207.5078926127694,14.405134244871494,0.38557133078575134,76.1299819946289,5.208030457985484,4.98828125
04528,342.3334339186713,18.5022548333621,0.3508464992046356,75.94322204589844,4.889999058118703,4.8046875
04535,1457.247017695944,38.173904931195395,0.4326602518558502,74.70991516113281,5.495558398422349,4.9765625
04537,225.72594435421976,15.024178658223542,0.3849426507949829,75.46598815917969,5.196302383581159,4.9375
04548,162.0318367898828,12.729172667140736,0.39196231961250305,71.04780578613281,4.029813084350233,4.9453125
04568,195.00885698679102,13.964557171166977,0.43178170919418335,66.72271728515625,5.643049698255638,4.515625
04579,407.39147753334,20.18394108030788,0.337406188249588,72.90076446533203,4.91824939104298,3.865234375
04581,902.3768582363568,30.039588183534686,0.23245157301425934,65.67879486083984,3.797715023408125,3.224609375
04583,85.74712011501822,9.259974088247667,0.44110992550849915,76.57665252685547,5.434152656984991,4.9140625
04592,353.6398027135455,18.80531315116942,0.2366935759782791,63.80195999145508,6.307891855010005,4.28125
04608,487.143341354649,22.07132396016716,0.2580028176307678,67.9836196899414,5.321366367331928,4.25390625
04641,703.7460118733876,26.52821162222187,0.24369347095489502,70.50768280029297,4.134920782979005,3.9140625
04653,3012.5609421334184,54.88680116506534,0.41344398260116577,68.21519470214844,6.440348842723441,4.13671875
04659,149.4821129787781,12.226287784065043,0.3483322262763977,74.22549438476562,4.674769712622197,4.875
04675,484.16503747379045,22.003750531984096,0.2778838872909546,68.21845245361328,3.9337888573232664,4.01953125
04678,213.15027462198375,14.599666935309989,0.40748509764671326,73.42063903808594,4.837434821275543,4.96484375
04694,596.8169200140237,24.429836675958843,0.2982996106147766,70.30264282226562,4.6890975051525,4.80859375
04697,1099.97963984917,33.16594096131105,0.4349524676799774,73.9827651977539,5.176024291584092,4.9921875
04701,799.164310424681,28.269494343278957,0.3343507945537567,71.5689926147461,4.8899779459226105,4.19140625
04704,884.0451987853224,29.732897584751516,0.34045901894569397,70.85029602050781,5.0042614071774265,4.3984375
04712,305.1841262104337,17.46951991928896,0.3421347737312317,71.06358337402344,3.9697520175161114,4.9609375
04719,140.88753641756688,11.869605571271814,0.2931295335292816,73.92289733886719,3.6243160639451273,4.9375
04720,1634.5931117596656,40.43010155514905,0.2850565016269684,72.77275848388672,4.09295270912817,4.37109375
04756,208.53903180558552,14.440880575836971,0.27704858779907227,70.23351287841797,5.1729469046930925,4.7265625
04765,154.79244280306114,12.441561107958323,0.34025079011917114,75.00318145751953,4.244534131855165,4.96484375
04774,1018.2912752903331,31.91067650944325,0.2809927463531494,65.9239501953125,5.451495205771067,4.3203125
04775,118.16495429262615,10.870370476328125,0.24399586021900177,76.20926666259766,4.041723574608226,4.984375
04780,245.21185863360756,15.659241955906026,0.3673211336135864,71.84159088134766,4.664223843864908,4.98046875
04783,151.80176984662336,12.320786088826612,0.46400460600852966,71.13313293457031,4.158263287747369,4.95703125
04795,97.32508916093164,9.865347898626366,0.281843364238739,74.11402130126953,4.509251183946442,4.98828125
04830,392.78990937093096,19.81892805806941,0.4407494068145752,68.43206024169922,12.156513632009736,4.1171875
04839,922.2590412341697,30.36871813617048,0.4271584749221802,73.2251968383789,6.484498298299547,4.203125
04856,1847.2651692094387,42.979822815007495,0.3630228638648987,71.10873413085938,6.0190123039410155,4.17578125
04864,2320.328637323555,48.16978967489432,0.31354692578315735,71.86036682128906,4.513353088159562,4.62890625
04870,640.4507406629876,25.307128257923452,0.3816777765750885,74.1241683959961,5.870965626644277,4.74609375
04873,2302.20286935378,47.98127623723425,0.3759583532810211,74.01067352294922,3.8285277111193476,4.3671875
04878,1039.8636841953276,32.246917437102844,0.3874266445636749,74.36848449707031,4.525724417957322,4.47265625
04890,547.966201250943,23.408677904805792,0.38470110297203064,73.84854888916016,4.184970473222761,4.96484375
04897,477.9532243923684,21.862141349656678,0.4376934766769409,75.93497467041016,4.298531397729447,4.984375
04911,81.48657961694079,9.026991725760071,0.37237483263015747,67.29586029052734,5.084241816228398,3.869140625
04916,216.2998345480073,14.707135497710196,0.338544100522995,74.5186767578125,4.36303645868877,4.15625
04953,224.76019519170322,14.992004375389676,0.3473990857601166,75.78795623779297,5.612661119559044,4.9765625
04958,209.33842567206523,14.468532257007455,0.3441872298717499,72.588623046875,5.343448607574833,4.54296875
04960,633.866265084245,25.17670083796217,0.4357013702392578,76.09276580810547,4.988344901759687,4.984375
04969,841.6851357459444,29.01181028040037,0.39424026012420654,69.82099914550781,5.840654292331168,4.36328125
04972,350.2445932424973,18.714822821563054,0.3534344434738159,73.0427474975586,4.684934089097402,4.62109375
04976,193.80335877275624,13.92132747882745,0.3043239116668701,74.00236511230469,4.253619541135791,4.90625
04994,397.86129906087825,19.946460815414806,0.3368654251098633,69.18851470947266,5.8083303985404475,4.41796875
